コード,銘柄名,2026/08/04,2026/08/03,2026/07/31,2026/07/30,2026/07/29,2026/07/28,2026/07/27,2026/07/26,2026/07/23,2026/07/22,2026/07/21,2026/07/17,2026/07/15,2026/07/14,2026/07/13,2026/07/10,2026/07/09,2026/07/08,2026/07/07,2026/07/06,2026/07/03,2026/07/02,2026/07/01,2026/06/30,2026/06/29,2026/06/26,2026/06/25,2026/06/24,2026/06/23,2026/06/22,2026/06/19,2026/06/18,2026/06/17,2026/06/16,2026/06/15,2026/06/12,2026/06/11,2026/06/10,2026/06/08,2026/06/05,2026/06/04,2026/06/03,2026/06/02,2026/05/29,2026/05/28,2026/05/27,2026/05/25,2026/05/22,2026/05/21,2026/05/20,2026/05/19,2026/05/18,2026/05/15,2026/05/14,2026/05/13,2026/05/12,2026/05/11,2026/05/08,2026/05/07,2026/05/01,2026/04/30,2026/04/28,2026/04/27,2026/04/24,2026/04/23,2026/04/22,2026/04/21,2026/04/20,2026/04/17,2026/04/16,2026/04/15,2026/04/14,2026/04/13,2026/04/10
TOPX,TOPIX,289346,313793,351757,333124,392002,290219,258320,223948,224358,213760,265763,311322,247594,273879,231632,257413,231271,272267,283069,239328,257931,273146,259489,264711,299540,270124,265728,269575,284296,237206,339753,255563,234920,248987,298924,262899,275419,286208,242344,254015,280706,297219,483567,281296,267824,268512,260652,270037,295563,292537,293326,341267,335971,,,,,,,,,,,,,,,,,,,,,
5706,三井金属,1064200,976100,2125900,1614000,1456900,1116400,944100,722900,792100,1665600,1096100,1534300,940800,1385700,779800,1292200,1421900,1701100,1199300,843200,2185000,1595100,1573700,1211500,2242000,1324100,1154800,1646900,2327400,1789600,2142500,1972400,1716800,2735900,2434000,3868100,1698900,1978700,1514600,1702400,1783000,2308800,2287800,5244100,2149400,1891300,1847400,1964800,1979200,1759900,2104800,2872900,2997400,6185500,3317800,2098100,2551400,2582600,2151900,1669300,2464100,2386800,2156100,1570700,1560100,1696700,1472900,1023500,1262900,2234300,2707000,1787000,2012700,2418600
5423,東京製鐵,335100,486200,421800,399300,409900,528400,280800,308700,311300,478000,751300,1407800,304700,391800,272200,279100,194900,269100,318500,256200,232100,268500,303000,218300,204700,220300,283100,218400,277200,238800,394300,229800,385700,266000,246900,538200,289100,225000,430800,190600,271900,340800,323000,496800,290400,390000,325400,269500,349400,311700,394200,489200,729700,1307500,510200,393600,502600,670800,503300,442900,509400,573900,1287300,1953600,576200,561600,568300,557900,489200,572900,368500,333100,596600,456100
5713,住友鉱山,2408800,3132800,5112600,2781900,3262500,2329600,2906500,2824800,3238300,3587800,3275000,4694300,2084200,2981100,1612700,2142600,3272700,3272500,2793700,2240200,3730000,2866400,1962000,2680500,2630900,2936400,3459500,3127800,3010000,2386800,3982200,2589500,2551700,2641400,3071400,4556800,3142400,3560800,3843300,2594500,2081000,2542500,2932000,4027100,4084200,2595000,2050500,2228600,2640900,3138100,2982700,3759600,4067900,3379600,3612200,4429700,8245000,3684000,3693100,1976400,3637600,3034900,2689000,2050300,2954900,2835900,1576200,1726400,3352800,2892200,5526000,2866300,3247400,3333200
5711,三菱マテリアル,941100,1167500,1626200,1074300,1515100,1079100,847900,917200,725000,2156200,1249500,1757500,1544800,2835700,1402600,2463200,3782200,891300,1037900,984400,1089600,917500,1160400,1064900,1549600,1119600,1275000,766300,1147400,1290700,956200,675400,659400,906800,968800,1201900,885100,951900,1382600,745200,871200,1127900,968200,1620700,1032600,1015000,858000,1242700,1055000,1708500,1473300,1722400,1744000,3907200,2487800,1799900,1709900,1250200,1200800,701600,1003800,958100,838200,642800,935400,879300,602500,649000,1068700,943200,1522000,1418200,959100,1051000
5714,ＤＯＷＡホールディングス,322100,452100,641000,414100,714300,544300,480800,431900,429900,540400,564300,540300,361600,446700,358400,427400,456500,454300,520700,317300,473600,429400,499800,472900,546000,387500,422300,484500,495400,275000,388500,297300,365500,371200,404700,515700,552800,420500,757100,451500,511300,333400,453000,585200,568800,517800,456800,462700,394900,477900,542400,550400,1539600,618700,411000,453500,672000,592300,522000,234200,356500,434400,465500,331300,279900,294700,348200,339600,348900,349700,407600,386100,296200,295900
6701,日本電気,7141800,6344100,11240600,18437800,11279600,6861500,5765000,3270800,5850900,4401600,4606000,9935600,7197200,8095500,3383800,5387700,4375000,6806200,8349200,6678800,7247900,9290900,4165700,6823100,11450500,6287300,6305300,10311500,7814500,6333600,13183200,7205000,5022300,6248800,9073400,9142000,5710100,6012200,6718600,5135700,6944800,7730700,9485400,16563200,5581400,8303000,6498500,4948800,5967600,7263800,9282600,6347700,8545500,7773700,7433400,4828200,8014100,10515600,10880800,11361500,21434400,12322800,13579200,20656900,8635400,7058500,8708100,4965000,7056900,9060800,12938300,10135100,7574000,10911300
1605,ＩＮＰＥＸ,3085500,4281000,3219500,3741500,4149600,4170000,6330600,6774300,4803200,4007500,5933000,3813400,4976000,6930300,3123300,4012600,5051800,6251700,4370300,2810900,3551900,4501300,3772600,4977600,5371500,5818800,6161500,4381600,3912400,3710300,6833200,5375100,7587200,6864700,7143700,5425200,5556700,4697200,4637600,3111500,3446600,4739100,7383900,12569800,6084900,4290700,6971200,4170500,5198800,6209900,5379500,5790500,6169800,7215000,6330200,4919900,5603100,7428100,12599300,4706100,9521700,5972600,7017200,9212900,11234600,7335600,7801500,9948100,8819000,8358100,11571700,8566200,9931200,8140300
5703,日本軽金属ＨＤ,709200,1122900,623800,346600,449400,368500,344800,313100,261200,283900,282500,373000,266200,361200,267400,493000,347000,396700,321700,228800,247700,285900,402900,420500,352500,341100,328600,279000,254900,189600,297500,386400,315700,263200,268200,286000,406300,273400,309300,319100,226700,269500,278200,372100,352000,279800,388000,243300,342400,301100,366100,476200,824000,551900,310800,235900,269300,327600,352700,279100,210900,167000,197500,162700,232800,151800,178300,158200,180700,144800,194200,190900,172700,229600
8002,丸紅,9422500,11847400,4669900,3551300,6707000,4616700,4210700,3407200,4058400,3747800,4567600,5592300,4239300,2631500,2955600,3599000,2676300,4602400,6195100,6131300,6310500,4952800,3446100,3696200,3798800,5292500,5115700,4766500,4376300,2346800,4858000,3362100,3994600,3653000,4310700,5513700,3907200,4912100,4973100,3343800,3271700,4772000,5020200,10715100,4813500,4638300,3987700,4239600,4102500,5603600,4049800,3827200,5929200,5671100,4925800,5564100,5517900,8414100,19526800,15975800,4607700,3970900,3064200,2982300,3732700,3702700,2998900,2787800,4098700,4164500,4862900,3869300,3193900,4566600
5021,コスモエネルギーＨＬＤＧＳ,411800,608500,947100,522300,470100,489300,560500,391400,431900,576900,785800,989600,630700,744500,716300,520100,551900,792000,519200,435600,338000,542500,744400,844100,1143000,608200,726400,577300,431200,611700,1282800,809800,524700,752800,893500,1040300,537500,684000,523400,486500,728600,727800,666600,1097100,555800,490100,522000,473200,412100,543000,547900,757400,655100,939500,1405500,682300,751700,813100,1077300,445500,841200,720800,646500,693900,1073800,691100,462300,489800,446400,457900,427700,488500,445500,548300
8058,三菱商事,8779000,17245000,9120900,7187300,8119300,7208100,6760100,7225200,7903600,12371100,9956500,8314500,7472100,5998100,6197500,7058000,7110300,9729300,11064300,6155200,7471500,8436000,7890100,8781200,11880600,9415700,10521500,7881300,9070000,6645200,18848500,7457000,7426100,7796200,8624000,11085600,6907100,10613300,9103700,6647000,6381700,6640600,10546100,23956500,40475700,10092200,8281500,7695500,7353700,7464700,7798600,8787900,9795100,9361000,16943100,12392700,9987800,13304600,22555700,46978900,16646400,8775500,10204500,10913900,10952800,9339900,7277300,8032000,8716300,9443600,13794100,8428000,9023000,9609500
5333,ＮＧＫ,1734300,2430100,3301400,2918900,2705900,2037300,1817900,1013100,1226300,1545500,2014000,2453700,1212200,1815100,1732600,1845700,1711500,2109900,1822500,1504800,1842400,1818600,1482200,1817600,1990100,2936700,2211800,1690700,2054100,1737600,3532200,2138400,1474400,1678900,1780700,1789800,1795000,1838700,2589900,2408700,1489200,1646400,2521200,2446600,1858200,1770600,1356400,1421600,1334400,1787300,1654500,1248600,2140600,1649100,1776800,1621100,1998100,2118200,2855100,2150700,4866100,1203200,1435800,885800,1318400,714900,723700,716500,739000,1166900,1087600,652200,815200,1151700
1662,石油資源開発,1002800,1404600,1333500,1369900,1226400,1126000,1946200,,1163800,1334700,1083200,1217100,1425100,2214300,1262600,1271600,1596100,1553200,1667800,1180400,1006200,1012700,1805000,1004800,1069800,1411100,1540700,1256300,838900,905000,1705400,1400300,1154600,1305200,1666500,1517300,1719700,1743500,1707000,1577700,1874500,2445000,1812600,1828000,2101700,1838300,1692100,1483500,2359600,2506600,1282700,1948000,2191500,2657500,5240000,1668200,2013700,1993000,3022900,1114100,1939100,1682900,1397500,2479600,4870100,3549200,3568200,5294900,2743800,1638200,1919600,2468500,3066100,2021600
8411,みずほフィナンシャルＧ,7714600,10847200,13976600,11805100,12779000,11809100,9501000,9693400,12807600,11822600,9797400,14432200,10893000,8874200,7327600,7342800,6615200,7916300,11405900,6572200,6936500,9670300,5951800,7867000,10747300,7865800,6244600,7033300,8956900,6803400,14725900,11516700,12922600,9797300,11061200,13140500,11181800,12418200,9646600,10044100,11569200,12383200,10005100,16581900,14467400,10262300,11943500,12090500,16998300,15514300,13730800,21432700,10413100,8531800,7008000,8952100,9143400,10189400,11688900,7112700,10641200,13923800,9071000,6579700,7429300,7751100,7503700,6356700,9186000,9620500,10748300,7541600,6715800,6848600
5541,大平洋金属,269300,179900,236700,200000,334400,422800,208600,,118800,168100,210500,231900,120200,162000,178400,166700,138100,215700,233900,221700,174600,247700,227200,146300,183500,138400,194700,182500,232300,149000,141800,186000,138100,248700,335000,308200,285100,280500,427600,326000,194800,323900,245700,241600,296900,298400,406700,463600,367100,453400,551500,485100,369300,485300,677400,719600,292300,252100,427200,451300,603100,692900,424300,242800,364900,281400,266800,431200,538200,331600,383000,402700,341500,427400
5332,ＴＯＴＯ,1924300,3460300,2258900,1200600,1649700,1401100,1097100,,863500,1130300,1104400,1479300,1272000,1264100,1115900,1018200,1004700,1352900,1029300,804200,1032500,1385200,1623500,1159700,1166000,1456800,1581200,1864200,2135500,3085400,1028200,1079700,1293200,1278600,1996200,1679300,1658800,1143000,2109800,1685500,3165600,2695800,1561900,1879700,1239600,1821000,986300,1151600,918300,1278500,1038100,921200,1517200,1886400,795100,1763500,1926500,2574300,4349000,3169300,1425200,683400,914800,1000500,1002600,990300,818600,418700,807100,2224500,1232200,2693100,6886600,918400
8725,ＭＳ＆ＡＤ,4260100,4692000,4614100,4658600,5364200,4544500,4742600,4857900,4195200,5351800,7151600,4616300,3969800,3352200,2859100,4374500,4504100,4542700,5176400,5245600,5164700,6095600,6011100,5413800,7673400,6194800,7937600,5076400,3862000,2452700,5609000,4416600,3959300,3133600,3446400,5475200,3444800,4882400,4078900,2749500,3729600,4192300,4316300,21947600,4163600,4362800,3443400,4505700,6554700,5183200,5100200,3963700,3998500,3569100,4277700,6882200,3290300,4823000,4535200,2605900,4050400,2895400,2940800,2257500,3230500,2525600,2710200,2132400,2839800,2705400,3169100,2703800,2951100,2916700
8795,Ｔ＆Ｄホールディングス,1222000,1262000,1677500,1362000,2027300,1647400,1134600,,928400,1294000,1616500,1693200,1086700,1204700,1077500,1050800,1359200,1819500,2973000,1887700,1682700,1814200,2324300,2402900,3843500,1611800,1985300,2951300,1652500,1584300,2101900,1752800,2140500,2237600,2172900,2429300,1909300,3640400,2067100,3356300,2187000,2422000,2299000,6363200,1641500,1694500,1880900,2480400,2184200,1907700,2646700,1908800,2306000,1399500,1303000,1675300,1454700,1796600,2571300,1250400,2027600,2276000,1688900,1701400,2772300,2000800,1822300,1642300,1879600,1551000,1532900,1758700,1271400,1293000
5019,出光興産,2757300,3348400,3884800,2876400,3923000,3468500,3559900,4190100,3147300,3542300,4311600,3461200,3514400,3089700,3061500,3528500,3617500,3527500,3805100,2549500,3590400,3373700,3475400,5390200,6808700,3458300,4715400,3508600,4558800,3371900,10404900,4125300,4040400,3618200,3327700,5523600,3531900,3746500,4287600,3641300,3359600,5315700,5527800,11955600,8683900,4124300,3597500,4180400,3702000,4665700,4699300,5863400,6853600,6963600,8769600,4718800,3701300,5627400,6407600,4688500,8432600,3745900,3600600,4462900,5735900,4936300,4973500,4176900,3527000,3094200,4061100,3772800,2946500,4074200
8591,オリックス,2954200,3641200,3900700,4361000,4434700,4200700,2955900,2486900,2738100,3138200,3598900,4639700,2436800,2358600,2391800,2832000,2652900,3304800,3389200,1702900,2361500,3281100,2784200,3502200,2698000,2677700,3437100,3424300,3533600,3306600,6392700,4239900,3297700,3277700,3380200,4689200,3440000,3177200,4282200,4106200,3631000,4230200,3439000,11231300,4034600,4177600,2862600,2962300,5566600,5382800,3428300,3498200,3566600,3688600,4551800,9097900,5492700,3962300,5074900,2638400,5308400,10949800,2361900,2283400,2706600,2370200,2138000,2533100,3148300,2494000,3474800,4153800,2604900,3085700
3436,ＳＵＭＣＯ,2954200,3641200,3900700,4361000,4434700,4200700,2955900,17366400,2738100,3138200,3598900,4639700,2436800,2358600,2391800,2832000,2652900,3304800,3389200,1702900,2361500,3281100,2784200,3502200,2698000,2677700,3437100,3424300,3533600,3306600,6392700,4239900,3297700,3277700,3380200,4689200,3440000,3177200,4282200,4106200,3631000,4230200,3439000,11231300,4034600,4177600,2862600,2962300,5566600,5382800,3428300,3498200,3566600,3688600,4551800,9097900,5492700,3962300,5074900,2638400,5308400,10949800,2361900,2283400,2706600,2370200,2138000,2533100,3148300,2494000,3474800,4153800,2604900,3085700
5020,ＥＮＥＯＳホールディングス,5198300,7301000,9821800,7203900,7072300,7393700,5950400,8033300,6950000,7386500,8556300,8254100,6894900,5010500,4477900,5866900,6169200,6832800,6384900,5844800,4827900,6904700,7240600,8630400,8192500,6329700,8691900,7298200,7973600,5697400,20621100,10530000,6788300,8109600,7632000,10122700,7540000,10371000,9352700,7151700,6795500,9637100,8600200,16776800,7804300,5327700,7709800,7813700,7634400,8484900,9436800,9521800,12202500,20291300,8703600,11062800,6914000,9943600,11850400,7852500,13650300,7276900,5581800,5771200,7812700,6805400,7127700,7077200,9142200,8629400,8113700,7867700,6821700,10342900
6254,野村マイクロ・サイエンス,942600,997300,1493400,807700,1005700,1172100,728000,661700,745500,884400,748000,1288100,801100,808200,616300,826100,594600,921600,1080200,817400,1097300,1307500,916200,1063900,1938700,748900,682100,933000,1072200,1401700,946400,1177000,1015700,649800,1420100,981300,694400,597700,895700,520600,672900,1053800,867000,680800,763400,1079800,819500,1324800,753700,743700,919900,1628000,3298800,853200,1135600,963800,1073500,1346700,1466100,364000,385300,417000,564800,447300,686500,732600,939200,831300,540100,735200,671800,1029900,606200,975200
3863,日本製紙,630200,1627900,985800,1677800,1749000,728600,785100,1090800,1079700,1024600,714200,946500,614000,359700,698300,726200,593200,551100,660900,458500,659100,849200,856900,1923600,632200,714500,924900,668300,806500,702800,1421200,1064600,606200,732100,674400,872700,652800,980600,1824900,1528600,1617800,2471900,1396200,2523400,1788300,2122300,582000,676300,799900,1236600,1086600,1487600,1738300,912500,2236200,1048000,1359100,1211900,1761900,1512800,1657300,1133000,1885400,979200,2324300,1412000,1410400,1414000,1241200,1287200,2021400,695300,603700,760300
8601,大和証券Ｇ本社,6053400,7156300,7658600,5507400,6916000,4527900,3250300,3000100,3316700,4567500,4293200,5969800,6357900,4224200,3512600,4541100,5076500,5192200,6051900,3826400,4158900,5103100,5349700,5457100,10541400,3528400,3374800,4567200,4314500,3805800,6389300,4353300,4357200,4022300,5528200,5437300,3030000,4167700,4322400,4149000,3463400,3870400,3797700,8997000,4196500,5081300,3631600,4164800,3890200,4533600,3479900,3496800,4189800,4109400,3881500,4032100,4199000,7216100,9013600,5777300,8593100,12085100,6612300,4046500,4241200,3293200,3396500,3208200,3596600,4904000,3977300,3826600,2354100,3499500
5233,太平洋セメント,605600,559600,775700,601300,809900,453100,648000,572900,579900,833400,1078100,646000,386000,416400,563400,436400,487200,379300,561100,567900,446200,460700,730800,898500,814700,543000,620200,536400,558200,735500,700900,705900,606300,503700,1122000,909000,728500,779900,610100,456500,408700,453900,583600,1436900,865000,563600,533400,585000,574900,660200,623400,914900,1020100,1157600,2078500,2207100,766600,588200,764800,404700,633900,500100,639300,455200,627400,336900,343900,548800,410400,502700,569200,401800,431900,671000
8308,りそなホールディングス,10969500,16504700,12573100,20453200,13055900,12507100,9342600,9381700,10263800,7836200,9832900,9857100,8911000,7226100,7426900,7334900,10020500,9889300,13396200,6617300,8456200,10956300,7527200,6570900,7327500,6949600,8404300,7015000,9423000,7169400,14315100,12098800,10336500,11756200,9965300,11972000,14673600,11797200,9733400,8793900,10316900,7162100,8197400,9765600,8129700,9183700,6534900,7337300,11942000,12149200,8930900,8484200,10223500,8320400,10331200,9667900,9074400,9329900,12362900,5900900,12810700,16843800,5059300,7046400,18447300,8762100,6738400,10064200,15280900,8546700,10257900,6005200,4377100,7105700
5938,ＬＩＸＩＬ,2656800,4137600,6437700,2101700,3262900,1748300,2583800,1668600,1403300,2233200,1524200,1601600,1545400,1801500,1195000,1954000,1945400,2765900,2424600,1843100,2903800,2368600,1685800,2362300,2481300,2502900,3344500,2102500,1393200,1520600,2075500,1652000,1721200,1328400,1653200,2242600,1681600,2358400,2417400,1383200,1465300,1888000,2042200,2790900,1810900,1659800,1394200,1022700,1297000,2376800,1383200,1636800,1694000,1620100,1285300,1666400,2120800,2687500,3711700,3850200,5742500,1792400,1477000,1173700,4119200,1646600,1471100,1838100,2059200,2624400,1958200,3155000,4855500,1458300
8570,イオンフィナンシャルサービス,489200,607300,664800,439300,511000,343600,381600,377800,269800,471100,529300,486400,512300,390300,561300,1263000,921200,685900,395500,315600,497000,560900,719200,366300,351200,396400,369000,436800,416100,578900,947400,524100,338900,326000,367500,595600,448600,787900,552000,589600,577500,523100,539600,785000,689200,517300,568400,474000,609400,731900,865400,714400,744700,571700,503200,435100,600700,1122500,837400,539300,749300,465500,471100,508100,575900,816800,574800,460700,553600,583700,521200,733000,1286200,1275000
5406,神戸製鋼所,1710700,2175300,2486300,2329900,3488400,2491500,2335700,1569300,1632700,1801000,2071700,2209000,1543200,3107300,2132400,1814200,1680300,1773000,1963800,2172100,1797200,3717200,1622100,1857400,3330000,1587200,1181200,1369000,1882500,1377000,2797700,1646200,1310000,1124000,2501500,2761200,1777900,1619400,2268500,1724300,1785000,1379700,1761500,2512100,1853000,2515400,1639900,1886300,1894000,2091100,2464500,2079800,1834800,2061400,2340700,3805000,9319400,3010900,4574800,2241100,3457100,1905900,1833800,1590600,2007300,1732700,1367300,1582300,1626400,1222600,1654400,1364900,1455100,1344600
8593,三菱ＨＣキャピタル,4216500,6409500,6968600,4587300,7645500,3562100,4148000,3189500,3086100,4159900,4888900,5151200,3392200,4764000,3054700,3446600,3725600,4145400,3736000,3748100,4308600,4069700,3984700,3560600,4385300,3474800,3068800,3805300,6159800,3865000,4213100,5279700,3327500,4749600,4458000,5116300,5220600,5799200,7062800,5135100,5191100,5407100,7450800,9865400,4673600,6031000,6336100,6875400,5670200,6771200,7851100,16020200,4716600,3255300,3582500,3990700,2973000,3753900,5815300,3110200,3725000,3212200,3319400,2614200,3759500,2728700,3886000,3404200,2123000,3934300,3088100,2722900,2247400,3247800
8604,野村ホールディングス,9147400,12762100,21164100,20006600,13171500,9565300,9076500,9472200,9924300,9271000,11177700,15093000,14545600,7219400,8545500,8748900,9318900,11322700,17154400,7782800,7889300,8388500,10436300,9562400,9621900,10827500,9474400,11416600,8901400,8371300,12442600,12710100,14384100,7963300,10446400,9797400,7003100,8660800,12836900,11799500,8917400,13692100,11946000,29233700,11733700,8483800,8148600,8912800,9575300,8852000,7838300,6858500,7345900,10564100,9756900,10219100,9077100,13871000,22906700,11373000,17254600,23120300,21603700,8661500,9157800,7073400,6874500,6905300,10668900,15801200,15002200,10036000,8041800,10624500
3861,王子ホールディングス,4281600,4591200,7998400,3777900,5007100,3117300,3711600,3132100,3706300,3034400,3472500,3567400,3102100,2698600,2471000,2565900,2779900,2568700,3978600,2789400,4214500,3648100,2893500,5662800,12804100,4279000,3103100,3912800,3506400,3210200,11473100,3285700,3088900,3324800,4182000,3915300,3235000,5631600,3445300,3980500,2974900,3552900,4386700,5235200,4485400,4917500,4363400,5529200,5327100,5082400,6241200,7101000,9304700,5319700,3422600,3739000,3546700,4290700,5218600,3194600,4309500,3851900,3970300,3016400,5059400,2990500,3921200,4718400,4314900,4812500,3932300,3473200,4305100,4326500
5947,リンナイ,388200,297300,425100,399700,519300,360900,380000,302800,305900,307300,274100,350000,335000,214100,226800,270400,292800,373100,362500,193400,190500,242200,273600,303600,443100,320000,262900,399100,375900,463500,867600,506400,423300,528600,415600,551600,229900,385400,463400,498600,467400,389200,410200,462500,353700,484700,363800,375300,337100,444600,677500,522000,624200,603300,955200,1975200,426800,499300,673900,277900,333600,417900,288300,266200,338100,440700,329800,259200,482200,630800,411800,530300,260200,234000
8750,第一ライフグループ,7510700,9330200,9008700,11409000,12566600,13645000,13893300,,12536900,10968100,11598800,13386100,8809800,10701600,8565700,8649400,6665200,7633100,9225000,7354200,8334300,10389700,9619900,12767300,21184300,8833800,12949100,15768300,8299800,6096100,9190700,10134300,7912400,7976800,9102900,13913200,11898400,11528200,8437200,7078800,7555700,6635000,8481000,15798700,8358500,6468500,6876300,7082000,8171500,9910000,12716700,12818600,19665600,5398100,5699100,7143700,5386700,7859000,10883000,5876800,10343800,16390000,7455500,5906500,10780500,6118500,6099000,6089900,8475400,6269400,6671200,6928700,5783700,6342300
3402,東レ,4424400,4348400,4680300,4124700,5221800,4253200,3398200,2547600,3072400,2963600,2842200,3667700,3338000,5094800,4490600,5743900,3801300,3603900,8986800,4604700,4144500,3827300,5982600,4720200,4211800,3964800,2996600,4068800,3487400,2476900,6838400,3498500,2949300,3937500,5296100,4808200,4144200,4143700,4746100,4232400,3980900,4798200,5880000,14393000,4435400,4856800,5208000,3723800,3639000,4727600,5977400,6357200,5128200,7980600,15095100,3594000,3779400,4860500,7519900,4965500,5290100,3625800,3880400,3206100,3777000,4119200,3464100,4620200,4211700,5388300,5035600,5488700,4466300,3875300
8306,三菱ＵＦＪフィナンシャルＧ,49373000,53159300,50098300,46700500,47015600,58207600,46560000,43056500,58063100,40200900,48029100,59061500,51178000,53200600,43079600,35147200,26333100,35858100,53306500,25810800,24679200,34768500,21862400,28320000,30642500,27483000,26463100,28539300,31972100,26077100,53414800,49472400,42080800,38818500,56006100,54083500,43885600,60312600,43619100,42730200,57793900,46784900,37371200,69856600,41665800,34986500,32348200,40421700,52123700,51809100,55685600,66978500,47220900,34334700,34802100,28562100,29713600,37166700,53805900,28643100,39443000,45635600,29320200,22067000,35144800,38846200,30217100,24113800,40793100,42419100,48273800,38689000,30503200,33552100
5401,日本製鉄,39849600,44246400,46837400,53982100,91249500,89226600,50639100,,43422300,38651100,43134100,42824000,31939800,33837800,26236400,25181800,19003000,23729000,27470900,25485200,25990400,35748000,29551100,38459000,33114700,24184200,23683100,23841500,25552800,24865600,24951000,22412800,23078200,21855000,37239700,35530200,30230800,23320500,36773100,21297800,25638500,27280200,46353800,50632500,26020600,26864800,29250200,21985700,28759200,40808400,32513200,32786700,37792300,54796900,34062700,36770900,47352200,36330900,39379900,24588800,27367000,26538800,29570100,28096800,24893900,18514900,17409500,19779100,18544700,18976400,20939500,18859800,15154700,20245900
8572,アコム,1392300,2016300,1833000,1870600,1802200,1466500,2064700,1691900,1193500,1205600,1076000,1362200,757400,850100,890800,1210100,965900,1058700,1558400,1946500,1507300,1661800,1336200,1415000,1723600,1295200,914500,1880100,1292100,1287900,1781700,1683300,1330300,1491100,1565900,1186300,835200,1105600,2252300,1495600,1724500,1447800,2024500,1402000,1320700,1889200,1586100,1422300,1757500,1740200,2037500,1827300,1806000,2576200,6227100,1774200,1384600,1482500,1491100,1117500,1145500,1695400,1617200,1460200,1951600,2414100,4591900,1529700,1450000,1765000,1772800,1407600,807800,1228800
3941,レンゴー,1072400,867300,1006500,1013600,1665400,1726800,1211100,1022700,914000,874300,1076800,1096400,832600,856900,857000,706200,1173100,1015400,666100,778900,759000,781600,592100,1041000,938000,965700,599900,557000,909000,876600,1439300,1005100,825300,560900,863300,874300,825900,928400,987800,752200,821900,661000,857500,1467400,1084500,929300,774200,816000,903100,1237500,1505900,1676300,2035700,4157000,1058000,1147100,1402800,1278800,1757400,1092200,1710300,1291800,2566600,558300,732300,699000,1085200,891600,626200,582100,558300,551500,425600,604700
5929,三和ホールディングス,749300,1057900,2208600,697100,844400,662000,490200,,392400,489400,668600,725700,370700,371600,647000,531800,437600,545400,661200,346300,531100,404400,839300,531100,839000,598800,605600,776700,521700,556800,900600,929800,424400,555700,602900,703100,687000,860200,1242200,1423300,886200,872800,1247900,1600300,1016800,1130500,649100,561900,681800,1088900,696100,777600,874500,1190400,1002900,1023800,819800,706100,978400,622300,801700,480400,252800,330000,457000,410700,577000,632900,732800,870600,426600,491000,494100,567400
8316,三井住友フィナンシャルＧ,11936400,21080600,15724400,15888200,16584800,14821600,11641800,9570300,13222700,13171600,13806900,17726200,14262800,11804700,12981600,10340500,8263500,12344000,15527100,10412500,9409100,11873800,8768500,9707100,10881500,11097300,10470900,11902900,11863400,12138700,20049100,14838400,12405700,13563400,18028200,23960700,16707100,21813600,15126700,14349800,13395700,15691600,12902800,17617000,15094100,13219300,13205000,12376300,18212600,18145400,21178400,14734800,15463800,18642900,12087700,12206700,12531400,12481400,17149500,8711900,15242200,15541200,9422700,7882600,12947200,9352200,9134200,7598100,11391100,11580100,12554000,10812000,9107100,9342000
5449,大阪製鐵,62100,86100,126000,71300,59000,36200,45800,23400,18100,18000,35300,19100,19000,19100,36100,29600,22900,28500,35100,38900,40500,35900,25800,58900,87900,26600,19900,28700,29000,19200,43200,99200,91100,35700,72700,35400,48800,30600,86400,58600,82500,115900,66300,385300,33300,54200,53200,73500,30000,34200,70200,58800,34100,69700,138600,57300,42300,79900,65300,74600,58900,103000,53500,41200,51700,49600,57500,72600,47800,47800,40300,53500,99000,82200
8766,東京海上ＨＤ,4054100,5208300,4956200,5200000,6163100,4666200,4704600,4747500,4456900,5007000,5639100,4881300,4179300,3684600,3871800,6868900,5696500,6850400,5357400,4990200,4994400,8398100,5270800,4805700,8025000,6194700,7192100,7721000,5801000,3390300,8663500,4485700,4299600,4487400,5530200,7968200,6270700,5719700,8411600,5687500,5719800,4571900,5323900,10833400,6330700,5245100,5595400,7819300,11696800,7978900,7192800,5383800,7584600,3937400,5780900,5391600,5271300,6464400,8016100,3972600,5962600,6157300,4891400,5287100,6495500,5334100,6031100,7277100,7249700,5576800,6326300,5402100,4832700,6839400
5201,ＡＧＣ,5294100,2239900,1569600,2888800,1589500,1573300,997000,911000,904200,1157800,1132800,1310900,862500,1919900,1094500,1272200,1210900,1423100,1589700,986300,954300,979000,969700,1257900,2016000,1083200,951400,1191200,1528800,1225900,1530700,1822000,1363900,1508000,1401300,1525000,1356100,1716600,2738200,2499400,2514500,4727500,6108200,2647100,1498500,1695500,1772800,2117200,1567000,2177100,2186700,1471300,1385200,1372100,2017500,8329200,1080000,1626700,2084600,857400,1401900,971900,621100,777200,1002700,757800,846900,601400,1032200,1344200,1062700,1166700,1341100,1053000
8630,ＳＯＭＰＯホールディングス,2585500,3274200,3011300,2797000,2936500,2053700,1986400,2304800,2463400,3027900,3122000,3770500,2336700,2318100,2615800,3138600,2338500,2542000,3323200,1735800,2511100,2470600,2520700,2687300,2647500,2058300,2945400,3176200,2755800,1629300,2403400,2359700,1584400,1636300,2104600,2988000,3041900,2671600,3622000,2221700,2905900,2946900,3262800,10049500,2832400,4562100,4181600,5931000,10013600,3556800,3707800,2206900,2241700,2712200,2480500,1923700,1806200,2815000,3500500,1581400,3008100,2563900,2237200,1999000,2974900,1832200,1752400,1671700,1656900,2046800,1735200,1639900,2202300,2063200
5901,東洋製罐グループＨＤ,201300,173800,351800,211900,274100,210500,190700,265300,229600,193800,286400,278600,150900,176600,198400,193900,201200,165200,224900,164500,145400,186500,237000,355700,311700,238200,292400,240600,199100,172600,542700,243400,249600,217000,251100,346600,199500,318300,408800,254300,275200,313100,292700,550000,370400,432800,452300,742200,1135700,829800,827200,1047500,856400,338000,467900,372700,443100,783700,896500,966600,642900,391800,467600,302900,352100,360800,231200,263400,409200,290200,426000,616900,388700,273400
9412,スカパーＪＳＡＴ,2524700,2489200,2421400,1472600,2480900,2307800,1373600,1847100,1789100,1433500,1546600,2579000,1957400,1861100,2271100,1874600,2203300,4309700,4294600,3819400,3303900,2530200,3911400,4725600,3779900,7888900,6630500,5135400,5203700,1808700,2437000,5562100,1970700,3425800,4231600,3443500,2984600,3799500,2672000,3142500,5760800,3329800,6144300,4559100,3136300,4040700,2687000,2135900,2721500,3876400,2249400,2381800,2897500,4393500,3162100,3347000,2527900,2740100,4437300,3303900,2790600,3326300,1820200,1442800,1650400,2017800,1360000,1204900,1570000,1300700,948200,1066300,1304500,1456500
6203,豊和工業,172800,160400,291500,253800,340300,329000,170700,166600,143500,180600,289900,537000,494100,233300,378100,468300,270100,392100,1172700,668600,217100,236500,159500,248500,363200,766700,202000,189400,326200,296800,355100,546500,533500,456800,403500,571900,663000,952400,1275000,1126800,1811400,2705900,6712800,6707600,1544900,196500,110800,140800,198400,255300,238900,691500,594500,342700,186900,235400,223400,240400,212300,104400,220400,265200,243100,296000,811900,891200,545900,126300,188400,398400,334300,129900,155400,268500
4676,フジ・メディア・ＨＤ,590900,741700,826700,548500,682800,507000,374000,344700,423100,409800,497900,721100,508800,699900,441100,503100,512400,509400,513700,591500,362300,579400,898600,634100,637700,805300,1815100,485000,674600,660000,1388300,405000,435200,371900,480600,571200,597900,543200,835200,2456800,512200,496400,708200,631700,258100,467300,602900,297600,302800,420700,424900,818700,466900,505700,1028200,279900,810100,489400,540900,464000,698100,790300,366700,497500,479000,616800,479900,1756100,1675300,2938600,1374500,530400,805500,484200
1961,三機工業,721200,751200,1673100,1172400,1034000,628600,940700,838900,402300,519300,607300,685100,531700,1009300,704400,810000,788400,584900,614100,659700,669800,486200,589800,656600,480500,533900,554400,362000,1014200,472000,1117300,971300,376500,448800,737700,635000,721300,890400,684000,677600,715100,339000,536600,878500,484800,497500,705900,518400,797200,915600,594300,648200,708900,822200,393500,595100,575000,821200,1140200,574900,963700,710300,184200,182700,194900,138700,150900,167900,328600,644400,507600,333200,318100,447000
3107,ダイワボウＨＤ,268800,271600,294300,328600,290200,302500,327100,211200,208500,229600,250700,267400,241300,356200,310500,419100,288400,303600,242600,267500,356800,391000,264500,326200,418300,282000,264500,212700,264600,221300,398500,282400,294100,227600,261100,308000,300000,502900,291200,196200,252600,321800,461400,394300,268600,261400,383500,181600,177200,324900,284300,338600,443600,499700,246100,239600,306800,475700,429100,230800,226600,314600,236100,210900,330400,238100,297900,300900,267300,301600,205700,308400,211500,269400
4045,東亞合成,291800,467400,479500,918100,287600,348200,343200,273400,223100,399900,223000,234500,162300,215300,221200,254500,207200,216300,331400,241300,499000,266700,230100,219900,329900,370100,333400,259600,289000,181600,255600,295800,170600,185200,230300,260000,237100,335700,381000,289100,248800,267600,386300,353800,216900,247500,185900,138200,227300,452400,366200,244600,266600,208300,170900,254100,239000,283700,437300,356200,608200,517400,355600,319200,445700,229900,189100,225900,259800,258700,211400,209600,419200,469900
5857,ＡＲＥホールディングス,640900,700000,604500,602000,832600,605800,494300,543900,575000,510900,645100,955100,710200,711900,742200,723700,555800,675200,569700,490700,612300,670200,656200,638400,621000,1000700,1369600,827200,436200,290700,809400,582400,574600,405000,525000,816600,691300,624200,818900,498700,509400,503100,813800,957800,832300,804600,668800,614200,732300,751000,477400,727500,765000,659100,749500,692900,1011500,1248700,2068300,626400,599500,851400,381200,405800,727500,709700,1034000,319500,353500,459100,460500,311700,335200,411800
8281,ゼビオホールディングス,83700,104200,86200,119700,123200,68400,72800,,40500,71800,96800,131500,41900,77000,70000,71100,76300,59400,133300,117700,93800,79100,58600,70000,106000,108500,63500,59700,112100,74400,59300,61400,86700,100500,93400,209900,66900,133300,95500,70300,94100,256800,155600,96000,76000,77600,141100,84500,121000,172200,173700,243600,502700,120000,219100,111700,96300,119900,344100,100200,109100,92400,95200,86300,101400,108400,78000,142100,54100,78300,75700,96600,124500,154200
4540,ツムラ,253200,477800,550100,356300,686300,521600,641000,300100,294200,262200,354900,342800,330000,430500,243500,336400,281100,183900,396100,185700,237000,254000,328800,471500,387800,232200,343000,398200,302600,218200,352500,210600,162100,254900,177300,280500,189400,176100,286900,187500,211300,194300,293100,390700,334400,365900,291400,302100,283800,575700,598300,408500,527500,459700,803800,350100,324900,376300,355900,203000,358000,350500,187800,191300,309600,397500,327600,145200,175800,176400,161600,165100,189900,206700
9984,ソフトバンクグループ,51829100,53749700,55655400,55968200,69277000,59274300,50264400,43229200,38653800,41519000,51208900,70204200,47455200,62130200,47113500,72262000,41571500,41852300,45979200,33669700,52377700,73627900,40040700,59812900,61184900,71837400,83407000,45870800,52827500,44993100,79507100,64308700,48833800,61595400,71003100,75320600,65531700,65333800,64167800,62899400,76525600,73007300,132031000,81180100,79058300,103217400,91615400,103280800,73094900,71784000,53762700,48158000,69924000,69800200,46400500,57247600,83351500,80654100,119003600,72065400,101484400,97208200,99651700,87686800,136536800,154144000,96285800,60475300,47876600,95147700,91516800,93692500,29819900,46679400
4063,信越化学,6864900,9143400,18785700,10102300,12006700,15490100,14869000,7678900,8507400,6291800,5261900,7502200,6309000,5958400,8068800,8345700,6080200,6562800,7655100,11929500,6711900,7304400,9180400,5376100,5772100,8927500,5954800,6914900,8613500,7060600,8258600,6479100,4866300,5285700,6699500,9888800,8104400,7626000,7427500,6100000,6730800,8189400,8746700,15831800,7618800,11120800,7333900,7917200,6503700,5117500,5504100,5254300,7528300,6194100,6777500,5350500,8717000,10411800,16438600,8745000,17278400,8604800,8365900,5016200,5907500,6503000,8190200,9389000,8437800,8265500,10556400,6472300,8241400,6428200
4536,参天製薬,926200,1050400,1465900,1306900,1591300,1009900,1008300,,1441200,1054100,1430000,1340700,910700,1072800,1347800,987000,1160600,1522600,1491200,1037200,1266000,1047300,914000,1515800,1753500,1418000,2119400,1500200,1453400,882000,1511700,672700,896900,867000,908700,1152400,1201100,983900,1478800,1254200,926800,1012600,939300,1092300,1216000,1167900,1113800,968500,1160000,1325500,1340400,951700,1531000,2302000,3528600,1607900,1070900,1155800,1152500,792700,979500,656000,569400,804600,713500,903300,676700,690900,973800,836400,781600,1024700,1097000,988100
6503,三菱電機,7340000,13219500,10558100,8047800,8659200,6391900,5310700,3355200,4022600,5262700,6347000,7417200,4745000,5256900,4924600,3949600,3365800,6314100,5447100,4086700,4126300,5264200,5406300,4773000,5025400,4893500,5408200,6046300,6378500,4105900,6589200,6755700,4255000,6728200,6107400,8209700,7318500,9152600,7398800,5707800,6699000,5455800,9193900,14852400,7953400,5960900,5608300,6834800,8500900,10679400,9166700,6997100,8906700,6838400,4512200,5642700,7418200,8585500,12043300,6295700,13025200,9526000,7729900,4219000,7685300,4450800,5315200,5914100,5511200,4956600,5117500,5422000,4120200,6068800
4980,デクセリアルズ,2460800,1558200,2843400,2196400,2174100,1501700,1279000,1141100,1089100,1309400,1421400,2530900,1000700,1006000,1070700,1659700,1251100,1672400,1985800,1976600,2429300,1906700,2246000,2846400,2781300,4572400,2584200,3371000,2340200,1976600,3421300,1855000,2442300,2858100,2043600,2617000,2593300,2935000,2851100,1894400,1851000,4259700,3075500,2230100,2659800,2510200,2788600,3090200,5139000,9140000,6417700,12340900,1252400,668100,2317200,1701300,2406700,1970800,2383900,913500,1292500,1300000,1811000,1050800,1253500,901700,1155000,1718300,1680200,1446600,1129100,1543300,1119400,1199100
9424,日本通信,821800,1571000,1264000,1549200,2400400,1105400,1102800,,1295800,1417900,1399000,1312900,790500,1359600,1233800,1712200,798800,912300,621200,1613600,2402500,2365100,2037600,2047600,1505500,1183800,1454200,1801300,3392500,1083000,935800,1636500,1549700,1243700,1854200,1948100,1954300,1847900,2346400,1967500,2191100,1802700,2161300,1861400,1968100,3788900,3766700,2547800,2954700,2232000,2186300,2907700,1185600,1363600,1561100,1656500,2645300,5397500,2114500,1516900,1300000,2124800,1221400,1689400,3172000,1378300,1356700,1442900,1703700,1137600,3070100,1134400,2516200,2332900
3854,アイル,77000,94000,99300,149400,181100,119300,99100,97500,58600,76200,69400,76900,93600,65300,78100,60700,62600,156900,165900,60100,90900,110400,52200,61800,91400,62100,87500,73300,66900,79000,78400,54800,125700,71600,112900,152200,112200,88700,217500,105100,100800,102300,66600,97200,98400,45900,114200,87600,49400,65200,52500,75300,41300,50900,36300,47700,49000,71600,51300,57300,75700,182200,52000,46600,62800,55600,52600,56400,66600,50400,54300,46600,62300,60800
6027,弁護士ドットコム,51100,48900,39200,75500,120500,82100,92800,69400,81600,47900,59100,118800,21400,88100,28500,64500,62500,42000,38100,44200,77700,162300,168800,68400,165100,78000,208300,82300,138100,86400,104700,80500,110400,91300,164500,115300,99100,89100,104500,80900,106700,114200,119200,67700,98800,101400,84400,68500,42600,119700,101500,160200,147300,202000,113900,49300,77300,88300,105900,51000,45300,258800,142000,87600,51900,60300,51000,55400,106900,137700,161500,108800,101800,260600
7806,ＭＴＧ,194600,105800,133800,105700,158500,62600,89900,71500,90300,74400,122700,183900,126000,82000,136700,128000,183900,79600,59500,68300,218100,135400,92900,104500,75800,103500,64600,56600,105700,70600,100700,149800,101100,70700,81300,76100,123300,81800,94500,98400,179500,148300,138500,187100,210800,159600,93500,116000,78400,143600,172400,156700,202300,335000,335500,641700,261500,99300,173800,124500,114900,76700,127600,86300,110000,92900,105000,100600,142100,76500,145900,97600,128100,102400
9202,ＡＮＡホールディングス,2092200,3654300,2619100,4941700,5156500,3154200,3338700,3206700,1582500,2043300,2052300,2452800,1720800,1735200,1879000,2260600,2203800,2751000,2295600,2507700,3278800,4148400,2241000,1849700,1782400,1851300,2005300,1973900,2569500,2308900,2725600,1930700,2230900,2985100,4307400,3164000,2135800,2158900,2434400,2216800,2215600,1983200,3201700,5406800,2120400,2501400,3620800,2126500,2315200,2264400,2421000,2950300,2781900,2105800,2618100,2907100,3306500,4390900,7110200,4982900,5649400,5415500,3159100,3437600,5078700,2943400,2482900,2734200,3397600,2877400,3416900,1974800,2762000,2383700
2802,味の素,3217000,3457300,6792600,3380100,5208900,5081400,3261500,3313400,3647900,3917200,3521400,4971500,2345400,2829000,3241400,3796900,3484700,4481500,4052300,3818600,3851300,5376600,6849800,3929700,3094100,4592800,4071800,5228800,6481900,7787100,9507900,11123900,7021300,3452600,5178500,7566800,9098500,3146800,5597000,4289000,3057000,3504900,4996400,9185600,4114000,3869800,5159900,3827500,5087100,4275700,4920400,4332700,4499600,5720800,4630900,7590600,12969600,10223100,10744000,3912900,7469200,2409700,3147200,4191800,3034700,2492000,3564700,2451100,1922800,2181900,2250300,2515800,3500300,3006800
7203,トヨタ自動車,70011500,43659400,37342500,102087800,61406300,30618100,26894200,23007200,24503500,24733500,31065300,35779500,21157100,20459300,19932600,26668000,24949800,28465700,36408300,26728000,23428700,30358500,21882700,32958300,31780500,32537200,20706600,25725300,22693000,22063700,28789700,27620900,26726100,20615100,29688600,29442600,27541100,25839700,30734900,18955400,19751600,27875500,37933000,39820000,25312200,17980500,22249700,16498800,21798100,26030500,23002200,30946400,43178700,31564100,29534100,29055900,43038000,75083900,37816000,21904100,32130400,21920800,19390900,22659400,23206300,20463800,19345300,14589600,14251500,20154600,20317000,15920200,14353200,16930900
6954,ファナック,11268600,21706000,9476000,7958800,9585200,6478600,5712300,4740900,3445500,7494800,6301600,7839600,3773900,5016300,5036400,6055500,4478800,7987400,6370600,4083900,4447400,3966700,4489400,5841600,3974700,6268300,4730000,4991800,7283200,9748200,5994600,5923100,5209500,5451900,5811400,7191600,7393100,6944300,7184200,5280700,4661100,6182500,7795300,8214300,6951500,5836500,6752400,8458800,7741100,7749300,6393300,7397500,14410600,16737500,5749400,8351500,8889100,12964500,9370000,4880600,10775600,12809200,17662700,6099800,6293400,5444200,5311400,5984100,3654100,4599900,4550300,4601900,6561000,7688200
6479,ミネベアミツミ,2285800,3449100,4227700,2929000,3543700,3258600,2310900,1994000,2080200,2882200,2723900,4373500,1909100,3393800,3713200,2995100,3138400,4635500,5217800,5090800,2946700,3382500,4337400,2944000,2684400,4154600,4180100,4720500,5314900,5082000,4611300,4161100,3190800,4167100,3572000,4112800,3900000,3205000,4165100,4271400,2769600,3795400,3912700,5338600,2061300,2314900,2539800,2298900,2440900,2528700,2137400,3076500,3164100,4083300,5903700,4164300,2485800,3109800,3393700,1751000,2720400,1935600,2073000,1633500,1851200,1569700,1614700,2611900,2005700,3963000,1918900,2206500,2234000,3069300
1833,奥村組,78200,134900,94500,120900,174300,117000,120300,,102600,109100,95700,135800,108600,66000,100000,100800,87100,103700,105300,66800,75100,85400,96800,108500,95900,61400,85900,68100,70500,57600,142100,103500,53400,82800,104300,137700,116400,91000,122500,73300,127500,100000,137800,142200,140100,139700,102400,153500,82500,147000,120000,258100,120700,105600,112700,189600,223400,102600,139500,71100,97700,117100,83800,97200,173000,83200,48100,62600,76400,76900,66600,59500,83400,84400
6841,横河電機,1545400,1126500,1135700,995500,1420400,1070300,1162400,801900,698800,943300,1518400,1176200,1187900,928200,982300,1411400,1030800,1031300,1264400,542600,986600,1179100,753900,1006800,1206000,1012200,953600,986100,1558800,1471400,1404400,1500600,1378800,1208500,1012300,2067500,1381700,1238500,1439100,1101800,1120200,1828000,1704500,2284700,1054800,1788100,1144000,1273900,1695700,2295100,1400400,1367400,1323900,1551700,1625900,1966400,2119200,4183400,2628100,820600,1379400,1894600,1079800,776800,925100,857500,918900,761600,825700,868900,1024200,803200,827300,1248900
7167,めぶきフィナンシャルＧ,2316400,2527300,4818800,2303200,3258700,3210000,1774600,2418700,2070300,3459900,4643900,3591800,4657800,3091500,3062600,3091600,3110200,3030300,2855400,2349700,2474500,2971700,2591700,2749300,2402500,2456700,2066000,2827300,1754500,1308500,3168900,2756400,2240800,2781800,3451900,3586800,2414800,3483900,2237600,2129900,2651100,2638500,2606100,3941700,3132200,2292900,1587100,1883200,2030200,2293300,2100100,2254100,2181400,2772200,3722500,2010300,2011400,2637100,4728000,2171400,2560300,2983200,2242900,2976800,2492700,2903300,2316100,1435500,1505100,1456000,1765400,1404200,2049400,2054300
1925,大和ハウス,1647500,2135800,3177200,2207200,3020200,1966300,3182700,1504000,1822100,1925800,1876400,2201200,1844700,1898400,1862600,1587000,1401300,1904000,2617100,1999500,1833600,1870700,2086800,3123700,5055800,1909100,1993100,1622500,1909000,1754600,2402500,1947400,2281300,1832900,2442100,2675400,2081800,3086400,2577200,2200100,2674200,2592100,3914800,4883800,2323300,1988400,1670200,2101400,2173400,2477700,2614600,2449900,3148900,3938800,2161000,1692500,1610200,2179700,2782200,1346800,2579100,1997400,1433800,1278800,1476200,1418500,1307900,1799900,1823600,1694700,2309800,2371600,1639900,1515900
5411,ＪＦＥホールディングス,4765300,5236700,7846100,5906200,9999100,6704500,6931800,4645100,4206200,6336100,4887000,5284100,3651100,5135900,3691700,4298900,4297400,4604000,5634300,6081600,6429800,5976000,4136000,5443500,7413600,5388100,5012100,4379400,5249000,4134000,5121600,3383200,2749000,3995200,6372800,6191900,5167700,6356700,9822900,4205200,5194100,6015400,6408500,9400900,4189400,5916700,3723400,4347000,3901700,4961000,3753600,4155300,4992100,4579800,5780000,5041400,11984800,12245600,6483700,3020900,5512200,3706400,3584700,5236500,5381200,4505900,5046900,5431700,3244200,3236600,2754600,2895700,2399600,2343000
7182,ゆうちょ銀行,5670900,8088500,11005300,8152600,10464300,7305300,5735700,5613000,6325900,7786700,9700900,6727800,6865600,5916400,4707400,4898400,4393100,5381800,8416200,4298700,5814900,4817700,4252700,4938300,5252300,6799100,7012300,6660300,5299900,4310800,7403100,8672100,6055800,6960200,6274400,10026900,7855800,7149700,6145400,7309400,10161600,6992900,5149400,13344700,6364200,6409500,6814000,7640800,11469000,9882300,8942700,13114800,8438700,4593500,4953500,6765400,8126100,7521200,12403000,4522800,10746900,7988500,5819400,5596500,5926200,7408100,7654600,6160000,6059900,5899900,5963700,4272300,3546100,4955100
1963,日揮ホールディングス,1196600,1741500,1436200,1869500,2283100,2103800,2192200,,1346400,1241000,1571500,2120800,1446700,1422000,1746500,2042500,2066100,2219400,1783200,1322300,1470500,1111900,1093200,1486500,1814800,2087700,1419000,1033600,1596000,2733400,2207200,1477400,1864000,1373900,2969100,1460000,1467300,1394100,1732900,1449000,1013900,1911500,1527300,2804000,2054500,1832300,2968800,3418300,2669700,3286900,1889600,3296500,6228100,1875100,2617400,2664400,3104800,2213900,2393100,1192600,2116500,2436700,2495200,2041700,3002500,2721100,2709400,2749000,1962700,2822800,3177000,3566600,3001500,4256800
2914,日本たばこ産業,4545700,5695500,12526600,5773400,6434100,4414600,4299800,4635700,5393800,4251500,6242100,6986400,2876300,3467000,3223400,3599100,3066100,5637500,5656800,3372400,5202300,4939200,3580600,5487800,7377800,8185500,4729000,4656100,4722300,6847900,4598600,2771600,3469400,3155000,6586400,7746000,6014400,3626400,4375600,3970300,3724400,3002800,3956700,10724600,3448400,3071700,3270200,3680600,3821600,3702100,3702100,3259100,3712200,3704200,4356700,4003600,11863100,5770200,4456100,3174400,4136000,4445200,3211200,3201700,6374600,3852800,2480100,2465000,3226000,3684400,3677700,4085900,2990100,3757200
3003,ヒューリック,2441200,3529800,4368100,3926000,4790400,4261500,3147500,1619500,1847400,1929300,2608100,2721500,2528200,3337500,1829200,2054000,2065700,3245400,2894300,2134700,2226600,4112400,2690700,3735700,3603400,3279300,2466800,2137200,2798300,2520300,2593800,1819400,1869700,2423000,2364000,3906900,3257100,4265000,3733600,2105800,3286700,2449400,2997100,9900200,2948700,3716200,4468400,9466700,1675900,2099200,1897300,2668400,2477700,3073500,1300800,1398700,2252600,2518900,3594600,2500000,3831400,3969400,5587600,1766500,1676600,1737600,1495500,994000,1441100,1731500,1684900,1861900,1232300,1300700
5892,ＹＵＴＯＲＩ,28600,29600,35700,51900,31300,18000,62100,68400,109100,43700,32900,106400,80600,44200,49400,48700,38900,31900,33000,36800,43300,32300,25600,31000,68700,38700,43700,61500,25600,57300,62100,66300,109600,91100,72600,154900,40900,50900,72600,113400,52000,55700,42300,50900,68300,79600,90300,87800,91100,63900,150600,260400,28700,105100,101000,90600,143600,127400,52900,31300,77400,47100,24000,31500,54600,35300,33400,40400,29900,30900,57100,185900,23300,44600
6323,ローツェ,3329700,4282500,4484400,3558600,5160600,3205000,2164800,2366500,2811100,4023700,2713500,3780800,5518300,3398000,3992900,9136100,2997600,1886300,1921200,1651100,2099200,1728900,2262800,1998200,1408600,1486400,2067500,1646000,1491600,1548900,2181600,2578900,1602600,1658600,1768000,1870900,1342600,1331900,2269300,2018400,3089500,3050000,1132800,2132700,1285800,1290700,1431600,1043700,1600400,1162700,1663600,1168500,1938700,1479100,2075600,2166900,2289300,2998600,2913700,1548100,1706100,2107600,3075200,1308900,1735800,2284400,2777600,1764400,1901100,3031600,2849500,4561300,9459700,6627200
6501,日立,15277700,14071300,19901100,24607900,13881100,12339000,11712100,7130900,8471800,9137700,11059300,12028800,13914900,8776800,9347200,11624900,7238600,11272800,20014200,11352800,9892300,16571400,11138200,12297000,11492800,13899700,12236600,11616300,12304900,10220000,18577100,13329600,11385900,11238700,13258100,18882700,15175900,15252700,14584100,11799100,8401300,15132500,10393900,27362800,17942700,10796000,9871700,13406000,17823800,13438800,17371300,9951800,15316500,14167400,14259600,11607400,15801200,16696700,25537000,11393000,22771900,29820000,18121800,10572600,18639900,11183900,8784900,8848200,10437400,15083400,22050700,12203300,12164800,11797600
6134,ＦＵＪＩ,3658400,1490300,1269100,796900,1450300,1030100,503100,437900,477200,603500,790400,1268300,483500,929200,830100,827100,807900,633900,1154000,771600,682300,996900,1054000,901600,471800,617300,513500,485100,637700,667100,992600,948900,460000,577400,701600,728500,644300,765100,1480300,505400,813900,933300,912700,886500,877700,920800,1103300,1037800,1041100,1571000,1103200,1476700,2780000,1532400,522000,503300,611200,572900,789700,519000,475300,509700,605600,334000,433900,419400,587000,359300,436400,389800,531700,698000,376700,490600
7746,岡本硝子,283100,181100,289500,249500,490800,348300,463700,937900,167200,571800,1284300,1000100,197700,197100,238400,341600,714100,440300,426400,438400,569400,995000,1024800,3449600,9572400,8558400,156300,154000,252100,420300,407200,526800,1408400,6711800,1566600,552700,2857000,618400,550500,388700,327800,692200,459300,837200,417800,626700,806100,951700,1758400,3566200,4638000,1841700,870500,818000,946300,1301100,607800,602000,721700,1534300,1154300,503500,609100,511800,728200,606400,1272800,4409000,795600,1612200,853000,953800,1671400,570300
3407,旭化成,16057600,9491200,12615000,5964200,6071600,4931400,4749600,3414300,3023900,3723600,4029000,4536900,5013700,5972800,3763900,3755500,4844400,5100800,4251400,4625200,4990500,4101200,3844400,4216700,3864700,3593700,4540400,4680500,5350300,5950700,7466200,3926500,3657500,4547400,7362800,6489400,4133600,5735300,6015600,3738100,4546500,5186800,4955100,10221700,5566900,4877600,4317300,3770800,4570700,5936600,5626100,4533300,6129300,6255300,10306000,13151800,4652500,5504700,6643100,3442200,5477800,3348100,2929300,3198300,4912400,4113900,2982900,3815900,4380700,5905000,10197600,6362200,5012700,5080600
4008,住友精化,176200,198700,157700,160800,234800,204400,153100,,126800,107400,193600,227200,119200,131200,172000,138400,111200,134200,156600,269700,289600,173600,111400,162600,338700,151300,212300,143800,161900,181800,171100,257100,131300,131100,185300,163900,137600,102600,194000,157000,150100,202300,234400,247100,231600,297600,190900,171800,160000,191300,135800,187500,217600,218400,318800,391000,139300,131100,129500,88400,113300,99300,105600,84800,111500,160300,109800,76200,97800,83400,166800,132700,148800,155400
4062,イビデン,10104000,8105600,1063700,10002100,9390200,7885000,7023300,9492600,7103200,10290600,9174200,12103300,8657500,10398900,7667300,6297800,7892700,8950100,7742500,6724300,8723400,7721400,11603100,7492100,10291800,10358400,8567000,10669900,10093200,10705800,11198800,11491700,9058100,9339500,9816600,9550400,8447800,8111500,7707800,8165500,6317800,6878300,8084800,10164100,8387100,7490400,7628200,8690500,9124900,6862800,6685700,6760300,8307900,8973700,8687100,22293100,8544200,10684700,11586800,5100600,8434800,5813900,9124800,11078600,6416700,7596200,8109100,4249200,3714000,4460400,7591600,5618000,6341000,6282300
4182,三菱瓦斯化学,967300,1067400,2746100,1232300,1443100,1152600,1122600,806600,552700,840400,799700,1216800,875300,912800,1042100,750900,1224500,910200,1055900,956500,892600,1862900,911300,922000,1021500,1158000,931300,933100,1316300,1178000,1960800,1617200,1114200,1221900,1278400,2602400,971600,1491700,2430500,1245100,830500,1232800,1400800,1292400,1150000,1064900,1654400,1675800,2042100,1754100,1709200,2564300,2780200,3574400,1754000,1648500,1397900,1352800,1614200,697500,1287400,1135200,1139000,1335900,1199800,1084900,1453800,1012100,933000,930400,1472400,1254800,1196800,1143300
4188,三菱ケミカルグループ,7091700,9770500,14425300,6749200,7450700,6240800,5951000,,4535000,7349100,6827700,6704900,4726400,5534200,4077700,4997500,5338100,7222000,6774500,6039100,5744300,4771600,5998300,8022600,9806100,5538600,5407700,5624300,6530000,5573400,7390400,9149900,7563000,4768100,5928900,7848100,6138900,4932200,5371000,5688000,4724200,5952200,5391500,10577300,7865100,6782700,10479300,5108300,7807500,7176100,6773900,5269400,10576800,15257100,27241500,5823200,7365700,7575100,10686600,4518500,7575100,6184100,5186600,3611200,6537700,4788500,5791800,6322400,4825800,4911100,8840100,5158600,5745100,9622300
4523,エーザイ,1806700,2274700,2497600,2428300,3429200,1836300,2045100,1441600,1202400,1564000,1884600,1934700,1765700,2570300,1196800,1513100,1640200,1395300,1633400,1289000,1598200,1778100,1072700,1818900,4170300,1620500,1437000,1345500,1736100,1395000,2438200,2448700,1988700,1702600,1728800,1735600,1960900,1955700,1696200,1769400,1753400,2179400,2323400,3394200,2698800,2164800,1783500,2045300,1851200,2678300,1727000,2716800,1652100,1216700,1116100,964500,1495000,1542100,1336600,875000,1690500,1147300,1335800,727400,861600,1188600,843600,763000,812800,776700,1180400,1069000,899900,1367700
4528,小野薬品,2047600,1775600,3274400,1852100,2326700,1462400,1568600,,1081400,1236400,1492300,2057200,1516100,1327200,1072800,1422400,1131700,1453500,1280500,1202300,1067000,1440100,1547900,1925000,1926200,1384000,1145000,1427500,1735400,1832500,2238300,1411600,1121900,1555000,1880800,1938800,1702500,1727700,1828100,1647400,2306700,3190200,2742900,1997700,1638000,2270800,1470700,2447800,1856600,1860400,1908300,1545800,1470500,1412300,2630000,1518900,2647600,5080800,2830800,1496900,1916700,1766800,1169200,1461100,1770400,2105000,1464700,1318800,1886100,1465800,2050200,1496100,1207800,1439300
4661,オリエンタルランド,7951800,9944700,21555500,10626000,11912800,8157800,7732300,,4446600,8433900,6534700,6591600,8770200,11927900,3837200,4206100,4386200,5529800,6120900,4290300,4980300,4709600,4823700,4998500,7379500,4114100,5148500,6627100,6554600,4243200,7179300,5093300,4234100,4418000,5004700,6707300,5696300,7004500,6141000,4043200,4070600,5882900,7497600,11732400,7737900,5631100,4427600,5488800,7407400,5918400,6635400,5753000,4894400,5794000,5341200,4889200,6984800,8435400,14737900,9239000,23914700,6665100,7915300,8297100,7872200,3559600,2835000,2678200,3100700,4044400,5357000,4294600,3406300,4662900
5803,フジクラ,54429600,38401200,73627300,48318100,53924500,39640100,41066100,28103100,31624200,38205300,29986600,47075400,32782500,44664300,40749200,42643000,45092500,40311200,35968500,32123000,42677500,34213100,39659300,46151000,56572900,61307100,50848200,80829900,154230200,2675400,3131200,48865900,35504300,68142600,37526700,45471600,51253400,54543200,45195300,46983000,45052400,82340200,48742800,71394000,66629900,71871700,60516700,105386700,98432700,116069900,124339100,86555100,128904500,57118100,62691200,90480800,40738700,43386200,49010500,28397000,39274600,46167300,52739100,40846300,57099000,42928800,49306000,49029200,49543600,53271700,57485900,63357200,67148400,83540900
6178,日本郵政,5100300,5983400,6692700,5753000,6922100,5153000,5707000,6080900,5502900,4927400,5770500,6553400,6605300,4752500,4787100,5427300,5833800,6253300,7757400,4107100,4037800,4825100,5231700,5022600,5144000,5143200,5306200,7296900,4550200,3687900,6401400,5385900,5707300,4930800,5298900,11509700,7369600,7432300,5719500,4225500,5974500,6170100,5438700,12417400,23062400,6485500,6223700,4791000,8548200,8577200,7908500,12590600,5957200,4668100,4964600,4918200,3628400,5490100,5991100,3642000,6341300,5140500,6389000,4120100,6404700,4093600,4614300,3288600,4178500,3591700,3346500,3070900,2983400,3822400
6925,ウシオ電機,719200,373000,422400,400100,516900,435600,256300,395200,360600,338900,376200,416100,317200,697500,254100,460800,423100,497700,432600,605100,534800,755100,1058100,477500,349700,355600,370000,451000,368600,402800,580800,573400,591100,314800,473500,621800,367800,360200,439800,417200,476600,666400,517700,537000,482600,476700,770100,559000,1024000,495500,723700,1328700,236500,482500,551700,551400,449800,515800,765000,440000,1032100,1443500,382300,499300,544700,284500,229400,416600,518400,209000,229500,267800,199500,298700
7021,ニッチツ,800,800,1800,1200,3000,500,2400,2000,2000,900,1900,2800,1400,200,1200,1800,800,1400,2000,2600,2100,600,700,1100,1000,900,2000,400,600,3500,2900,1400,800,200,1100,400,1400,1000,500,800,2000,1700,400,100,100,900,4000,1400,8500,4300,4000,8700,11400,2100,2400,2500,1700,6300,1400,1400,1700,6400,1800,1700,3900,2200,1500,1900,2500,2900,1400,1700,1700,1100
7729,東京精密,584600,450200,703100,743200,701800,726700,366300,375800,329000,438200,577200,660000,412600,427600,453800,629800,380500,559700,592300,589100,855300,638400,522000,366500,300700,319900,395500,327300,349700,281300,435200,439500,346200,442100,528600,489500,496100,585400,396900,301700,382400,552200,340100,498200,315700,318800,561400,313500,380400,449600,513000,366700,719700,986600,434800,342100,422100,444600,477100,262400,488100,409700,247100,348600,435600,429100,280600,206100,214500,323600,482600,339000,312400,315600
8424,芙蓉総合リース,248600,223200,384200,280400,264100,181300,204800,103000,129000,135200,173900,157200,96800,113100,107100,166400,163300,117700,117200,402700,235000,179700,123700,138300,153400,163200,134200,125900,179600,160000,226400,154400,168700,131100,138200,188500,113400,170800,202100,174000,172100,190400,143800,223700,133700,190400,190600,182400,138500,149300,178900,188400,186300,159900,347000,379600,183900,195500,199400,202600,159800,179900,132200,105100,135300,154200,122800,139400,158000,159200,132100,127600,147500,185000
9020,東日本旅客鉄道,4351400,6811400,4152800,3505800,4520700,3772800,4003600,2596000,2337100,3051700,4061800,3173800,2791300,2749800,2533800,3108900,2610500,2392700,2685000,1699000,2205300,3174500,2506800,3405000,3240000,1957000,1989500,2475400,2944600,2438900,6408600,3116600,2698700,2510800,2912600,3564300,5537400,3237900,3307600,5454000,3704900,4419400,2977100,6800400,4076100,3600500,2398500,3017100,2559800,2407700,2606100,2981900,5927800,2981900,3644200,3630000,3352900,6176200,6540600,8824700,7890400,2637900,2458400,2823300,2867300,2783900,3282400,2200200,2905800,2488400,2776800,2934700,2494800,2557100
9069,センコーグループＨＬＤＧＳ,516600,719200,327600,435600,515200,310600,331400,289900,273300,240500,449900,512900,246500,482200,415400,487200,456200,391000,373000,255600,425000,513500,319200,365200,301500,268000,250700,301300,388200,240700,534100,306700,267400,245600,524100,412100,409500,301300,809400,431500,417900,523600,378500,628300,483000,563200,430700,399300,247700,302700,289700,330000,501900,701300,303600,477800,229500,336500,375900,269100,336800,328700,282600,297500,396000,289000,318100,257000,166000,430100,281300,201500,172400,239900
9227,マイクロ波化学,225700,173600,556200,2260700,3410400,101600,70200,,150100,109900,110500,361300,109500,108900,189300,76500,207500,113500,167700,106000,89400,150400,333600,115900,90300,96500,61500,71800,199600,276300,120100,157900,110100,172200,245600,127600,177100,302700,208700,254400,224700,307300,635100,805900,1982000,9484400,88200,63400,225200,284600,305200,231200,356600,590800,485500,198900,226800,170900,183500,159400,342000,350400,216200,250100,363200,515300,1492800,2568000,297900,326300,288300,324800,240800,216700
9348,ｉｓｐａｃｅ,847800,1037600,874400,1371900,2239300,1579200,758100,,475400,986000,1182700,2870000,1448100,1212100,3276000,9789000,614000,1523300,867300,633200,1117200,942700,961200,1197900,933500,1457500,1141100,1025800,2021300,2163100,6756700,1762100,2625000,4609200,4673400,4442300,1601000,1418700,2424700,5247100,1877000,2527200,2047800,7145100,13839800,10776300,6345000,5129500,1631700,1799800,2449700,1024800,1245000,1244200,978400,1210600,1378000,1372100,855400,520600,553400,755900,852900,768100,1109600,954200,1690000,1327400,1316600,2116700,2529000,1710700,1815300,6775700
9449,ＧＭＯインターネットグループ,401700,550100,668000,1341100,531600,698100,496300,183300,317500,501100,429700,409400,454900,530300,412600,665200,498700,1018700,364400,258400,362300,627300,325100,364600,587500,434100,295200,530800,896500,1729300,618100,310600,248200,266700,233300,394800,250300,259200,357600,229500,429500,487200,294600,617000,310600,441900,618700,523000,308200,416700,675300,678200,374700,364400,282400,377400,518400,554000,462600,255800,556400,368400,330600,317200,395200,352500,562900,327500,430000,795500,272800,319900,294700,377600
9501,東京電力ＨＤ,32126400,44444000,50038100,61471000,39840000,47242300,35878500,28624300,33282800,29743300,31471300,42140900,30120600,41878600,26889200,33551800,33095900,39644500,28725500,24111500,29269100,24127200,35745000,26801100,27328200,46173600,37968400,58711800,43400500,73392900,36082100,27192100,21276700,24988500,37661900,33012400,42385200,26553800,32766800,37231000,40639800,34358500,42210000,25544000,25852800,31146600,33384600,32758000,30470500,51937900,42880100,58803900,46892500,43827200,44350100,45523100,53169400,49861100,75841900,72810900,53614000,68403700,37490400,46400600,72424100,79827900,48826900,41382600,53950200,39936400,59078700,55894900,62428400,111263300
9531,東京瓦斯,854500,1207700,1219200,1886500,1117700,897700,924000,923900,720700,1118600,1156400,1436000,896200,1017900,970900,1068800,1039100,1278500,991800,736600,730100,811300,1021700,1016400,1085700,1319300,737900,891400,1024200,767500,1797600,1023400,833700,970800,915600,1140000,1215200,1001000,1162100,1020100,1038800,1096400,1162500,2978500,5312400,1067600,1029100,898300,850300,1440300,1261400,1144400,1180700,809900,1104600,1350300,1292900,1984100,2162200,1293900,3393000,2877500,959900,1167300,1552900,1117500,1126400,1309100,905000,1088100,1092000,1369300,986800,1088700
9882,イエローハット,213000,370900,209600,189400,303800,209400,181400,133200,148600,163900,192500,185200,196500,250200,170600,186600,188000,243400,165800,210400,143900,168900,152400,201000,144800,217800,211800,206100,204700,386500,220700,211700,140600,145200,125700,208200,153600,176400,166200,122200,211400,265700,192500,177600,114000,125400,123100,107700,120000,145600,197200,169600,170500,169300,171500,245600,562900,250100,199400,91400,162800,154800,111000,138600,131200,122700,162100,109600,90500,158200,84500,76000,111800,128800
5838,楽天銀行,791000,740100,1513600,1178300,937300,677100,718400,847000,1331900,791000,1143200,1095800,1398900,873800,1067700,1070100,1116400,2005600,2441400,888900,969800,1166100,589600,1278100,684700,853200,1075700,927600,1424600,1383800,1294400,1131900,1008700,1797300,2209600,2338200,3158800,3572000,1615200,1916500,2661700,3226800,3499900,3965300,1799500,2822000,4208700,12468500,3644500,2295100,2770900,3792600,1346200,1427600,2524200,1537500,1049100,1493100,1506000,680000,1075700,1564900,709300,984100,1759500,1451400,1082000,686000,886600,986500,901700,807900,989000,1436000
5844,京都フィナンシャルＧ,818400,1789600,1205500,1058400,1095800,1186100,846800,965700,632100,673800,875100,1299400,789700,466800,537400,896900,896700,853900,880300,1319900,1034900,1202900,1145800,1455700,1205300,904800,1114100,786500,1052500,1295500,2496400,1461200,1291700,1685300,1317000,1120300,707600,1378800,1363900,1321100,1246000,964800,845300,2498400,847900,923100,904000,675000,1403800,1557500,921400,1044500,2254500,946800,823400,760200,826400,910200,1203200,761000,953800,1090700,1131600,636800,1110600,735500,1112300,945900,979500,861100,713600,818100,710300,969900
9404,日本テレビＨＬＤＳ,813100,836100,574900,489600,653100,435500,399500,266800,393600,467600,512700,868700,414700,337700,374900,452100,315400,601800,452800,474100,570100,484800,428800,863200,817300,575400,578200,410000,757000,372800,499400,466200,431500,602400,551000,640100,583200,649500,639200,1303100,551300,616000,643000,933700,641600,591300,532800,456600,587100,666900,772200,549100,878700,516800,578600,322200,742500,497700,472500,388500,625000,402500,371400,545800,604000,622600,371700,296700,306000,305000,210000,214600,293800,330600
6744,能美防災,105000,116000,90600,67800,127100,79700,95800,,49300,58000,78100,89400,75900,55700,67000,67400,41500,66300,107300,54800,145600,73800,56300,56000,81400,79100,103200,61000,171500,86900,76500,66100,65600,41800,49200,81500,88200,71300,104200,54600,69000,121700,154000,155900,126400,137100,162900,113400,104400,141500,168400,173300,215500,206500,138400,187500,167000,116400,134700,213900,142400,162800,75400,54900,61400,63800,87100,77700,91800,71800,94300,60700,49800,55600
7685,ＢＵＹＳＥＬＬＴＥＣＨ,233600,238600,449700,355400,319800,251500,324600,,425200,436600,916100,284600,250600,209400,179500,301300,260400,424900,360500,475200,320900,317100,270600,266200,404700,562500,462400,271000,520500,231800,415600,284400,236400,288700,457300,299300,278000,449700,405100,171700,276800,202100,280700,357400,376600,403300,261400,254300,359000,373200,639000,660800,1530000,681300,588700,398900,268000,205600,278700,294600,410400,317800,272100,362300,202100,423900,337900,408500,162600,180900,365200,312500,440100,252500
8334,群馬銀行,1032700,1479800,962400,990900,1053100,1131000,1054600,787400,890300,1059800,981700,1141600,868700,1255200,722500,907100,795800,888200,1084500,622300,903900,865400,663600,970700,878900,714000,751900,642200,946900,559700,1100100,915500,881500,1076500,1022700,1288200,740700,1216500,893000,817600,829500,715400,941000,1152600,1029300,1015700,848400,873400,1365600,1242000,1163800,1052800,1025100,869400,1202700,1674400,1971300,1276700,1331300,859800,1440900,2104300,1564000,724500,1684300,2170400,1178100,977500,1006700,699500,847200,770300,910600,998400
8359,八十二長野銀行,1777900,1768400,2199600,1548200,1707800,1925100,1535700,1258800,1283000,1433700,1521900,1622800,1586300,1479500,862800,1477300,818600,1309300,1162000,796600,1176400,1455700,1374600,1503700,1238000,935600,1071900,988000,1171800,1060700,4094500,1541000,1905900,1498000,1821400,1879700,1406600,1861500,1330700,1636900,1304300,1428400,1337600,2196000,1116600,974000,1134000,1241600,1384900,1463800,1422900,2370100,1960900,1445200,1821500,1412900,1802400,2525200,3119400,967000,1250200,1709000,1064200,932400,1606200,1743200,1295300,986900,937700,954200,1343700,1576900,1222300,967800
8801,三井不動産,8791100,14067600,10723900,10828600,13660100,9688100,6867500,6189300,8035600,6251100,9620300,9356300,6380500,7707400,5441500,6529000,7751700,7886000,9424500,6343100,9168000,9257700,9488000,12517300,15325400,16359000,9836400,13493700,16004200,9673000,14467000,10721100,9010400,9741600,12128800,13173200,18916700,14131200,11385300,8640800,10006200,8128100,14964600,23942000,8693900,15297600,12823100,16564400,13420100,14973800,16575000,15163200,17988500,21882500,7973500,7657000,6435200,11016900,11882300,5387600,12002700,7913300,6371000,5470500,7328800,6632900,6538700,8780400,8041900,9612200,10788400,12977400,8041700,7395500
8934,サンフロンティア不動産,83100,159300,95900,126700,176000,78900,153500,98300,103300,97600,138800,135800,119700,127100,82000,92400,110600,99500,161800,148600,116800,95800,91500,99700,118300,111600,97700,98000,103900,93600,297000,144400,100500,139700,133000,134300,150900,125100,112100,163200,192200,129800,164100,244800,145800,129200,105300,206100,141600,185300,129000,197200,175700,180000,209700,411900,253500,170900,183700,130300,194200,266600,132500,186200,246800,161300,181800,190900,164300,212200,208000,222100,326700,124800
9416,ビジョン,186000,273800,294000,577100,478300,276600,338800,376800,394300,334800,291800,281100,261900,279300,187100,250700,330800,402200,287700,329100,408100,509500,598900,359800,636600,1108900,614500,578800,861200,482100,392700,353500,504700,333200,426900,412900,415200,337200,318100,352000,463900,353500,368400,345100,336400,402700,1019500,454100,284600,464500,422100,659600,961800,255000,198500,148500,153800,151700,173300,150900,219500,181800,206700,339200,339300,300600,337200,255600,188700,183900,214800,142500,227900,258800
9532,大阪瓦斯,800500,987800,1367100,2964400,995000,857500,837900,641300,832600,873800,824400,869200,606800,595700,693900,849100,895500,850600,846600,602700,688800,756200,1024500,1088500,792700,560600,624100,601500,803400,660900,1592500,668000,723500,832500,1027900,1453600,1226400,1014400,905300,937400,932500,1413400,1277500,4161400,1339000,1454500,874800,748600,932400,813400,983600,956900,829800,684300,861400,1699300,1649200,2354200,1479400,1004000,2041600,1121500,756600,936500,1086600,799500,1155800,1217700,1008700,832500,825600,871200,932700,1191500
6330,東洋エンジニア,1791900,1414100,1672900,1839600,2677300,3461300,6172400,,1254600,2626900,2451800,2867300,1346500,1179200,897100,992100,754500,1185500,1377000,1767100,1102800,1798400,1792300,4022900,3054000,915900,941100,867200,1111600,847000,1868500,1787600,1837600,1268200,2039700,949100,1203900,1040300,1183700,1427900,780600,1792600,1533200,1253300,1341100,1312600,1601100,1797800,1007100,1997300,1768600,1519100,3032800,8663900,1241700,1514900,1535900,1278200,1391600,1327900,1554600,1799200,1393200,1420500,2048800,2023100,2951600,6094400,5076900,2832800,2740200,4463600,1779800,2625400
4082,第一稀元素化学工,181600,218500,135500,184000,306300,149900,124100,140500,148600,167300,273800,381600,121000,133400,157400,141100,162900,215000,140700,119900,151800,138600,123100,151000,237100,193200,457500,185800,286000,291900,246300,307900,270500,251500,267700,246100,300800,378400,394900,222900,271500,337500,391600,902100,354900,486800,375500,254200,313200,496400,282500,394100,1182400,441900,654500,577300,936600,750000,317100,192600,254500,191000,301400,841000,283300,286100,1001100,1438600,723100,583600,281800,244000,170000,308000
4519,中外製薬,3013700,3532400,2876800,2701800,2859900,4135500,6311000,,2609800,2064700,3264000,2964200,2330400,1973600,2054100,2663200,2213200,3515600,2451200,1563600,2754300,2366800,2245500,2303800,2809400,2058200,1882900,1977300,2411300,1238100,3697700,1954000,1745000,2083200,1824000,2581900,2164800,2962000,2319900,2116500,2311000,2654400,2597400,5543000,1962700,3277400,1670400,1924300,2152600,2507400,2367900,1512400,2260800,2811500,2385200,2123700,3038800,4228200,6790800,5927700,6603000,5707500,10085300,4079800,2796800,2860500,2248400,3234900,2446500,2218700,1925400,1975400,1432700,2506100
2160,ジーエヌアイグループ,553800,673700,996200,1025200,2109500,1217300,685000,516900,864900,527300,770900,1307000,560700,474700,438700,429300,750100,1320700,735900,881000,900200,971900,867500,1082500,1299100,680600,543800,463200,639600,949300,1189100,954900,850200,1242800,1265600,1907600,1518500,1407600,3745100,1398100,988600,1109900,1177000,1068600,1641100,1147400,709500,827600,969800,1241200,1559900,2804300,1188700,1266500,2154700,620100,600900,947300,602300,938800,1695800,389100,426400,801200,1160700,880800,997500,1171300,641500,714800,1279600,623500,750900,926400
6227,ＡＩメカテック,819500,781900,1550300,1199300,1386800,1078000,805200,,2648000,2407600,1464700,1843000,1908000,2402500,4280900,69800,904400,1072700,1379300,1269500,1040100,1219300,1709100,952900,876200,1625500,1310400,1165500,1282000,1776700,1346800,2292200,1363100,1607600,2551200,1744300,1288600,1698900,2869100,2426200,1733900,1304800,1180700,771600,1051000,1493600,1344400,2369300,2233700,1396300,2189500,708600,1208800,1163500,686300,1315800,841100,685500,1027000,503200,1002100,796600,823500,920000,1696400,1002700,1369500,1120200,865900,1604600,4718900,1385400,1468000,816300
6327,北川精機,510000,478800,1309100,1074500,731800,801600,435200,,443400,1043400,805200,1170600,621100,651300,1174000,1057100,826100,842500,628900,795300,1312200,1613800,1165300,835800,648300,938600,1078100,1122900,1804700,920600,1942000,510200,918200,1048100,550600,610800,503400,536400,834800,646800,928100,1186700,1239600,2346700,1309500,1310400,867700,592400,254100,182800,209200,210800,193900,653300,686900,718800,778400,853700,953500,584300,1570100,1523500,205800,142300,175400,281100,452300,207800,250200,221700,439500,446900,376200,777300
6232,ＡＣＳＬ,510000,478800,1309100,1074500,731800,801600,435200,480700,443400,1043400,805200,1170600,621100,651300,1174000,1057100,826100,842500,628900,795300,1312200,1613800,1165300,835800,648300,938600,1078100,1122900,1804700,920600,1942000,510200,918200,1048100,550600,610800,503400,536400,834800,646800,928100,1186700,1239600,2346700,1309500,1310400,867700,592400,254100,182800,209200,210800,193900,653300,686900,718800,778400,853700,953500,584300,1570100,1523500,205800,142300,175400,281100,452300,207800,250200,221700,439500,446900,376200,777300
7794,イーディーピー,276100,255700,640200,344000,504000,358700,309200,,333900,309800,305200,472900,250900,351600,354000,243500,242200,222800,326700,421400,279000,364600,483600,896600,1070100,184000,238100,324600,322200,768700,249900,239500,237400,154800,246100,191400,216800,252200,672800,537700,718500,559200,600500,1514100,5140300,168400,268000,191500,208500,280700,231200,316000,386400,1142100,320900,401100,549300,597200,317600,446300,441500,255000,578400,715700,884300,2651800,3163100,1875100,728700,481800,366300,303600,214200,348800
6085,アーキテクツＳＪ,3896900,6517200,5069500,4032800,6036600,4530400,3444100,,5989800,6703400,4416800,3927800,3055700,1478300,4029300,1554200,2547600,3543000,5095200,4881800,3675900,1890600,2877900,1661200,2602600,1398900,1751700,2968000,6338500,5699400,2117900,2541000,1747900,2216900,3367400,6084900,2333800,8186700,3742700,5772500,3686000,6303200,7411900,4206200,6103400,6345100,3575200,2850800,3262400,3479500,9027300,6048100,3280400,4924100,3642000,2040500,6384100,7590600,11750600,9487800,15236600,12643700,14044400,11925200,6019600,8562600,380600,730000,769500,693800,143700,338100,487200,191400
3103,ユニチカ,2407000,1670900,2713700,1812400,3334500,2013600,1603100,2725000,1525500,2256400,2014100,3636800,2317200,3186300,2897400,2309300,2792000,3267600,3728200,1541400,2498300,1724500,3354300,1761600,2275500,2439800,2867600,3512400,5480300,12259500,3655900,7264100,6382500,2951600,3330100,7665500,3294400,2638100,3395900,3851200,3632100,5666600,4078200,5487000,4299900,9322600,15160400,10056900,6802800,5444200,10701100,23615800,635700,4604100,6142400,4007100,8345300,12981500,16543800,10667900,17314000,15773900,14220200,15986000,22597900,29411100,3514600,14402100,38468100,22762100,56226400,19606200,39395300,23843100
4422,ＶＡＬＵＥＮＥＸ,91600,45400,79100,53400,143800,38900,21700,46100,34700,32900,58000,105900,66500,41900,87400,39500,77900,79200,163800,91800,66300,58600,80500,56800,144000,118700,126300,140600,90700,82900,111100,137000,243000,158400,339100,647000,641000,408100,1285400,185500,75200,73100,78500,114300,112700,158700,266100,139400,297300,225500,161700,169000,233700,293300,578400,343000,429800,293200,434700,598700,371300,534500,1336300,4025000,2677000,1272300,2627000,4029000,3731800,572000,1949600,3452900,208800,2974500
6740,ジャパンディスプレイ,11086100,6675800,12254900,30320900,18349800,9001700,15737400,,12403800,17878000,14741500,33377400,14627300,20550900,20807200,49186900,35542700,30689000,33247600,56564100,32992500,38938800,14280700,72380100,92256300,82725600,126015700,88839700,101924000,122272500,94641300,88962200,38359900,81570400,95131300,83888000,21777300,81595000,70580100,88068300,71927400,73229600,30508500,85703300,71762100,29733900,59768300,72733800,74578500,65535900,56814500,60043300,105673800,58783800,59422600,49363400,31333900,64516200,35449100,120637600,286306400,42542100,57519300,54684500,60890200,51605500,101220300,117693100,113528900,139485900,89688100,92525400,65724300,90051300
6613,ＱＤレーザ,2502200,1889200,4526000,3061600,3647200,2293900,2092200,1816300,4041700,3105700,3180900,6741400,1055900,1834200,5622800,1232100,1263400,1938400,1684300,4010100,3256100,2303000,2044300,2559700,4119000,7652200,7253000,6174200,10261400,1676400,4760200,4778100,4464000,3641400,5823400,7206800,5654700,4275000,3703900,2707400,2977900,5276300,9333700,6206100,10123800,8264500,10945800,22249700,28238900,28690800,31866100,14634700,13178900,3773000,3198400,7128600,12306600,21634400,6866100,6150200,4011900,4160600,9398000,5229600,15724700,10711900,23584500,10246600,5674400,12719600,12781300,27264300,10198100,7010600
4568,第一三共,8590700,9426700,18478700,8119600,5987900,6996900,5250200,4708200,3912300,5301200,7221200,7631200,4674100,5049200,4511500,6031100,4418900,6159900,7719700,11572800,13927700,4718800,3948600,6414200,6823900,3877100,4569200,5119400,4870400,4584300,12977700,8994100,7992100,5513800,6168200,7587700,6121800,8162700,7893600,12276100,13801100,7367200,7108300,19725400,6353800,6112300,7149800,5618500,6512900,8039200,8106600,5616100,8793800,10516700,7061800,13241500,11532500,12477400,14251700,7940900,10441900,13321300,16617200,25238300,6290000,6375400,5436700,7280300,7592100,11121300,13364600,7573500,6100000,8133100
6522,アスタリスク,3090000,411900,1061100,674100,1647200,931900,1379200,4618600,1631000,1225100,580200,1174100,1125500,981000,2539700,3006600,4077200,10815000,68000,2898900,9809500,3872600,7011100,538400,296900,1267600,731400,2738300,2693500,6497200,3902000,875500,95600,98600,283000,292100,117000,132300,184600,237200,259100,392400,1195400,368200,493700,648400,236400,262800,340800,267100,271800,332700,278800,353200,387200,475500,466900,503500,661200,982300,649500,715400,1380800,2718900,1585600,6125400,6645200,1375000,1326200,1251800,2360100,524600,523000,739000
6777,ＳＡＮＴＥＣＨＯＬＤＩＮＧＳ,164500,131500,211300,120000,185000,119900,109700,,105800,196900,197000,175500,125000,115300,140100,82200,95000,239400,146300,116400,153900,116900,103400,62300,149700,112100,121400,129600,138400,195800,261600,161800,118600,196200,170500,164700,104700,171500,208400,90900,119300,276300,175000,344300,158900,223200,217500,153800,210200,205600,338700,478000,231900,274700,266800,503200,177700,220700,265500,128100,138700,168700,276800,442400,676100,297500,358200,614900,321500,203700,303100,254200,368000,182100
6787,メイコー,471100,340300,497000,542300,659300,333200,280700,357200,225500,354100,356200,588700,314400,358500,415100,423100,487200,554400,614600,507600,499700,365600,611600,399500,516200,711400,494300,506900,748500,556300,916100,439200,512700,1004800,548800,525400,614900,392400,347600,418600,423200,370800,539200,660800,469000,573300,922200,560800,717600,412700,462800,713300,1154400,154600,438300,467100,368600,443300,473700,310500,359900,604600,461300,399800,419300,499100,401700,472600,347000,348500,497700,820600,715800,462900
4888,ステラファーマ,177900,252400,176400,195100,354500,208300,311500,144500,116600,156600,125000,566600,157800,120200,240500,311600,95500,244600,135800,265200,279800,332600,348500,484300,226400,441200,245100,193200,465900,734800,1217900,2239700,331200,211100,238800,270500,382100,336500,839500,180600,222100,307700,423000,749300,303800,1469800,395600,673200,822600,581600,751400,2726100,860100,2031100,521800,602900,1100100,345600,616700,631800,423800,754500,663000,1486000,1805200,2214400,2130400,1277500,2219600,2740000,1390700,1327800,1494900,4120500
6387,サムコ,118900,93200,314100,178700,128700,92700,98600,,49700,70700,71000,133200,72100,116500,94400,190000,79600,83700,132500,114300,103600,92200,78000,66200,68700,71300,89800,110100,135700,221500,166200,236300,321300,381200,480600,151900,158900,84700,137700,97900,129100,228700,222000,74200,88300,129800,144700,143100,133100,118100,132500,88000,130200,163300,111400,159300,150600,274200,327900,134500,152100,165100,217900,339700,371200,224900,98500,111100,142500,230100,200700,284600,279200,226700
6838,多摩川ホールディングス,268500,316000,268000,268100,420400,291800,197900,168100,117600,302100,259600,446100,200300,361300,287300,184900,271900,380900,334600,231700,292700,265800,397600,270300,433700,391000,660600,418800,340300,341900,785400,690400,1705200,27400,479300,311400,437400,574900,588300,292700,333000,379500,478800,331600,268000,486600,468300,383300,485100,497500,817000,600600,438700,406800,474400,640700,1706600,485200,379100,186100,334600,232100,546200,466500,813500,483800,1369200,2102000,1228500,485200,302900,249600,210500,565500
4307,野村総合研究所,3931600,3778000,7155600,5114300,4074000,3545900,2345900,1476500,1778100,2623100,2365700,3134600,3545500,2749100,1698500,2073400,2117400,2502700,2212700,2345700,2999000,3019000,1985600,2373400,3756500,2113200,2267200,2621200,2595600,2276100,4234100,2364500,1885500,2822700,1767800,2122200,1775500,2062200,1982800,1948500,2554500,2766400,3778000,8861600,4128500,3351800,2705400,3120600,2921100,4761400,5627600,5692100,4777000,3878000,2250600,3870100,4311900,4184000,5056300,3854800,6816100,8727100,9837700,7613500,5256500,3795500,3355300,2862800,3725400,4892600,4884100,3775900,3492500,3333600
6516,山洋電気,115300,165700,461100,976000,217400,209300,152600,,99400,112800,153600,159100,100100,134600,81900,97300,101800,97800,113800,91200,173800,187300,131600,172900,192100,132700,160000,191100,282600,154200,243600,118700,107700,103500,88700,123000,118400,119300,136500,112700,160100,257900,331500,209900,126600,142000,181300,130800,187400,159500,219400,133000,185400,150200,100100,214000,229500,184000,233700,169100,255300,801500,437500,288200,150200,126900,54700,37200,49500,61400,72400,110600,58600,98400
7381,ＣＣＩグループ,503600,706300,768800,889500,843400,574900,545500,398400,401900,478300,680600,932600,594700,600400,297400,492900,418200,500800,320000,291200,342800,359800,412500,657100,688600,437600,500500,334400,622000,446000,683100,325900,444200,413400,390600,823600,527000,659400,781900,356100,429300,822300,632000,513300,619200,497400,436200,452400,898600,467800,758600,650700,826100,531000,391200,479100,890100,947100,1553800,849900,937700,1000900,443900,391300,441400,546100,485800,308200,433500,321900,337000,256400,309300,444500
4417,グローバルセキュ,59100,97600,100100,48900,63700,48800,35300,33000,47100,47400,59100,117500,61000,93600,35100,31700,26700,61300,125300,83000,141800,178400,63300,170600,218000,60700,40400,29500,53700,56500,40500,52100,49100,34600,65800,41600,46300,37300,99100,63500,65800,116400,91900,169100,74100,82900,118100,131000,158700,82900,68200,41200,63100,107000,85800,157500,94100,171000,182400,450100,118600,75200,57500,49100,59100,54600,62700,37700,67100,115500,101600,116200,170800,47800
6981,村田製作所,27158200,41411700,2959500,43111700,47757600,31110900,20700300,22737700,28657300,31932300,34312600,43867400,26579800,37725100,36642900,32667200,29495100,41610500,43829700,20945500,24232500,21447000,27495200,22104900,21412600,21939600,21595200,23298600,27617500,26689000,47359300,37329500,31784100,37241100,28135700,59245900,42888400,53014000,47646200,34362300,25651100,40139600,50853300,75663400,46383100,24621300,36000700,20915700,15850200,11512000,10166800,11319900,13040900,11802500,12340800,12364000,14052700,15418500,24938000,18404600,30704800,10341000,8040200,8895700,10948000,7750500,7758000,10084000,13592000,15342100,13431600,9262400,7510600,10407400
6754,アンリツ,1700900,2220600,5054300,2119400,1753600,965100,1048900,,1391000,1543500,1850700,1832400,848000,951700,1069600,1291700,1106500,1792400,1380800,2380700,1501900,1660200,1720300,1344800,1648700,1894900,1546800,1581500,2624000,1201800,2632600,1535900,1091000,1671600,1432700,1649300,1695500,3653900,2565500,1745400,1128900,1890400,1520800,1644800,1358700,1749500,2323900,1844300,2474600,3148600,1429900,1634700,2351200,1471700,1283300,2888600,1779800,1709900,3034800,2390200,3721200,7904000,3154400,1272900,1155400,1462400,2052500,1078400,1136300,1050800,1286200,867900,1417400,2130600
4088,エア・ウォーター,1952100,2085100,885800,1064800,1092900,1316900,655100,847800,920700,665700,914400,896400,695300,958700,529500,604700,465900,508400,1054800,656900,1453900,840700,1068100,1226500,853900,1372100,2449400,1791900,3912000,561600,1086700,818300,546500,1084200,902100,964600,829200,980100,947500,473500,907400,1205200,1213000,2391200,1683400,2133200,1614600,1914400,1948500,3429800,6991900,3109400,3475800,2152400,2406600,3269100,21611100,3841500,7184000,19920400,738100,501300,517500,523000,592400,524800,572800,644500,621500,815500,1298000,950200,435300,906500
4091,日本酸素ＨＬＤＧＳ,478900,618500,822500,773400,1061000,388300,494000,397100,476900,440500,685900,518700,434900,506000,279500,476400,467800,322500,413700,706100,425300,780300,539500,680200,590700,753500,633200,502000,927600,381400,537200,401300,375300,474400,563300,858200,400400,511900,599300,483500,462800,653900,688000,1490700,633100,517800,917300,975900,462000,605300,507300,776800,875100,865200,1059800,2298400,2340700,895500,1653600,588800,892900,598700,539400,711600,944000,535300,616600,499000,497600,537300,745000,636600,487000,585000
6857,アドバンテスト,10006300,9793800,18131300,16409100,14777000,10348000,7722800,8849300,7493200,9245200,10348200,13442000,7789700,8956100,6766700,7330900,8863600,10152200,7803900,6649300,7931300,9115500,6204600,7822200,7261600,11040100,12921900,7695200,10134300,5949900,9887400,7501800,7837500,12037500,9988500,10241000,7237400,8322300,10067400,7157600,7606900,8806800,8218300,9408700,7244100,9423800,7936500,7253600,9851300,8881700,9174200,8750700,9938400,9547900,5799400,7971200,8727700,8963400,11005100,7144100,13127400,19894900,18594000,15405700,10679900,9077500,6400300,7633600,9985300,10852600,12810000,11460300,6508500,10849800
3891,ニッポン高度紙工業,309400,644300,444000,258300,255300,207300,143500,91000,75600,162000,162800,187300,140800,139300,192000,161500,238500,184400,227900,148200,246500,216000,170000,128900,137500,167100,255200,281600,314300,282900,231400,411800,456000,189000,381500,438800,475900,640400,433600,372500,192700,394200,359800,206700,192300,184700,249700,235500,161200,208200,148700,164600,118600,99100,108600,97600,119000,160400,197500,169200,242400,605400,484000,333700,127500,156400,182500,117200,54600,98100,143900,86400,71300,65100
4373,シンプレクスＨＤ,954500,1055000,1555800,978300,1420700,2659300,1856900,1082700,1042000,1161900,987500,1410100,630700,764200,586100,613400,794700,1565600,1742700,855700,1022100,985800,701000,794100,1125200,801200,566900,1178000,1163000,1111300,1647600,829300,621300,829400,1172100,1476300,763400,912900,494900,656700,1032700,1030100,1269400,1583600,1088100,1056800,1059800,1295100,1180500,1409700,1908400,523300,752200,666900,735600,888600,870200,855200,1354000,2461000,1172800,624100,1467300,480400,656600,802600,650400,813200,1412700,770500,1466100,574800,389800,820300
8892,エスコン,183500,364000,322900,305300,546000,231500,227700,,188800,160100,152500,151400,110500,130000,135000,138100,125200,98700,127200,104000,124700,127700,122100,200200,280500,138300,104000,157200,189900,195300,200500,143900,181300,168800,116800,231200,144500,148900,165000,153800,157900,159400,164100,286700,216400,157100,207500,209200,216700,310200,295700,338200,246400,220200,172500,194800,168500,170200,253100,277400,292800,397900,1087000,241900,144100,164900,283000,219700,121200,135100,162000,192700,180500,163000
9687,ＫＳＫ,1400,1200,500,900,2200,800,5100,,2600,800,1400,3400,1600,1100,1400,200,400,900,1300,900,300,600,700,300,700,2400,1700,1300,1900,2000,2100,1500,1700,3800,1900,600,800,600,1800,300,700,300,1200,2100,3400,1900,3100,1600,2800,1900,1600,2200,2500,1700,1100,1000,1500,1700,2100,8000,17200,1500,1900,4200,1600,1900,900,700,300,1200,4900,4500,2300,1700
1930,北陸電気工事,68800,155600,119600,197600,271600,931500,90800,45800,39200,49200,94400,86700,49200,74200,56400,35400,41300,43100,42700,34000,40900,38300,41300,35900,56600,36500,48900,68300,62200,106300,57200,64400,65400,52700,60700,89200,68400,44000,65000,75100,40900,56600,111100,53400,60000,67300,86000,36200,46500,89600,81200,94500,48800,51000,62100,119500,95500,84300,164500,265700,1081300,401700,90000,62100,45900,60400,52900,29700,27600,44700,68700,46000,40800,36600
8704,トレイダーズＨＬＤＧＳ,102900,284800,137900,100900,98000,82800,81700,60300,98600,99500,70800,151900,123100,100000,47200,32900,30500,76900,117500,76200,104500,118400,80300,94300,99600,62300,56000,100200,86000,130500,94700,116400,87800,69200,145000,124700,144700,107300,97100,111300,132100,69100,99800,121400,50100,80000,47300,52300,76000,123000,76200,97700,139200,114500,160400,110700,213000,359300,243200,801800,117800,96800,89100,68700,46700,76400,115700,82500,26800,67500,44700,67600,70600,57900
4733,オービックビジネスＣ,223000,213900,306400,302100,655200,335400,604400,927400,893500,1145700,269500,160500,168200,160200,134800,173700,142800,112100,162200,191500,266300,245800,201400,315000,301800,264000,279000,418300,262900,148800,257400,125000,292500,200700,177800,272800,241900,210200,162200,177900,239700,197500,243400,271900,178200,180700,187400,233000,166600,123600,271700,234600,275100,403500,192200,315800,262600,309700,470900,383000,498100,256600,501100,411800,618900,660200,1498900,355400,435500,380900,323100,290000,338500,345100
9733,ナガセ,22100,21600,22800,29900,31300,31000,24400,80400,53400,59500,16400,20700,12700,21500,10600,9900,15900,13800,17200,21300,31800,29100,11900,73300,32400,30700,24800,34600,21600,40800,32400,26700,27000,25900,23200,16300,30600,20400,23700,13700,21400,25700,27000,17500,9700,20600,28500,15700,23100,25200,35500,25300,30200,37800,18700,29500,19000,27800,43600,73400,44500,23200,43000,24900,24300,25400,36500,30600,18200,28800,40700,18800,32600,68200
9551,メタウォーター,213000,180500,190400,507300,268200,175600,124500,,84300,105200,108400,158900,83600,104900,72800,91100,158700,105300,119800,96900,82700,96600,95800,112900,168400,118700,142600,146700,123400,109600,130900,95300,90900,69800,128000,118400,105300,162000,139600,65400,71200,89800,216800,376000,128000,79000,107500,109700,80700,157300,152200,137800,152600,81000,113900,204500,146800,186900,166200,261100,216900,296300,601500,223400,109500,84800,87700,85800,104900,125800,133100,93400,69800,85900
2359,コア,18400,28700,17700,63500,47100,17300,31100,,20400,14900,12200,14300,13300,14000,16100,37700,14700,17600,18200,20200,17300,26300,42000,45200,38200,14000,33900,14300,18000,16100,16700,11000,13800,28500,12200,23100,15000,15500,22800,13900,40900,14800,20100,28100,34200,44000,52800,21300,11600,31400,29100,18100,18600,20400,26900,19400,26400,46200,52200,66800,158000,53200,63800,12600,19500,14300,14100,12400,9900,6900,17300,15300,14900,12800
8103,明和産業,178400,283900,313800,206000,215900,217200,185400,156000,125500,176100,199500,212100,143800,134600,216600,142300,156100,134000,187100,200800,199200,177700,178700,160700,188900,206500,189600,177300,189900,174200,185400,173200,141300,200300,205600,241000,268000,400800,392700,191500,197700,238800,343100,227000,231800,315800,216500,302500,256200,372900,298300,257000,394400,531600,439400,230200,368100,604600,1317300,1503800,1894300,202800,251600,296300,279600,293400,230700,181500,193200,320200,403700,356400,248400,211500
4709,ＩＤホールディングス,96600,160700,242800,76000,75800,36200,81900,46300,46900,43200,62800,54000,78100,57500,38000,62700,48000,99100,61100,56200,33600,42200,34800,44900,63300,59000,41800,54100,49900,55000,58800,63500,132900,140900,114400,99900,99800,150800,112200,34600,72000,83300,44400,88700,94800,73600,68200,45100,63800,87500,106000,89600,79800,131900,144400,82000,173800,89000,131300,409100,433600,73000,86000,81000,150900,65900,48700,47800,40900,55900,48000,35500,63700,51700
7981,タカラスタンダ－ド,123800,182400,691100,351600,153000,145700,209400,121300,104000,80900,86400,115800,127500,110800,116500,101500,80600,76000,86400,62800,59300,106600,103000,154300,121100,140700,161900,110200,120300,69500,132500,106300,47900,83900,107900,124400,102500,112600,85900,75200,92200,107100,123300,139800,90800,132500,171200,85900,92500,123600,96500,143700,89400,124100,150700,148900,144700,239600,337500,349200,889200,378600,204400,109600,140800,80500,98600,61600,127100,139800,185300,298000,348300,81100
8303,ＳＢＩ新生銀行,3817600,4945800,12815200,3256500,5082300,3389000,2434000,2807000,1919000,2306900,2953700,5049300,2501600,2401000,1745000,2145400,2597300,4141500,5157100,3193800,2934700,3997000,3386400,3400600,2364700,3380400,2973100,2844300,3004500,3285000,17936200,4222200,5468800,6082500,5226800,9096100,3807000,10033100,3729700,6477200,7740300,7833600,5477600,8612300,7493700,11956600,5735300,7995000,12444200,7575100,6968400,3089000,3415400,5926200,2505100,3521600,5132100,3737800,7619800,12861000,5059200,17287000,3559000,4957700,11445100,5367000,2986500,2053700,2152900,2438100,2736000,2690300,3364500,3617400
4382,ＨＥＲＯＺ,28400,48800,35400,36600,36800,65900,32000,,25600,29100,21600,68700,69000,69800,67800,94800,169300,35900,37200,47700,33500,49400,57900,119000,65200,17200,14400,17600,44300,36800,102600,16800,27300,52800,128800,105200,40200,106200,31100,18700,51700,36500,26200,62300,75500,41500,46800,26300,23700,19500,28300,35000,37600,47900,21500,26300,79600,36600,31500,22600,46300,74600,61800,53300,25800,12100,31000,20700,36000,54700,79900,25400,20800,27600
2327,日鉄ソリューションズ,295000,400700,501000,510600,372700,260200,318800,213700,244100,199500,241500,276700,220600,200400,181100,296000,209000,252000,336400,197900,372500,472200,286300,469300,394000,243800,290400,313700,342600,507100,791100,226600,325900,379700,241000,253000,191100,190700,134800,178700,246700,352900,210500,281800,247100,242200,245600,158600,107700,168400,295500,366900,294500,257700,340700,296500,241900,353500,323900,382500,361700,529800,365100,218800,235900,167600,133000,128800,270900,183600,217400,190800,227200,198300
1942,関電工,1116500,1732200,6796200,1645400,2398500,1062500,942100,757400,750600,826800,717400,1519900,970200,824500,735100,770600,855500,851400,987200,513100,763200,928000,655200,731000,840400,805700,762900,942700,916300,1069300,2033200,759400,836500,920800,1390100,1376000,778200,969800,889300,747600,1104600,2413900,958800,1430500,782800,783000,1278200,1276300,1103700,1166500,1076500,1318600,999100,1185500,898200,1450100,1230500,1397700,1967000,1585800,2659900,9927100,1078500,738400,1031900,808400,709200,372400,499600,918500,849500,591700,502000,655500
1938,日本リーテック,112200,130100,112100,92200,109400,99500,82400,77000,125100,69900,86500,130500,92900,64600,80900,56000,69300,68900,49800,67600,82400,75700,46400,58000,60900,55800,45400,35700,62300,38900,52700,68900,67700,48000,75400,88800,95000,72900,98000,74100,149700,99400,117100,84300,96000,110200,127900,116300,146800,130100,107600,184900,203000,158000,265400,403100,245800,156500,152000,170300,98600,189900,95100,98600,99900,106700,108500,96800,76800,94200,80000,99500,91400,78500
6436,アマノ,277100,564500,748400,391000,634500,730300,511200,,202700,191400,273900,284600,279500,201700,202100,268800,204400,272700,284500,242400,198300,171900,246500,235600,249300,163100,138800,170600,256900,173600,322300,197100,212400,214200,152700,213300,170200,229400,313200,165700,217300,168400,246900,280400,206900,217600,205200,204200,156900,286600,234600,209900,287100,293400,231500,269000,313000,346300,507600,401500,572800,727700,780400,226600,302400,283900,237400,133800,548200,211900,136200,176300,146400,267600
5410,合同製鐵,92700,135100,172500,112100,152800,96200,100100,53500,67700,74400,128700,98300,63700,92300,97900,80800,69200,67500,121600,75500,109100,243400,83400,62700,83800,71800,115800,75300,79500,99100,132200,117900,101300,82100,124400,100900,98900,164900,157900,112600,128900,206700,164200,130000,210300,210700,156400,147300,174700,241400,115800,166600,120200,125900,134700,129500,120200,189100,201300,238900,353200,473700,779300,76500,86400,105800,60300,53700,76100,57500,65000,51200,74900,112700
5440,共英製鋼,151400,249100,190300,180100,168800,122600,113700,,93400,74400,120200,112300,75700,99600,85100,93000,79700,94500,144500,81300,129500,160700,148400,238000,171500,196300,152300,127900,156700,170600,151300,114900,113000,109200,114800,98400,103600,120200,128300,84100,92800,169900,159800,185600,102100,122500,203900,113400,178600,185600,158000,135400,136600,238300,190300,133300,220300,264300,348300,365100,608300,137300,148900,99000,90500,87000,99600,122200,56700,68600,69600,73500,69300,62000
9505,北陸電力,936000,972600,1360000,1538200,1843100,1064200,997300,742600,704700,698900,1122200,1173800,799500,561900,699500,776800,698000,644200,964600,1101000,568000,761900,748000,707000,784300,541300,610900,926100,678000,585200,1118500,818000,883400,914900,1278300,990500,1134800,800900,1386100,885500,945900,940400,1213200,1473600,1557100,691100,728000,780900,743100,709700,868000,1159800,721500,654100,947400,954700,1513200,1633000,3913800,2544600,5515700,737700,1273900,712500,1085700,795200,676300,668100,570200,615400,704600,587800,636000,632000
8091,ニチモウ,5700,12100,24400,12200,32200,11000,18900,9500,6700,8500,20700,18000,13200,9000,13500,18900,15300,22600,12600,13000,10900,17600,10500,6300,16600,11000,34500,15400,15800,25100,29900,39200,13300,9700,25300,18900,14400,8100,24600,27400,30000,41800,26200,18700,16300,13200,36800,37800,25700,40900,48700,134600,34600,13800,15700,16600,25300,31100,32300,44100,48500,37300,132800,11300,15300,15100,10700,9300,7300,7000,8200,14700,14700,9800
6507,シンフォニアテクノロジー,234200,144300,232300,172000,233300,159100,143300,106800,102800,110800,129400,224500,118200,101000,126900,132000,121600,192900,177600,199300,128100,138700,152900,169100,104600,121500,150400,120400,136400,188300,225100,250500,248900,176200,143900,187400,217200,154500,209900,218000,340900,204200,370200,317700,231400,154200,174900,155800,205600,311700,295100,143100,303100,649600,165100,163400,174600,150400,291400,198200,175600,165100,98300,77100,140600,174700,114000,114300,122900,260100,195900,121800,140800,219000
9022,東海旅客鉄道,3808600,4205800,4408300,3270900,4516500,2777700,2928300,3037400,2560300,2532700,3903400,3012200,3232700,3602500,1960200,2264500,3001600,3720900,4949900,2034000,3111100,2448300,2489900,4226200,3489800,3077700,2765100,3089400,3734500,2116300,5672000,3769400,3410000,4201800,4772400,3929200,3340700,3640600,3521100,2342400,2570600,2842000,2876100,5172400,2430400,2385200,2264600,2768700,2349300,2895400,2568200,2609100,3211200,2469100,2442600,2408300,3195300,3953200,4824200,5579600,7976700,5280800,2248900,1967900,2725400,2063800,2349200,1851300,2082300,2481900,3961900,2643700,1816700,2276300
9536,西部ガスＨＬＤＧＳ,96900,92900,93000,96700,107200,61100,53400,64800,41100,62000,66700,67700,44900,38700,61400,99500,93700,73700,98800,95100,73500,73400,86900,73300,83500,48600,54300,55100,58500,77400,96400,59300,55900,62500,60200,77100,56200,68900,73100,56200,67600,71000,111600,88700,99600,70500,67700,53800,43500,61700,60100,96400,41400,45300,58700,66700,79500,85000,112400,183300,311300,64400,59400,44600,64100,66000,69100,61300,41900,49500,53500,44400,63000,74100
9506,東北電力,3307200,4527600,3642200,4552700,3882700,2468500,2483700,1801100,2183100,2621900,2880000,3457000,2907300,2181100,1641000,2069300,2485100,1907500,2430700,2552800,2817400,1949700,2103900,2862600,2353800,1805100,2095600,1653000,1678300,1663900,1762900,1393500,1967700,1926100,3314900,2277600,2742000,1721000,2547900,1860900,2763700,2761800,2757600,6022300,3141000,3922300,2098600,2775300,2738300,2807400,1942700,2835400,2067300,1797900,2202200,1681900,3031000,3157800,4570100,5321900,4600700,2428600,1406900,1505400,1706800,1772400,2511800,2524400,1683300,1406600,1844300,2277300,2823100,1871900
2127,日本Ｍ＆Ａセンターホールデ,2417800,3881800,9352100,4555900,2513500,1828500,1865400,2178900,1543000,1321900,1249200,1308600,807100,1066600,783100,1294500,1296100,1540800,2033300,2714900,1270300,1676300,1332700,2073400,2692600,2128700,1480500,1409000,1850400,1629900,2094300,1766400,1269200,1153100,1274900,1965600,1298900,1527700,1386600,1599000,1686900,1802800,1659800,1496400,2011200,2472200,1361300,1227400,1292200,1998300,1661400,1625600,1420700,1645400,1222100,1989600,1906700,2950000,5176300,4926900,3770800,2614600,1776000,2430000,2039000,1680900,2328800,1519500,1577200,1950300,1380400,945900,1537200,1646500
6753,シャープ,2798700,3816500,3430300,2562500,6074300,3513000,3646000,4402600,2572800,2477900,3694400,3247500,2107100,2506300,3024900,2876900,2681600,3315000,4165900,2414900,2840300,3556000,4593700,7375700,4599200,4674700,16373100,11892500,2646100,3363900,5709500,2829200,2353100,3151400,2643300,3103900,3530400,4039500,4816400,3247900,3776300,4830400,5366700,4595800,3081600,4278300,4749400,6306800,3614800,4040300,6038400,5034400,5889300,5881100,10113200,5895900,4612500,5707400,7741400,3565100,2632800,2650300,5150100,5950000,2865800,1688700,2007300,1775400,3268300,3007600,2633200,2979200,2646600,2670300
9064,ヤマトホールディングス,2884900,1782000,1771300,1259000,1998500,1716700,1781000,1092400,1171400,1152300,1383200,1636700,550700,1057200,751700,1095200,770200,1174600,1319600,1923900,1914000,1371500,1134800,996700,1175100,960800,1772000,1370800,996800,841800,2128900,988300,830300,1237400,1220300,1338400,1193100,1015500,1136900,811200,704500,1110800,1229400,2201000,825300,1015700,1580000,841100,1391400,985200,1231800,940700,1469800,954000,914400,1104800,2066200,1682800,2173800,1378800,1664900,1226400,1562800,931700,1059600,653200,713000,1070300,892800,1314800,1145900,954800,1367000,1269500
7181,かんぽ生命保険,1873900,2354200,2305400,3703800,2814600,2327500,2262800,2383700,2936500,2945400,2421800,2082200,2053100,1585100,1551500,1744200,1791200,3615700,2424700,1864100,2081400,2319000,2363900,3486000,2461300,2028900,2194900,3354400,2046800,1842700,2366200,1937900,1669300,1595600,1853000,3388500,2324000,4057700,2788700,2638600,1908600,3246600,2243900,6682400,3211400,2426500,2491400,2381800,2416500,3038800,3973700,6689000,3197800,1451800,2506300,1467900,1692900,2248300,2658100,1966200,2438600,2206100,1582000,1562300,2535100,2303300,2341600,1268700,2388400,2005300,2605700,2380300,1427800,1846300
6485,前澤給装工業,18800,26200,28300,24600,32100,15000,39400,16500,9600,23500,24300,27700,17200,11600,40200,28400,18600,52300,13700,14700,21300,22400,15000,11900,20200,19800,14500,11500,21300,27500,60700,23200,17700,13900,11800,23400,15300,25800,27400,11400,17500,19300,47300,15500,21800,21300,24400,17100,27400,38600,21500,31500,12800,48000,29400,9400,16500,20700,18000,17300,37400,25900,39800,31900,28700,30100,14600,18000,15400,14400,25600,16900,22200,14800
4887,サワイグループＨＤ,516700,495900,572900,430700,669300,426500,644100,293000,310400,472800,438300,523600,410600,347400,327400,403100,310100,332000,261900,356400,301800,458700,499400,669900,534400,829300,481100,509900,768000,608000,1124400,785000,653900,644200,808600,450900,346200,302100,501700,406500,476100,574300,444500,569500,613900,499300,705800,556600,466700,579000,1102400,2362900,908000,257900,218100,397700,437300,586900,378800,233900,421000,476700,233900,244900,380300,294800,236800,174500,151400,214900,255100,201200,182200,307400
5243,ＮＯＴＥ,470200,350200,359800,248900,212000,258700,205900,336600,341100,574800,205200,672300,238100,335000,492300,1359900,1512800,3714200,963000,578100,389300,514100,249700,381100,259600,166900,109700,110100,138600,126800,271200,310700,265800,191900,123000,117800,161700,273200,271400,155500,311800,267200,542000,161500,184800,225800,152100,137100,100400,128000,236400,151600,184600,276900,326900,413400,451000,578500,427400,204000,217500,603000,900400,630200,1607600,2203100,1699200,1218500,1295500,4575800,6309500,1048400,671500,275600
2702,日本マクドナルドＨＬＤＧ,415700,702200,872500,793200,1084000,554300,402600,,463800,539600,563000,509600,570700,465400,314100,597000,765200,575300,413500,429400,755800,564200,687100,1094400,2078300,3176800,1087200,764500,785400,1422500,930400,1437200,918600,885900,904300,802100,911200,728200,834300,690000,1102300,717800,729600,871200,631800,823900,397000,251900,452000,428000,659000,634500,488500,654800,1395700,651200,511900,440800,543800,216300,290300,231200,335200,270000,371900,345700,279400,314800,295200,380700,438700,456400,702100,621500
6890,フェローテック,1525100,1390800,2559700,2181100,2268500,3225500,2229100,6071000,147700,1232800,956400,2565400,891300,1807800,938400,1429500,550200,754200,914600,1003900,1253400,1055200,1095900,988500,1195500,1658700,954300,1423900,1074700,1397000,1282100,1223800,602200,763200,1152400,1510700,606400,695300,904700,1039600,1696400,898800,928100,1403300,531000,754500,801300,624500,948500,1491400,1181700,1612500,2302900,1927400,1176400,1740400,1518500,1752700,2695000,1432200,1190300,1868500,804100,1001900,1490700,681900,631600,471800,483900,525100,843600,455000,509600,638500
4966,上村工業,87200,85400,136200,81400,168900,108100,87300,103700,38100,44300,84900,113100,56800,68100,53900,54000,45500,89000,126600,94200,44500,126000,26500,40400,80000,45300,39600,34400,41600,67900,67200,55800,32600,48800,58200,47300,46000,38600,98300,27700,31200,42300,62200,54600,30200,28300,47000,43100,40500,73300,70000,46200,73700,60700,166000,81100,42100,52800,103000,54300,48800,31100,51000,49400,39400,51600,48700,51500,61500,48900,47800,57800,36300,50600
6146,ディスコ,1719000,2512700,4260400,2480800,2650500,2110800,1849700,4862000,1869000,2309800,1686400,1766400,1136100,1109100,1183300,1346000,1420100,1732600,1745600,1409400,1572400,1368500,1755600,1308100,1142500,1648500,1774600,1804400,1904200,1334300,2064700,1984800,2169600,2029000,4361400,3648100,1639000,1496600,1918000,2016700,2278300,1693800,1625200,2123100,1452600,1531900,1374100,1537500,2084200,1743500,1517000,2108200,2544600,1714400,1272800,1262500,1577900,1519200,2502700,1636400,2488500,2920700,3125800,2782200,4570700,2794300,1848000,2600200,1807100,2319700,2433000,2425900,1526300,2150100
8035,東京エレクトロン,3777200,4585200,14096600,6356300,7362500,4363800,2720800,3871900,3554800,4060500,3621900,6335500,3909100,4029300,3645000,3910500,3695600,4276100,3890000,2846600,4678700,4530000,5596400,5168500,4216000,4533200,4988300,5275300,4737500,3105600,6107100,5806900,4608500,4828900,4611000,7102200,5585800,7924500,3961100,4460100,4805100,5433400,2681900,3555800,3146300,3857400,2671900,2776900,2745800,3042100,2645700,2434000,2986000,2051400,2301000,1931800,2998700,3644900,4695700,5915900,4081000,3291600,3605000,2312400,2968500,2047100,3182100,2017800,2974800,4808800,3635500,3521700,3255000,4086200
6920,レーザーテック,3829600,4519100,6540800,3153200,3890100,3252000,2325700,2812600,3640900,3179700,3355800,5093900,7100400,2991800,4618300,2422000,2680700,2887000,3011600,2133900,2970300,2350700,3058300,2473000,2747100,2794300,3644400,3819200,4136800,3638300,5372300,7836200,7716500,3085500,4483200,3785800,2648100,3439100,2353600,2495600,2772700,3365400,2388900,2244300,2900200,3055900,4173500,2685100,3426700,3099400,2762200,3128200,3328000,3049700,2977300,3176900,3933100,3810400,5720200,7701500,3092200,3858100,4078300,4801300,5153500,4291700,3987500,3647800,3765300,5658900,9334600,4931100,3913200,6074300
5801,古河電工,30259200,15709100,39342900,16868300,22152000,19009200,10701100,10763100,10401200,17372500,15270000,23584700,16573600,20118000,16349600,16901100,15748900,19410900,15860500,18637000,23593000,26552800,28131000,20063900,14919400,2992000,3296800,4085300,6496100,6108300,1455100,2700200,2674600,4207400,2330600,3507500,3374700,4182300,3207900,3419500,3007600,4785700,4460000,8510100,5229200,4660400,4214900,4380900,4704200,8837900,5244400,7286300,6507600,7181700,12098100,7139800,3737100,4847500,5132900,2534500,3259100,4178900,3141200,2946900,4730100,3642700,4770700,4669600,5629300,6181000,6674100,7978700,10187600,10544100
6506,安川電機,5126500,6023500,8452600,6731200,8862900,9637000,7074600,6000400,6236600,9465700,8574900,12549600,12782800,25491900,10815700,5898300,5393000,5721100,4994800,6123700,5230400,4322500,4643900,4444100,4071800,4960200,3685300,4910200,5160000,7748400,4267300,5466400,3737200,3809000,3660700,5692100,4916300,5702100,5556000,3216000,3867000,5348300,6224500,5006500,4257400,4518800,6412300,5793800,6346300,5051900,5789600,5649200,6836600,7171200,4650800,7924400,6630500,6573200,5212500,3308100,5521200,4048200,6906800,2579300,3738500,3711700,5182700,5490400,3829100,3929700,4705900,5694400,14998000,5917600
2768,双日,1306900,2112000,2408200,1174200,1475600,922900,1035900,912400,1089400,1368700,1290600,1396700,1081900,1133700,1755500,1134700,920100,1173800,1612000,1035400,829700,1035100,795600,1167800,1048600,1027100,1175700,904000,942700,742700,1566800,846800,845400,1211900,1405900,1287100,1453000,1037600,1187000,916900,1060700,1413900,1401900,1601300,1528000,932400,1000400,1130300,1158300,1392100,1117500,1064200,1102500,1326600,1639100,1426400,1635800,3723800,5461800,9120400,1335200,1091700,1010000,721700,1027500,1037200,744000,994000,1128400,930300,1463700,1679800,930900,1219900
6305,日立建機,1844400,2607600,3270300,1425400,2626700,1106400,1424600,824900,831600,1162600,698700,845400,648100,687500,583900,677100,675500,826000,812200,586700,753900,1111500,776600,909500,831300,645900,762000,569300,821000,699800,958700,978800,1061100,546300,816700,1125300,968000,1117000,959500,1076700,713000,1194600,1222500,1575900,1163100,2016800,1999200,1186500,944400,1732000,1085100,2053400,1570800,2341200,4500300,1624900,940900,1532800,1493800,751400,1517800,1474700,1690900,1031600,1166000,572900,690100,760600,1311700,807300,688800,730500,563400,781900
8015,豊田通商,2883700,3437900,5575400,10299700,3050400,3089000,2433700,2035700,1975900,2255000,3515500,3073500,2015500,1696000,1611800,2679800,1794700,2417400,2593500,1349900,2089600,3315900,1931500,3042600,2127900,2531000,2062400,1839800,2437700,1641500,2509400,1730500,1409400,1549700,1944300,3366300,1943300,2496400,2198000,1620600,1785300,1733200,2229200,8257400,2614500,2807700,2000800,2521300,2172800,2307500,2265200,2132700,2944300,2687000,2832700,3005900,3050300,3476600,4626500,7293200,6712000,2281700,2062800,1419500,1791800,2524100,1322400,1530300,1847800,1756500,2235200,1442300,1794200,2607200
9101,日本郵船,3551700,3756300,3780600,1712400,2852100,2465700,3857100,3281200,2134200,2407100,3613400,4456700,2438800,2731100,1504900,2600300,2678400,2561200,3831100,2082600,1943500,2848600,2616700,2601300,2478000,3015800,2940100,2869700,3091100,2243400,4390700,4016600,3087700,2759500,3531000,2897900,3087500,3425200,3590500,3669900,3586500,2636200,3293100,5564400,3047300,2536000,1536100,2306300,2756900,3547300,2940400,3399800,2941000,3425900,3088100,3697600,5919900,3219800,3463300,2028700,4249800,5034800,3251700,2105000,2030600,1926500,2083700,2926200,2475000,2748200,3255600,2896500,2893600,3595000
7011,三菱重工業,55863900,21809900,22424900,15217200,16746900,14730900,13481200,14576400,15068100,13718100,21670300,21441300,19491400,12709500,13530900,14270300,16150000,25815800,24665400,35898600,15350400,17061600,19764700,19004300,23060300,16993000,19664300,14242700,20051900,13192000,23852400,31233200,23776900,27316000,21245700,19580500,18083000,17683400,23310400,23427800,28144900,30658500,35355900,34158900,25450500,19574600,25805000,22773500,28538600,20144300,20535500,21740700,26236100,38699900,33182600,57855600,23392400,25209200,32023200,13366800,26836400,19210500,18063900,18264500,32997300,20727400,21954100,22506500,24317700,23321000,27484500,16995600,16322800,17911100
1812,鹿島建設,1751300,2024900,1505300,2170600,2127600,1498700,994800,885600,721900,975600,1372200,1701600,1600700,1611400,1353900,1709400,1205500,1803900,2123100,1892700,1830400,2130200,2622200,2069500,1747500,1447000,1378800,1384900,2020000,1417300,1831600,2241600,2120900,3189500,3437600,2249700,1707200,1766400,1937100,1611200,2037700,2219400,2511600,4340100,1567000,2389000,2011400,2021800,1547000,2811700,2571800,3416400,3296500,4741300,3133000,4706400,2150900,2296300,2648400,1719800,3756200,3609800,1799400,1594000,2224800,2241400,1798800,1861100,2574400,1720600,1275400,1198200,1441700,1461300
6861,キーエンス,787300,744000,1256200,1095900,1893900,833000,675900,618000,496200,716400,610700,905400,442200,470500,626500,760000,450500,602200,561600,413300,468100,461300,491300,995800,509900,575500,510400,564500,531300,463200,984900,597500,659800,492400,595600,836300,626100,612800,727500,417000,529600,546400,592800,1485600,637100,766700,578600,869400,783100,964400,543000,612500,666600,866400,642400,1113700,1114000,1695500,2252600,1667000,1491600,2805500,1157900,735200,759800,746600,876300,692100,525100,536900,695500,751900,957000,688500
6324,ハーモニック・ドライブ・シス,1903200,1592300,1957700,1843700,2131400,2057600,1276500,918000,1075800,1683000,1489000,2014400,1285400,2312400,1968500,1638100,1489700,2271200,2481700,2883200,4155900,2363700,1619600,1892200,1471200,1548200,1401400,2023600,2282200,2503800,1420100,2523400,1930000,1234800,883100,1375700,1320000,2016000,2627000,1708900,1989400,1616200,2729400,1663800,1654400,1817400,1849300,1907200,1534900,1680400,3468300,1684000,3213500,5545500,3123000,1716200,1981700,2170200,1617200,1245100,2526800,1778700,3690800,667900,979000,972800,1114800,1151600,1368200,3199400,1790000,1070600,1436300,1063800
6273,ＳＭＣ,287700,262100,330300,194700,341500,326900,189300,213600,196600,242100,253400,427200,205000,358200,299500,366400,241400,287200,297200,273700,438900,407800,270600,253700,205100,258700,250400,280500,301100,222800,543900,317800,330200,275900,355700,429200,362200,252700,315700,253800,274600,331900,300300,731100,465100,379000,499800,510000,348300,533300,434500,539400,1165400,768900,285800,333000,381900,491200,594200,386500,595700,553000,676600,212400,222200,203200,144800,192600,299600,291900,248400,223400,333300,383600
4502,武田薬品,3851800,4750600,7218600,4859800,5289600,3918100,4647600,3633100,2920500,4253200,5394200,5074900,2986600,3586400,2451900,3123700,2773800,3668900,3488200,3686800,4074200,3538100,4177200,4329100,7388100,4148100,2958200,3983400,3723100,2503900,3916500,3465300,3890400,3072600,3450400,4711800,2623200,4145900,4621900,4448200,4360600,5041600,5212500,7712000,3797500,3687000,3811800,3742400,3251600,4328700,4414600,3372900,5258600,5453200,3887700,3103900,4684400,5448900,6380200,2628900,5930400,3363300,3749900,2389900,3932200,4930100,3375600,3105300,5111600,3812900,3779900,3179400,4180100,4293400
4004,レゾナック・ホールディング,2999400,2346900,4295100,3479900,4257700,3088500,2078700,1455100,1371000,2499600,2123200,3120500,1550900,1895300,2204200,1814000,2001400,2461400,3044900,2339600,3191200,2591200,2895400,1849000,2319000,3130000,2622700,2726400,3320700,2531900,3844400,2873600,2611900,4365600,4237800,4261100,3786500,2931600,3666000,2100000,2720300,3537100,3219800,14244600,4344800,3310100,4334200,4156900,4153300,2929800,3039700,3620100,4930400,7539400,4870500,4272400,3987800,2827400,4158600,1771800,2221600,2085700,2354700,3952800,3961500,5223800,2825800,1539300,2094100,1422700,2680600,2121800,2217900,2357200
9519,レノバ,553300,636900,740200,904200,685700,767300,796400,811400,673600,673400,769300,1404900,1167300,788100,632400,566800,568200,745300,596200,921400,667900,764000,776800,1778000,1417400,1221800,1354100,1873000,2340500,1432600,956000,1032500,787600,692700,1087900,573300,821600,1269200,1475800,1880600,1440100,1713400,1749500,1557800,1330100,996700,1204700,1344500,1505700,1943400,2372800,1436000,1571100,3271700,1402800,1475100,1555200,1523600,1249500,1396500,1578200,1958200,1730500,2671100,1792400,1174700,1252800,2028900,2816500,2176400,1621300,1829200,2196200,2138600
6752,パナソニックホールディンク,11196600,20470200,3715000,14208400,13158400,10584600,6117600,8822800,8184700,11203300,11240100,11689200,8823300,13282000,9452700,9336700,10477400,13708200,14299000,11643300,16061700,18343300,16448300,12658800,17869700,14190200,16212100,24122900,12373700,13849300,16565200,14399900,12296100,12023600,11714100,16282100,9323500,14321600,13293300,10487900,13402400,16005500,11490500,22141600,10582200,10089200,11042100,10734700,9240900,8845800,6087000,7607300,14918100,13884900,14747200,11139600,11236300,11707600,17088700,12213500,14720800,7892400,13460700,8440700,9092000,6724200,9019000,8048600,8182500,8106200,7239700,8035400,5818900,9024600
6622,ダイヘン,593000,370600,366500,312300,368800,513100,245300,120300,110400,203200,203200,475800,177200,280100,186200,229200,217500,481000,268400,200200,219500,277000,147000,191600,250600,186700,167400,215900,283200,283800,358200,510500,210700,185400,220300,193400,221800,229700,395800,267200,186700,183800,245500,240800,170400,172000,222600,198000,207100,275100,231000,154600,237300,264100,268300,587900,423200,272100,423200,366200,378400,188900,314200,117300,152200,104600,76400,69900,97100,141500,160200,160800,187300,234800
1407,ウエストホールディングス,546500,400500,550300,705200,469400,592700,611900,667900,516600,985300,1261800,1063300,2288300,588100,547000,789500,277100,327300,463900,358100,261800,446400,340200,323400,339200,365400,417400,796700,1153400,373000,545300,301300,332800,408800,541100,450200,663600,639900,458000,735100,596600,632200,857000,1122600,644200,661300,511800,733800,907200,794500,684400,467800,609400,714300,694600,1153700,746600,708400,1297000,1520300,1548900,885400,1610400,1391900,1043700,549000,923400,996600,1357400,1902000,2113400,1755400,750200,669900
285A,QPS研究所,51812500,69465900,1179600,91539100,86230700,39856200,55872700,42385500,39277100,50463800,50881700,41502000,37223200,53216900,48704800,39973100,40044800,48348100,46495000,40153200,56815500,44758400,29322300,36393600,44715800,43906600,29128700,50209300,43844900,23790200,34871100,30706700,28043300,36218300,33746100,38142700,50578100,39377200,44666500,36522900,34757400,43609900,43759900,42526500,41659000,44939300,38801400,25359700,55514600,31479300,50094200,822500,37961800,47858500,29747400,28465500,38790300,41407500,1272600,19165800,29168400,25822100,23623700,26027500,37506500,33385900,25308700,34333100,43942400,46786500,40950200,46069600,34739200,46551200
141A,トライアルホールディングス,666200,539000,399700,454600,526600,514300,292400,,346400,398100,268500,731500,330300,473000,838000,370100,423500,923100,1027000,660900,624800,771900,802900,671000,700900,843500,2054500,1854100,667900,561000,644700,719200,725000,708300,794600,789200,1139800,716100,948300,1158000,1114100,2080500,1351600,1052700,2342800,3547100,2116700,1224100,2077000,2380200,3530000,6921200,2195000,1118900,768600,863800,616500,715300,1285300,658800,876900,861200,975700,1418800,1583300,742700,805400,696400,517800,723500,703400,802600,1808700,1710600
464A,QPSホールディングス,1294700,1013700,1754700,1315200,2379800,2723400,2089100,2223400,844400,1780800,1073700,2776400,2237300,1375300,1283800,848600,1378700,2121700,1311100,1372400,1696900,2522900,1232500,1549500,1730000,2150600,1653400,1828500,2661500,1737000,1497500,1841200,2611600,2807700,5799400,2837500,2251600,2352800,2974500,3751100,3895500,2733500,4760900,4229900,3051500,3649100,3788800,3413500,1954800,2315600,3505600,1295100,2389500,3181800,1943400,2640800,2663400,2611600,1827800,1381400,1937800,1767500,1962000,2251800,2098400,2316600,2367700,2674500,2059500,2197200,3758500,5579800,2936400,5242000
1570,ＮＦ日経レバ,2830774,2805563,3944571,3700637,4061304,3804587,2519478,2937074,1959786,2935264,2845780,5785171,2483889,3193964,3548099,3151703,2918345,4345135,3724712,3237592,4376198,3546128,3597173,3069049,2895710,4319608,4696548,4611043,4573991,4225193,4000312,4327118,3531747,3727403,4699146,4334803,3628212,3611391,5626645,3457954,3110829,4783958,3756634,3451225,3466505,3259131,4388850,3558512,3343225,4064774,2741343,3636380,3845451,3399824,3004232,3193001,2909766,3474800,5277286,2557450,3686395,3421994,4911486,3329257,4975193,3203745,3306574,2502653,2842084,5218611,3257142,3780037,3041129,3912672
6135,牧野フライス,273500,1002700,601500,176500,354200,306800,194300,141800,281000,116600,157200,334200,183100,110800,172600,144200,153200,184300,276000,107700,136300,149300,149600,99300,162000,223500,541000,116700,95600,64700,168700,118500,117000,136300,131200,190200,190000,267000,255500,313900,200400,141400,273100,139700,209500,149500,187300,202600,164200,280800,375700,219500,226400,597000,154700,196200,658600,745300,1015100,671600,182700,231300,301100,982900,1918400,37200,58600,104900,87600,43000,166700,81600,118000,126700
6055,ジャパンマテリアル,588200,830100,1216800,752900,1048000,741600,527800,535100,664500,651100,656600,1072100,671300,1016700,907600,1186000,907100,1672500,2493500,754500,1071300,835000,900800,749500,913700,1158300,1250200,1048900,1411100,1241500,714600,853100,721200,1154700,1216200,937500,669700,935100,1110700,2016900,2493100,1079200,855600,662600,655200,780400,939200,625300,715300,689100,1158900,1183600,948300,1529800,1436600,1565800,1322900,841900,1164800,467000,543900,630200,522900,449300,817600,359500,302500,402600,374100,497500,677100,1025700,729900,712700
6862,ミナトホールディングス,311800,257500,586400,1135400,357600,297000,112000,109600,118400,198100,155500,465600,79600,81300,87800,99900,79900,193500,166800,111000,171500,168300,129600,135200,252500,297200,506200,379600,711000,1227300,1402000,360000,393000,347400,234700,215100,332900,508300,416000,273500,327400,399300,487400,385200,551700,661900,534100,386300,607900,566000,659200,671100,952900,2008500,45200,992200,1432200,914500,1237800,825100,879400,321900,784400,441100,268500,267700,210100,491200,213700,291500,714200,817000,464700,491400
2267,ヤクルト,1273700,1703200,4328100,2031400,1647900,850600,1074600,1368300,965100,1027300,1075400,1429400,778200,1684500,819800,815700,940600,1090600,914900,832000,1042800,941000,853000,911500,801100,830000,749600,808600,1013500,946500,1271400,1202300,1082900,889300,790300,1450200,778400,1324200,1104100,1123400,1102200,800300,1387900,1532600,1153700,1150600,1175800,1293600,831800,978600,1137500,1387100,1514400,1391500,2639800,4652000,1974000,2212000,3267500,9656600,1359900,1032200,1699000,10606000,1277800,1065000,811600,1165000,1042000,1106400,1062100,837400,742700,1053100
1618,ＮＦエネ資源Ｔ１７,749,1685,972,2602,1041,1011,1253,1462,1133,682,1128,1478,1070,1405,1046,362,1362,1695,3332,1302,3366,694,449,620,1130,803,976,545,1238,577,1087,639,968,2516,3584,2989,1228,871,580,445,390,1200,1162,1622,879,700,1831,685,2047,987,1465,1336,1892,3278,3590,2844,2228,1558,4479,1259,2215,2442,3201,2376,4246,2099,2321,3096,1987,1577,1982,3528,6594,3631
4222,児玉化学,190500,200900,220900,190900,351500,287800,178500,,95700,140500,184200,383500,197000,147200,194600,145700,112300,214200,171100,146800,141600,240600,82000,173700,155900,131300,145700,196100,252300,313700,120500,243900,197200,198200,334700,231600,298300,383600,255800,140800,153800,221400,356700,147700,174100,248600,204600,309800,232500,535800,502700,977600,1565300,501500,359500,1022100,466800,175000,217400,213800,144800,195600,185400,280400,210000,271400,245900,364700,261400,242300,349700,293000,160400,309300
7013,ＩＨＩ,16390100,12140600,15271700,9782300,11865500,8790800,8878200,,12137600,9040300,12349200,14372100,10935500,8653900,13028600,8812100,11074300,14543700,18813600,22035100,13751600,14849100,12172300,11127200,9232100,10656000,11688000,14352000,14681100,9808800,16515300,18210400,19151000,22736900,21248100,15452000,16053100,16867900,13512700,11346800,17891400,30379200,15719200,15591900,15132300,17678100,14069300,19705900,21342900,19995200,20962200,16221200,21303400,26350700,20584400,28393100,42420100,69373000,25106600,15600000,21212200,18091200,21920300,14535100,16998300,21936800,15800100,12843400,15677700,16676300,22129800,13505200,17170500,17523100
8793,ＮＥＣキャピタルソリューション,21900,39800,22400,34000,30500,17700,14300,10500,8100,13900,16800,22400,17100,12000,18800,23000,20500,16700,16300,19500,19400,23300,13300,18800,34300,21100,15800,16400,16100,15700,22200,19200,14000,19600,29600,39500,23300,38100,42400,31100,36600,26100,42900,22400,34300,20600,26900,26400,39400,33700,29500,36000,33700,27800,19400,21100,28000,26700,51500,57700,116000,50300,25500,33300,18300,19100,21400,16300,17200,26300,26400,20700,16700,21000
9962,ミスミグループ本社,1954000,3726500,3530500,1647600,2011600,1604000,1182100,1101800,1033900,1071500,1302800,1413000,861600,1220700,1043500,1313000,1214800,1824400,871600,742600,1001800,1373900,1054000,1597400,1775600,2068300,1102900,1411800,1012600,1041900,1476000,827800,969900,1520200,1267600,2025400,1165700,1682000,1667500,911300,1113100,1634000,1597000,1677900,1603600,1484100,1260400,1692800,958000,1271300,960500,1357400,1634000,1507500,1800900,1816000,2169000,2019000,3730100,2736400,4346700,2452300,2863900,776100,1106400,927300,769300,1124200,1075300,975700,1014100,776900,1125900,784000
6762,ＴＤＫ,16370500,23068600,20004700,16024600,20984300,14855900,8845200,7571700,6368500,9808700,13019600,17751500,8621900,12888800,13836900,12263000,10738400,16252200,15859800,14040500,11208700,14570500,15482900,14854000,12141700,18063900,10937400,14683100,18739900,14902600,18006600,13359700,11642300,17479000,18771500,19550000,14430600,15871800,17890100,18532200,12099400,17825900,23686700,28286900,24725800,15673600,20639200,14032900,11989200,11053200,10503400,8178800,13723700,13646200,9120600,10967100,10494200,14299700,20251700,14435800,33512200,14100800,14080800,13275300,12840800,17013700,10460000,14363800,21676400,23937900,12784200,7334800,9500600,14723300
4392,ＦＩＧ,719400,702600,1505300,982300,1560800,1375500,1287600,1189200,455700,1054800,742100,1624400,1788200,689700,1195200,1073100,939400,954500,892100,1352400,1002900,977900,1047500,1151000,1016500,1335400,2141700,2069600,1465900,3046700,3014900,1816100,2463300,2611900,3254300,4106700,9416900,7369800,9059000,8577400,5238300,6133500,5097100,12995800,15066400,30141100,2155600,16191700,10311300,40920100,216000,155200,1215800,20723200,15030000,28146000,182900,263500,127800,147800,251600,313500,386700,288200,560900,510000,617600,330300,64600,120100,125300,88900,108200,114900
8005,スクロール,461100,637800,223700,169400,155000,84400,138500,178700,114500,160200,120300,166400,131100,129700,193400,124100,164600,160700,123800,188200,293600,142500,215200,196100,167400,97700,132100,146100,160700,156300,145900,196800,199300,216400,162800,222700,168300,288200,217500,152600,180300,203800,297000,267400,198700,172800,199100,135600,187200,318400,285900,402300,337000,263000,425400,677500,1515500,106100,182500,150600,96900,135500,75700,72600,76800,70100,78800,64800,66100,105100,102300,88800,82100,109200
2326,デジタルアーツ,355100,313200,127400,123700,157300,130700,108200,156600,91600,210000,134100,957900,129400,134400,152400,102800,81700,96900,97800,83500,116000,139100,119000,103000,156700,148200,120800,163400,125400,177700,324800,126000,139200,143900,151000,206000,136600,195000,168400,190300,177400,357900,362100,564300,196100,176100,165900,234000,159400,201000,260000,345800,376800,306200,343500,620400,1083200,61200,317100,94100,98300,73700,158400,84400,146700,141200,90800,146800,157700,113100,85500,90200,106500,107900
6809,ＴＯＡ,101100,144700,65000,67600,81900,71000,94200,,61300,137800,142600,77100,62000,60200,66100,58700,83100,53500,83900,89100,95600,83200,89000,77200,118400,68700,70000,87900,55600,65500,108000,63000,78500,68400,69100,90100,79200,103700,112300,97600,80500,134700,135400,118100,183400,134700,118700,170100,153500,295600,112500,94500,155200,116400,146700,228900,468800,922300,349700,176200,74400,142200,121000,91700,86600,66600,100800,67200,99000,55500,116400,57300,64900,83900
3984,ユーザーローカル,63300,62300,66100,41400,49500,70600,73300,,87700,58300,46400,58600,58400,64000,82800,73400,67200,70400,100200,89000,170500,96800,137600,92900,280400,235000,134900,60600,123400,95400,120600,61400,73600,51300,68400,117400,137900,135900,282000,208700,135000,175500,145100,109200,104300,156300,128400,70800,96400,156200,70200,96000,96400,162900,193200,227500,228700,659700,141500,48700,70100,63600,59600,80800,96700,74900,53500,81400,73600,143100,80400,76500,84400,93000
7609,ダイトロン,980200,356800,161000,249800,149900,126900,113200,,70300,95600,106000,118100,73500,93000,104400,97900,61300,101400,94000,72600,58600,97900,81600,82500,97800,90100,62000,64500,88500,85000,93500,119700,53900,42100,54000,113900,115400,149300,156700,123500,82200,99000,112300,86100,111000,142500,111300,117000,130600,140000,207100,106000,166300,120100,119000,135800,266000,694400,275800,263200,106200,85600,98000,70400,75900,47700,57800,60300,66700,154700,125500,79300,61400,84500
7972,イトーキ,133100,230300,201200,234600,227900,177500,138300,96900,183700,136300,416100,215400,203900,236200,149000,154200,149900,413900,278300,260700,234200,211600,198500,210400,416300,920400,579100,302400,265200,262800,229900,279900,146300,203100,196900,207300,187200,154800,191400,189300,339600,437100,378200,447200,377800,384500,169400,262100,241200,201800,202400,212400,255100,222600,335100,441500,487600,1111000,363000,132100,277900,124400,218600,135600,108200,102300,111200,176300,135500,144900,199400,132300,143600,113800
6521,オキサイド,175300,196300,226900,474500,236000,220800,207100,124700,119100,218400,213900,426300,261600,700300,263100,154100,222400,187800,215000,142900,209100,181500,215200,187200,254400,446300,255900,427800,388600,405300,612600,248700,346300,340300,255700,318600,340500,673900,391000,317400,344500,453300,548800,603000,739900,473900,766100,738000,492400,516300,1073000,723000,649600,643500,592700,1160100,1248900,1383100,802300,277900,275700,308100,628700,445700,567900,969500,1835800,760800,585700,729100,1782400,2964800,866200,647400
9165,クオルテック,9300,18500,9000,5000,8200,5800,4400,7900,4000,7100,5400,18100,3100,9600,7600,7700,6800,7800,10900,14300,22900,17000,21700,46500,23300,11900,12900,17400,32300,31000,23500,18700,14800,12400,12200,19500,20700,35400,42400,21000,45000,38200,49700,41900,118900,93700,158800,93000,25900,65800,32100,41800,39200,18500,21700,59500,97100,277100,35500,9600,4000,8000,8700,3100,8800,10200,3900,8500,2300,12600,6100,12300,5900,8500
6902,デンソー,9155100,12369700,24785700,10346100,16382000,8698300,9471600,5223600,5257000,5778100,6563300,6893300,5965800,7499700,5393400,5592400,5283300,6662400,8806000,6256200,6387800,8038400,9162700,9201100,16027300,6364700,5827600,6647500,8471500,5402400,14131300,8346200,7011600,4906500,8140000,9110900,11073000,7457200,9215000,10318600,6624500,8136900,7086000,15164500,6752200,8515000,8828900,7670100,5200800,6774500,6452700,8048500,9868300,9570500,6720900,6711000,7043400,9299300,12597500,7821900,18844900,25897700,11689500,5990900,6515500,4384100,5127700,6926600,6138500,9172600,9168200,5753500,5465000,6071300
6928,エノモト,52300,43000,54900,52900,113100,65500,43100,39500,42500,35300,50900,51400,9500,29500,41400,35200,31800,52800,54700,36300,40300,46400,33700,24000,29200,30300,23200,26000,32600,27400,23000,25000,15200,31200,32800,55600,32000,49600,45600,25700,28400,33800,42900,53400,52900,38800,30400,50700,28800,65400,68200,32300,47700,36400,50800,115900,308400,48000,57800,66100,54100,22900,17800,20900,26800,22600,17600,18900,24600,28200,50100,31300,14000,24500
5632,三菱製鋼,55700,90900,88900,88700,127600,76200,46900,,42300,36400,60900,98300,53300,80400,57700,56400,48900,84400,56700,59200,65600,89300,57600,104400,88100,66600,61500,82700,153500,125100,126600,133800,28900,35300,67300,83400,58300,71500,113000,77300,98900,100300,100600,103400,113800,154200,108500,101500,133600,105200,118500,205100,370700,335400,252400,108000,213900,67500,72200,73600,80000,70600,69200,72700,62100,63700,48200,54700,50000,60300,68700,63800,83100,74100
6098,リクルートホールディングス,3354300,3639900,5277600,4406500,5734800,4814500,3937600,4119800,3322700,4886100,4766200,3748400,3138700,3951800,2485900,5272800,5074700,4395900,4937000,2763900,3942800,5231300,4344900,3968600,3469700,4029100,3424200,3668000,4265900,2822700,4637000,5207500,3628100,2743600,3258800,7113000,4717800,6072500,4476500,3111400,3122600,4746500,7506200,17460900,7644100,5574200,3397800,5224200,4791900,8907400,16251100,21985000,8557900,7107100,4579200,4143200,4240800,7525500,8411200,3535400,7038100,11715500,3826700,5591600,8410200,6754900,5620900,4445700,6301300,3896400,4604200,4450500,4658000,4598700
6361,荏原製作所,3221500,2045800,4341900,12021400,4739000,3626300,2275300,2188200,2799000,3771800,3711600,4306500,3240700,3364700,2081700,2703900,3088300,4263800,2923400,3531200,3285600,2787200,3763100,3817600,3048200,4188600,4059600,2646800,3439500,1870200,5643000,3696000,3437000,3206000,4425200,2920300,2568200,3427500,3192900,1687900,2272900,2891700,4060800,4360300,3110500,3544400,3711800,4302300,3248800,4155100,3194200,4428300,5374800,3227300,2217500,2567100,3410800,3325300,6871600,1790600,3556400,4089500,2855200,2647100,3450000,4481500,1813400,2190600,2076600,2920800,2891900,2357100,2015400,3960600
155A,情報戦略テクノロジー,13200,35800,24700,22700,36500,39800,15300,,17500,15700,30500,97600,58400,30500,30000,22600,29700,38500,29200,32800,33600,53800,27000,27700,20600,59100,46700,228900,48700,103400,54900,45100,58200,29200,34100,35200,39500,45900,84000,61600,67600,115500,33400,90300,40000,61700,47800,38200,45800,106000,183800,344400,217900,87900,61800,28100,28400,25600,22900,23100,34400,30900,34100,17500,22500,25100,28700,24000,25300,33100,54400,33700,110200,76500
278A,ＴＥＲＲＡＤＲＯＮＥ,2114600,781700,1202700,469300,947500,1351000,897800,1593100,1834800,2125600,3579000,4024700,3747900,976100,1809100,1877800,1308400,308200,874100,1155200,420400,299900,169900,182600,197000,258300,262700,437200,1138100,1121300,455000,906800,2099300,689500,810300,559500,630800,1250900,1781800,430500,418800,391800,423300,633600,1051000,956500,643500,521900,720600,750600,1680900,1220200,2123900,1887300,4134500,1320900,1134000,2416200,2877500,1631300,2508400,927900,846600,1400400,2371600,1257400,662900,744800,904700,1875500,849100,1877000,749300,1106800
300A,ＭＩＣ,3500,8800,14400,10400,13600,9400,12100,,13800,10700,7100,12800,9500,7500,12700,4700,7000,3400,11300,5400,4500,8500,11800,5000,11100,8000,8400,11900,7700,3100,13000,18700,5400,10000,17500,22400,19000,7000,12400,7300,16000,9500,17300,15900,6300,8200,13200,13900,9900,17700,18200,68300,101600,35800,17800,24600,19300,13900,26000,23600,24400,15100,40400,20300,24400,20400,14000,12600,19600,21000,27800,28000,29100,22100
4776,サイボウズ,169200,276800,215100,356900,843000,427900,312300,231100,290400,229900,228200,211700,230500,212600,249500,276200,337500,327200,336100,367200,438100,651100,263500,375600,630200,413600,482000,485200,520000,267700,340500,311500,294200,327000,274800,615300,393900,282700,360900,404600,486700,756200,746600,586400,336200,332500,617500,427400,727700,614500,697500,774600,1779700,996400,555900,540800,621600,721200,741200,348000,1118600,598300,372700,400100,646200,300800,539700,569400,1129300,782200,689800,652800,478500,779500
4704,トレンドマイクロ,844700,633400,904200,2023900,1383400,893900,895100,826600,624800,764300,930600,2450000,892100,847800,577200,779900,764400,957900,877300,667300,854600,1102100,661000,1003200,1028300,642600,728200,825500,967300,614900,1762100,849200,914000,831800,844000,1214800,695700,828400,1157200,2647200,1217300,1063300,1131900,1228900,842400,1074600,1342600,1094200,738700,1028500,1367200,1233800,1500300,757900,525800,601400,686400,1374200,1178000,893500,1219300,848300,1033200,959000,1158800,1031000,1436500,1741300,2337100,5516300,1065600,911800,913100,1431900
6370,栗田工業,498600,509900,832300,632300,721300,778700,342500,416900,281600,489500,466400,712200,237100,427200,381900,361400,458300,390100,410000,451800,495200,413800,414800,507700,751300,458600,503000,337300,430900,532200,684900,511700,701100,709000,498800,561900,504000,368600,725300,401900,348100,502500,377300,556400,493800,473600,489100,444600,492500,791300,815700,815800,1030400,845700,426700,611800,837400,914000,795900,653800,827500,661400,766300,582900,534400,577300,421700,368500,662400,566800,461700,627200,344000,404400
7014,名村造船所,1085900,1970000,1471400,1116000,1851700,1748900,1417500,1717800,1197800,1664700,761700,1395500,1343300,1218100,827200,702400,1197500,1629300,2796400,2436500,970400,1166500,775900,578700,960900,892100,420600,506900,1041100,884700,959700,803900,1283000,1306100,1842100,1123200,1591100,903000,1128800,1314900,1325000,1314400,1615200,1763900,1352400,903400,1040400,999800,1049700,1110900,1733300,2957200,3007100,2677200,1590500,1341800,1082800,1312000,1634000,794000,928100,924000,1509300,1114100,2179100,3014700,1432800,1011600,849800,1421900,1260400,779500,1001700,2145200
9880,イノテック,174300,160800,209200,187300,230600,135100,130600,87700,72800,98100,154700,221500,78700,115100,95400,92700,111900,166900,139500,83000,148400,136600,126700,136800,144600,131700,138300,99300,179900,241500,135300,151200,176800,165600,154100,165600,141400,134400,205100,194400,192800,213800,202100,181100,222600,248200,304900,289800,370600,513400,678700,575900,809200,292500,179300,310600,365800,226700,578800,130600,122100,105200,148200,103600,86400,113300,86300,94600,89700,176900,315500,128500,81900,110600
5253,カバー,1050600,1789000,1829100,1923600,4186500,5686400,6710300,,7130600,2059500,2019600,1180600,888800,1105000,1044300,913300,1762900,1793500,1556000,2174600,2033800,1463500,880400,1483900,2234400,1474200,750300,1467100,1492300,1447200,2579100,553200,639100,846500,841800,1937900,1688700,1560300,913500,1461700,842800,1012000,1599500,1198400,1500000,1658700,1873000,2190200,2305900,1624400,2444700,2661900,6319700,1537700,1169500,764900,852700,759400,1156100,712100,520000,658500,666200,676100,620100,531200,373500,609600,709000,872000,463700,596000,631600,1585100
9104,商船三井,5016900,2976000,2683900,1951100,2913000,1910600,3032100,1943800,1618700,2304900,1967600,2570000,2238300,2358400,1602500,2650600,2080700,2819900,3707700,2442600,2025300,2629600,3466500,2545800,2820200,2617600,3199300,2223000,3014900,2490100,4248600,3703400,3724500,3239900,3213300,2554800,2397100,2711600,3257400,3680300,2829200,2569800,3334700,4613300,2584400,2733700,3054400,2208700,2182800,2967900,2194000,2312700,2388400,2998100,2542200,2624200,3547900,3681700,4481600,3181100,7661200,4200100,4504600,2819100,2752600,2322000,2305800,3467600,2317900,3442200,4716800,3725600,4063300,5396300
6366,千代田化工建,2988300,2956700,2478000,2245000,5032200,3944800,3394000,2560900,1580300,2342000,3286200,4687200,1824400,2101800,2908900,2034400,2014700,3001000,4033500,4267400,3708400,3972700,3342100,2108000,3081800,2729600,3596500,4773700,2771200,4536900,3674900,4742500,6059600,3773400,10543200,6198200,3403200,4588200,3887800,3119800,4870800,4486900,3871000,5356800,5182000,6148200,8265700,5960400,4243700,6685800,3519700,5242400,4850200,9155600,7739300,23452600,7876800,5003100,4266200,2600400,3912500,3595300,5289900,3957600,4411800,5195100,7011400,6931500,6651200,7639800,8219100,7141500,8580200,17029000
6140,旭ダイヤモンド,445600,430100,681100,476000,876000,764300,456400,,332500,457200,718900,891600,827900,686500,347600,362100,307400,821700,541400,354700,468000,330800,522400,474000,668100,468600,437600,592600,854700,590300,563700,498300,524100,500400,650500,479300,539100,640100,744700,606900,413600,558100,781500,653500,861200,1000500,855800,1172400,704400,848900,1253300,1618700,1384200,1036700,1266000,1239600,901200,951100,963300,643700,758100,725100,1009100,2147000,1437400,1531600,2301500,6632400,6091500,714800,870000,657200,685100,1090500
1514,住石ホールディングス,392000,444500,224300,203500,264200,233500,242700,230000,230800,323200,284200,416400,272100,331700,281600,290900,260000,230200,540100,560100,302800,341600,203700,277600,295100,218600,287800,250400,398700,575900,529100,527200,445300,202400,292500,260900,280000,316200,418900,522600,441900,332800,433500,394800,541100,658900,704600,505600,598100,858000,603000,1650800,520300,555600,376900,504600,448700,428300,555600,476200,530800,407500,673100,796400,1209800,994300,637900,1601200,962100,2748900,708700,837300,1528600,1787500
5631,日本製鋼所,1289500,1266700,755000,637900,1107800,601800,592600,529800,923100,669000,773600,1305400,632600,1113500,755800,835600,908300,1644600,957700,1454000,761700,829200,1053900,692500,870100,925300,1062300,1275200,749200,730500,1411100,1000800,1676600,731700,913600,1130800,1364000,810600,1267800,2113400,787700,861300,1142900,1344900,1101300,1042700,765800,1052100,1611100,1624600,1521200,1217400,1557000,2817500,1064500,1029200,977100,1299400,888700,946400,709100,554100,714100,1211600,1134800,892700,1240800,571100,686600,763500,1564600,604400,814400,1030100
6674,ジーエス・ユアサコーポ,739400,659700,768400,896100,1026800,942600,683400,632300,786500,1114400,865600,923800,798600,824700,756300,551800,689600,846000,693900,728200,587000,742000,762300,1157700,832800,938200,715600,699700,669600,1647300,1210900,619300,766500,802200,784500,891800,733900,979000,1202100,981600,1541300,1825100,1817000,977000,733700,736500,506600,738900,759500,800700,787000,880500,1301000,1883500,2288300,1017100,1039500,959200,1308400,905900,1050300,963300,965100,1113900,1317700,1334900,1483500,1012600,962700,971500,1143800,860300,760500,925800
6955,ＦＤＫ,91300,141500,306400,217900,209000,178700,114200,,105000,130200,91700,274900,74500,123300,86400,123000,78200,163400,142500,300700,174300,161700,85000,194700,114300,193200,137500,179600,466100,427700,184000,227800,397100,438000,394700,391700,407300,1225900,4575900,979300,1712300,1925800,625300,133500,178600,95000,71300,48000,46200,68100,36300,40300,78800,60900,33100,55200,186800,209000,298400,45000,243900,57500,69100,32900,91500,51900,77200,60700,83600,77100,109700,73800,91200,138700
281A,インフォメティス,122900,134500,81200,78200,145200,203300,101600,1225500,53400,115000,96500,287400,175000,220900,148400,418800,683200,30100,183000,262900,193100,1009300,303000,293700,556100,473700,2230500,475900,1037800,300900,352000,439900,614500,3411400,27200,212900,227200,246100,306400,437800,273100,265100,519300,510200,477700,717900,1158600,556100,568900,662600,1884700,933800,831600,354100,375600,1037400,575900,614300,552000,570100,350400,467900,1207800,656900,781200,1310100,2374900,2644500,3003900,3726700,6250000,5625300,3634800,8330400
6356,日本ギア工業,89000,82600,439400,134300,163800,158000,195400,164600,84400,182000,391900,360300,135100,273600,235600,244500,620000,369500,454800,903600,487000,261500,111200,130500,273500,140100,182500,299600,303700,282800,261300,362700,1265900,198600,174400,284300,265400,288100,467300,421800,167000,178300,220600,232100,311400,516200,291500,315300,153900,183600,201800,369000,379900,572700,1067700,349200,267400,338400,293000,540800,714900,1184700,1159400,6561000,3361100,292000,383900,647500,495600,1331700,1287600,787800,840500,1012500
7711,助川電気工業,56800,60800,116800,56100,62900,80500,70100,,39500,49600,67700,162200,76300,136800,40600,59300,84400,43800,45700,50700,45800,46600,24600,28600,46700,32300,34900,27700,64000,143700,195100,180200,121900,76600,54900,74600,66200,91100,90800,244500,49500,64400,75500,39500,73600,161900,102400,72800,45200,115000,88300,74800,65800,101300,50200,88400,100800,136800,857800,69800,78100,59000,101200,103200,263800,142300,134800,81300,43800,132700,91300,66000,77700,121400
6376,日機装,268300,257700,316000,267800,849000,530100,282000,264000,272100,529400,607600,783300,303800,359400,331900,451700,397100,482800,462400,304300,335700,355200,657500,608400,716900,692300,499000,368300,560200,379600,743300,549200,723000,704000,703300,670000,451200,828700,682700,372400,382300,524200,386900,1444700,364400,502000,851000,506700,446100,407700,514000,1019800,677400,275500,178300,253200,232700,289900,344100,216900,226300,307700,456600,508300,233000,562100,299500,193900,282800,289500,252500,296800,221600,325100
9115,明海グループ,35000,16000,23300,43100,108500,44500,63200,67200,59400,37400,17400,68700,28500,18200,10400,16100,16100,10000,18300,24400,21100,17700,30200,16200,26100,11600,19000,38500,137000,36900,32800,47000,49000,35400,58500,55800,37600,31000,30100,39400,76800,33100,40300,20700,31100,11000,29300,25900,18100,20900,81000,14100,45500,38400,39000,20600,33100,61100,111800,93600,55300,159900,70100,120900,72700,56800,73300,130700,66700,82800,187400,238800,359400,320300
3864,三菱製紙,183200,263800,215800,175800,208900,247400,186400,305700,332300,992000,581900,144200,312100,210000,262900,117500,304200,118200,136900,114200,57200,144100,144300,307200,161500,121300,131100,117100,106900,118100,152400,253100,126500,150500,169000,129500,187800,186900,239900,103000,194100,197600,181600,177600,203300,344200,402800,418100,288500,165700,365800,368900,730100,252700,118200,216000,161300,271600,208900,168200,205800,221000,656700,260300,223600,245600,282800,378400,351200,385600,283600,124000,287100,185600
6997,日本ケミコン,812600,1272400,2390400,1686700,1494000,1108400,616400,715000,549000,1045200,1251400,1454800,1091700,1453400,1261900,1029900,1026900,2126200,1956100,1365000,1361300,1062600,1057600,776400,1593600,1147300,1974600,1651500,1038900,1595400,1553000,2435500,1138700,1247100,1541200,1795700,1649100,1359000,1804100,1442800,1291200,2333100,3239900,2453900,2223900,1714800,1168700,2192100,841800,717100,1164000,1004100,1608000,1043000,548800,540600,970400,1252600,1097100,619700,1261600,724800,996100,971400,1177100,754500,1045000,1301900,1257900,1142300,947900,896900,498100,447100
4544,ＨＵグループＨＤ,267500,287000,243200,373400,376700,264700,188200,121900,129700,200000,159200,167900,218800,169900,190700,236900,293500,295500,223700,197000,242600,256900,221900,377500,252200,217100,433400,305300,215300,191900,195800,388800,302800,210200,409900,347900,221700,353100,223600,240700,288600,469100,278300,403800,262300,245800,204300,185000,332000,258400,307700,308600,412500,421800,276200,188900,194600,263300,259300,121500,246900,446500,363500,305500,309200,347900,210200,97500,170100,164200,190100,212900,211600,204100
6848,東亜ディーケーケー,1500,4900,2800,1400,4400,1100,5500,,5800,1700,300,5100,7000,2700,4300,1600,5300,3800,2300,3200,3400,4200,15500,4100,3700,3800,8200,5000,8500,12500,3200,6000,3800,2700,3000,4800,5500,11400,3500,2800,5800,5600,3800,2600,2500,2900,6100,5500,4900,11400,800,6600,7100,3600,1700,4100,4300,2100,3300,3100,3000,1500,3000,6200,4300,2200,1700,4200,1500,5200,2600,1500,1200,3900
5702,大紀アルミニウム,265200,455800,384900,246100,374100,383200,364700,216300,181700,234000,200100,474800,148200,283000,236200,230300,258300,339600,345900,219100,250500,215100,212100,213500,355800,259300,338400,263600,284500,200000,302800,187000,308800,341400,189500,220700,210500,290500,337200,242300,234100,304900,279200,262200,285000,347600,295400,380200,320500,281300,384800,410800,611800,1315400,208000,253300,209400,396600,264500,250700,350600,210600,161500,164300,200200,179400,220300,152300,138500,165800,238100,435900,204600,230700
7952,河合楽器,21400,36900,17100,19700,27200,51400,19300,5100,9000,18000,19400,62100,10000,11100,22100,15300,6400,11200,9000,26000,18400,23300,45500,44400,44100,19800,16000,12400,19500,10200,54600,27800,38900,22600,25900,13500,32600,21000,60000,14700,29700,10600,29400,27800,44500,13500,17600,8700,17900,39500,19800,31000,77300,22500,27900,42500,30700,28300,9700,19300,19400,7300,14200,18000,19900,15300,6800,6500,17600,42700,12500,11300,11900,31900
3002,グンゼ,122700,183600,535600,200200,245100,205100,233100,,95500,96300,100600,128300,111600,96200,144100,223700,103300,113200,165200,169400,200300,209200,95900,144400,167400,140600,167000,114600,121600,120200,150200,154600,150300,120900,136200,394200,142000,260200,199500,118500,103100,128000,208600,202700,192700,230500,146200,156400,142000,251300,314300,303500,347900,569600,202200,218800,127400,305300,234500,259100,312500,361000,229100,155700,275400,265800,283500,137000,196400,167500,220300,162800,185200,166100
8871,ゴールドクレスト,69500,92900,96600,68700,63600,70200,45300,,45200,46400,38900,123800,27000,25800,24000,31900,21700,51500,22100,27000,28100,37500,57500,38700,24900,30000,23200,28400,41400,37500,48200,37200,23900,33600,30500,30300,35300,32900,53000,60500,52900,43800,54200,54900,38700,43800,40400,37700,56700,36900,90400,86000,147400,46800,35600,14000,14700,17600,17500,20000,25900,36200,66200,15800,22600,34600,13900,18800,31400,22700,18100,20600,14300,30400
6918,アバールデータ,48000,47500,46800,20100,79500,25300,21100,,13700,24200,37500,69700,10600,15400,20200,23000,15100,24400,12600,21700,23400,21500,38500,12300,26500,22100,27100,22300,27200,35600,26800,39500,26700,22200,21000,29800,27800,46900,39500,25000,34100,35200,25900,19100,42800,19500,16300,29800,14100,19700,45900,53100,76800,60400,24500,47800,93600,23800,60400,38900,12000,17200,47000,18500,20000,41600,36100,30000,21600,5500,19000,26200,27700,12800
6488,ヨシタケ,6300,8400,22600,3100,3500,2600,2000,4900,4600,10100,2200,7800,4800,4700,6500,9200,10000,5700,10500,2800,12200,12300,4700,1500,3800,9100,5700,6000,10200,8700,7100,5300,1400,4000,6000,5300,5400,9100,1700,2900,3800,3200,5600,3600,14700,2100,4000,6700,3300,3600,7100,13400,17400,12700,800,1900,2900,3500,4400,4600,400,1200,5300,2800,600,8900,800,2100,3000,18600,800,2000,1900,2300
8007,高島,101000,137700,112100,100900,113600,153100,111300,66400,52600,72900,71400,123200,89900,75100,127600,74000,80300,74200,150200,154000,85400,124000,108500,93000,97300,51800,117200,67700,84700,93200,99000,92600,208400,184600,203600,78500,94300,84600,119100,110100,97200,166700,213600,95000,92400,77500,149800,93800,111400,225900,253700,260500,504500,995500,670900,141100,127000,79700,65800,63800,86600,97500,139400,110300,130000,192000,164800,214200,83900,63900,72100,79300,82100,71400
4218,ニチバン,13000,32500,31200,21600,28400,16700,15200,9500,12300,14700,43700,18100,9700,17800,10500,14300,11700,22600,13100,12400,24000,23400,19600,12400,22900,10900,19800,20600,15500,21700,52300,16900,13500,10700,14100,21200,18500,18900,28700,10400,20300,22500,33000,16000,20800,9900,16200,9400,8800,20700,32400,36000,33000,42000,12400,8700,14500,25000,12200,16700,21000,20500,29000,29700,27000,22600,18200,13700,9700,14500,14900,17800,14200,19600
7735,ＳＣＲＥＥＮホールディングス,4379000,4234600,8553700,5993400,7092300,3249100,2458300,3455400,2716900,3615300,2953000,5140900,3531000,3155500,2505600,3056300,3076600,3515900,3336700,3715700,4140700,4075500,5837300,4417400,2517400,3561100,3684200,2819900,2801800,2544200,3777500,4061800,2431400,3407300,3138900,3457600,2463400,4607000,2387100,2322300,2664200,4984700,2562700,3399100,1835200,3065000,2190400,1935200,2575000,2035000,2201300,2438400,3181900,6055300,2359000,1566300,1802900,2098900,2915500,1902200,1565000,1906400,1991900,1634000,2201900,2212500,1531300,1700400,2542600,2684200,2390200,2226400,1954700,2872200
3905,データセクション,4969800,2144700,3770000,1764400,2191500,1464600,1184500,1429500,1401300,1917300,1280800,2018100,1299100,1131800,1933800,2870200,1879700,1914100,2391200,2293500,1832100,2069500,1107800,2501600,3664600,2849400,2064200,2340500,1929300,2336800,3950300,2076400,1545200,2267300,3244700,1771100,2285700,2153700,4368600,4374300,10269200,810000,3431100,3273500,5679600,3305100,10639300,5125700,4489500,5101700,1262000,208200,2238800,1153000,1438900,3375500,10237600,4014200,1407100,414200,264200,205100,317600,323900,456700,686200,1372400,1527700,1587400,4128900,534000,488700,230100,443700
3397,トリドールホールディングス,309700,297600,350900,607000,910900,491000,296800,190400,190500,283000,302700,364100,229500,411400,227600,251100,316800,356700,339600,253000,343200,318900,265800,344600,551300,284700,535300,328500,706900,453100,547700,907400,688400,358900,436700,493500,340900,315600,390100,319700,302800,290800,384800,386800,286500,497800,310600,221100,358900,296300,315700,484600,1221800,421800,261600,276400,315600,315100,358800,303500,371300,208200,242600,262200,220400,184400,199400,165700,302400,264200,225700,258400,264400,334200
7270,ＳＵＢＡＲＵ,3979600,5392100,6220800,4919300,7866200,5583900,4649900,3741700,2843400,3729500,3650800,3810700,1988900,2371100,1745100,3320300,2877200,3327600,3556000,4076900,2899900,4179900,3400900,3811000,8785900,3103100,3209100,3163600,4161400,3960600,8465900,4006800,4323900,3742900,3616600,4481200,4194500,4577600,5206600,3541800,3891200,4327100,5157700,12101700,4350700,4428600,2865500,4287200,4250900,3676600,4511300,7555900,18708400,5088500,4376700,4789700,7079200,4523700,5656100,3566700,5538800,3912000,3259800,3520800,3638400,2997300,3468200,3149000,2905900,3507400,3732800,3070700,2421000,3346600
6736,サン電子,22200,17000,18900,18900,15800,29200,21500,15600,15600,15200,24600,11600,25800,30500,20500,36100,22600,62200,126900,108900,29100,36600,21200,20700,30700,28100,13900,31200,14100,15200,22200,18600,15500,15900,14300,16300,26700,38300,22900,17100,25000,16100,42200,44000,36400,25900,20200,32100,60800,52300,83400,60000,26500,19400,40800,63900,17200,27100,14800,26400,59600,31500,48100,27100,36100,70300,26500,47300,91700,58300,112100,78600,109100,67700
2933,紀文食品,55400,80400,41800,44800,57200,27300,23000,,15800,32600,25800,38800,19800,18500,15800,20700,18400,23300,17400,17400,20000,22100,22900,21800,41300,18400,22500,23600,23100,22200,33800,24700,24600,13400,17100,35700,21700,27300,33800,21500,15700,29300,45600,17400,26200,17900,23000,17300,16800,22100,20800,48000,23800,12400,13900,12200,21500,36900,14700,19700,26800,27900,36200,18000,37400,29300,21400,18000,16700,15700,16700,17500,18100,12700
4047,関東電化,627200,719300,881300,582300,762800,615500,408900,488300,396900,791500,508600,989300,281700,531600,518200,458400,453000,601800,710800,602800,613600,628000,508100,639200,790400,901000,954600,888200,685900,1059700,944300,678400,953400,916000,1537800,1633300,1146900,1639900,1629200,2697600,1784000,953900,836000,956800,919400,1331700,1463500,1172600,1184100,1156400,3289100,202100,906100,583500,721900,537800,453700,380500,453300,182500,164100,205200,154900,129600,260800,169100,185100,160800,161200,230100,371000,445800,342400,278100
6482,ＹＵＳＨＩＮ,79800,58100,101600,71500,64200,84100,50900,63300,23400,40200,66200,98600,41600,91500,51600,51300,74800,36900,40200,73400,73400,117900,73500,64700,85300,66000,28100,45000,27600,56800,45300,69700,155300,83600,48700,52000,64400,53500,76000,54000,77800,62800,118300,86300,120700,145300,50700,94600,40700,110300,99100,77200,57900,82400,50300,154200,103600,47200,74100,68900,53200,59500,104400,40500,65500,35500,41300,28200,40200,33900,32400,41900,38200,54500
6706,電気興業,28700,28300,28100,53400,56100,50100,64400,,20900,38900,19400,36100,12100,17200,49500,30500,46800,38800,20300,55300,44800,29000,19300,38800,26400,23300,13300,30800,32400,43600,23900,25900,34000,30000,27400,30100,121100,58400,49500,22900,19400,28000,25900,25500,26800,18800,28700,20700,16600,54000,78600,68600,61900,28100,19400,32500,31800,23900,46700,51800,22900,30000,15700,16900,38700,44400,31300,31400,26400,22200,28900,50300,37500,21900
8141,新光商事,43000,88400,20100,604100,156800,57400,50700,,75100,93000,424100,139400,104500,121200,81400,130600,40300,167500,27800,63000,63900,49500,72300,107000,158600,83600,181700,277700,617100,200500,331200,217800,280500,254200,728200,233900,175100,659800,485100,327500,441900,722600,910500,810400,923500,1593800,1206200,747200,991700,1032900,1057000,2677200,391000,328500,929500,221400,372600,289800,341500,215600,397900,198200,147000,152600,283100,296700,243000,444500,223800,228900,271300,432700,201600,132600
8344,山形銀行,190300,176500,124100,143500,186900,155000,207400,108300,190900,93600,138100,173100,123600,95700,100300,99700,108500,105100,274800,140500,234100,212200,83800,112700,92700,77500,60500,102900,65900,84700,172400,112400,143900,104600,105400,207100,146300,234500,100100,60600,99600,91700,102700,101000,112100,125500,123600,124000,121000,162600,216600,397800,144000,136900,105100,84500,79800,142100,126500,69800,96100,109400,86700,81500,91100,105400,78600,121500,149300,86900,97200,69900,67400,88100
7414,小野建,38300,51400,39000,52800,94400,38700,49900,,49300,62300,64900,65100,142600,39600,32500,50500,42500,67700,47500,50300,52300,48500,48300,52300,79300,35900,41800,40000,34200,70900,105700,39000,49200,33100,54900,79300,71000,72100,49800,59700,57000,108700,310700,56000,62800,65000,108600,73700,79000,117200,74100,152300,158500,108800,27100,55400,42600,35000,67800,40600,53300,54300,52600,62400,55600,31500,37000,58100,29200,49800,45800,27600,63900,32500
6407,ＣＫＤ,989700,876600,1415400,710500,1229400,1142200,735600,,415900,696400,654400,809700,722300,581400,370400,786600,455600,359000,762500,837200,1435900,726300,586600,449800,500500,619100,958000,562900,829000,670900,1041100,1038000,460000,845300,1322600,1169400,634400,891700,722200,534600,550600,889900,655200,951800,463000,432800,1132100,1395200,810100,1148500,1125600,1627400,1024100,778800,574900,713100,619700,572000,881100,226900,768200,411400,587000,267200,462900,543300,355900,264300,346000,534800,602200,457300,1806000,1148200
7048,ベルトラ,86300,201800,265500,124200,39400,170900,210500,,326100,260900,457900,208800,276200,325200,214400,348700,402500,604800,269000,230200,525700,224000,86300,113100,143900,563100,1040100,1531000,5519900,1223400,883500,1377600,234600,674300,4208000,143300,149100,262900,98200,204600,162300,94400,115000,94800,111500,144700,322300,103900,59400,247100,134500,226800,535400,131500,96700,140900,112500,41100,57500,75600,100200,126200,150000,218600,262300,179100,168700,162200,432800,93600,204500,151000,140500,276300
1808,長谷工コーポレーシヨン,929200,1077200,1234900,899400,1072600,661900,894400,1251700,1704100,828000,819500,829700,628800,752100,1337600,1055100,790800,611400,793200,587700,698500,561500,775000,971900,1294400,1231300,1051600,756000,1272200,1200300,3079200,1067600,1091500,947300,861000,1777300,1167600,1261800,843500,710000,643300,661400,868400,1193600,653800,696200,1051400,932100,1082200,1708300,1560500,2216100,1224400,1122900,955400,1199500,978100,864800,1639300,788300,1640200,1110300,1015100,825900,644500,966800,1241200,1160400,943300,1448700,1502500,2441900,1032100,780500
4208,ＵＢＥ,837800,1256100,893200,826800,1197100,1143700,840700,,778600,705300,771200,1039100,673300,1033000,918300,756600,794900,703400,970300,510500,585400,790800,693500,747500,983700,803800,588200,707000,885300,727300,1425300,1298600,582200,871300,1205000,963600,858100,1180000,1332500,1015700,788500,1035600,1217200,1325300,1572200,1298900,1424500,1791400,4846200,7261500,1305200,1224000,1569300,2259100,1280900,1188600,622000,767900,757500,702000,827000,600000,623200,671900,1058300,798300,547300,631900,540000,489000,572500,785600,913300,629400
186A,アストロスケールホールディンク,4766000,3152900,4113800,5423200,6630400,3930000,2763200,3628800,5270600,5253100,3586600,5846900,3714900,4171400,5542900,3637800,4074100,4537000,4696400,5374000,4762300,4048000,5302800,5852300,5324500,6237500,6824700,5065700,8499600,9996100,12934700,8716800,13573100,20516900,7225700,12034200,8562000,11702800,14903700,18113200,15820200,16856200,19546400,26320900,37132000,30912200,32097300,13576500,14630200,23922500,18431300,12315100,16135100,10892700,9776600,14351300,12917900,10202200,6010300,4738600,4196300,5328400,5469400,6888600,6121700,6547800,9052500,12110300,6477600,7380400,10235400,14518100,10149600,23205100
6965,浜松ホトニクス,2663200,2382500,4356400,3341400,4650400,3681000,2102500,,2190500,2655400,2531200,4718700,2323000,2887800,3155200,2852000,2363600,3426200,4095200,3877800,3390000,3037000,2792800,2326800,3595700,3495000,3076800,3489100,4261500,3516600,3891900,3875000,4570500,4325400,5393900,5982700,5388600,8846200,7028700,4571500,4202200,4671500,6016300,7291600,5710400,8443200,6394400,6305900,5097200,5349500,8911300,15774000,7842200,4349300,4178000,3855200,3925900,4758200,6268100,1991100,2942400,5456200,5309500,1762100,2384500,1767900,1789000,2093700,2087400,2878300,3100100,2515900,2687600,2423200
6331,三菱化工機,203000,513600,359500,249200,371900,178800,165900,187500,184300,202200,152600,313500,101500,177900,210300,135200,184800,243400,282800,208300,133600,161500,138500,137300,175800,188200,118000,164600,166500,163600,110400,154000,266000,187500,176200,180800,189100,304700,189900,329800,470800,498700,252100,152200,282400,259000,198000,219000,273600,357500,426100,945300,816000,219700,187100,239700,121700,178800,197000,280000,222700,205200,315400,261300,346100,205000,134600,122100,146900,190200,241600,206300,243500,230800
7741,ＨＯＹＡ,1384400,1538600,2127000,1126700,1083600,1044300,685100,602200,760000,832800,1057300,1065900,813700,936200,772000,992600,1841900,1700600,1301800,784100,991500,1068900,1073900,1221100,1387700,1331600,1037600,1042700,919300,718700,1231700,1113200,833200,964700,652900,1790900,936500,894600,936500,714800,1078800,1092900,894500,1751300,930100,1399000,956600,1071500,744300,976100,1029300,677600,1111800,934500,814400,1110000,1231300,1207200,2802900,1140500,3573900,952900,950500,772600,899100,914500,1089700,897300,1161300,1130400,1094200,733200,793200,1167400
1321,ＮＦ日経２２５,257102,267374,455776,393959,412230,414393,297036,320042,200405,331180,376904,833236,247387,304920,375693,359471,397136,361390,496428,311251,384612,472770,306600,419420,371068,642689,535006,713336,608062,340824,449694,488172,342064,436528,747852,563517,709015,637032,783978,377415,323314,598336,417601,303836,387287,355358,679448,433565,407574,488890,313297,423660,714753,278547,201654,256886,208275,279514,551506,164405,421289,286475,523967,234459,591905,283209,230340,253158,272088,494500,284953,394311,301493,487962
1944,きんでん,686000,992600,1541600,3924000,1803400,1649000,1175200,649900,684200,659500,770200,750600,420700,460700,526300,462200,445500,809300,624200,570300,612500,558600,409100,467000,487500,722300,873000,837100,1026000,924600,2174500,1013300,1222400,799100,842500,566200,688000,839500,994600,860000,771200,1067000,709800,1122700,837100,528200,780200,704100,638800,1007200,806000,910100,761700,664500,818700,705800,702000,880100,1596700,1274000,3084200,279100,1689400,548900,722400,479700,471300,300300,660000,755800,1116300,418400,354200,349900
7532,パンパシフィックＨＤ,5504300,7666700,13335800,12683900,20441100,11826600,8374100,6927400,6045000,7010800,9065700,13238300,8447400,7420500,7961100,9319000,10620300,14734400,13886200,8826900,8524900,8356400,10371000,12157200,11480100,11977400,10826200,10505100,10696300,8875500,13115400,7911200,7820900,10168000,10026400,11446700,13632800,8280200,10968100,6266300,9390800,9425900,9167400,24956100,16167200,13791600,13279300,9405200,10250600,9807500,8372100,9284700,9131900,15717300,11563500,6062600,8683900,8199800,12605500,6483500,11175700,11586100,6641100,5115300,8867300,6811900,4821700,5711800,6870200,6233100,8479500,7832900,8301900,8693200
