コード,銘柄名,2026/08/04,2026/08/03,2026/07/31,2026/07/30,2026/07/29,2026/07/28,2026/07/27,2026/07/26,2026/07/23,2026/07/22,2026/07/21,2026/07/17,2026/07/15,2026/07/14,2026/07/13,2026/07/10,2026/07/09,2026/07/08,2026/07/07,2026/07/06,2026/07/03,2026/07/02,2026/07/01,2026/06/30,2026/06/29,2026/06/26,2026/06/25,2026/06/24,2026/06/23,2026/06/22,2026/06/19,2026/06/18,2026/06/17,2026/06/16,2026/06/15,2026/06/12,2026/06/11,2026/06/10,2026/06/08,2026/06/05,2026/06/04,2026/06/03,2026/06/02,2026/05/29,2026/05/28,2026/05/27,2026/05/25,2026/05/22,2026/05/21,2026/05/20,2026/05/19,2026/05/18,2026/05/15,2026/05/14,2026/05/13,2026/05/12,2026/05/11,2026/05/08,2026/05/07,2026/05/01,2026/04/30,2026/04/28,2026/04/27,2026/04/24,2026/04/23,2026/04/22,2026/04/21,2026/04/20,2026/04/17,2026/04/16,2026/04/15,2026/04/14,2026/04/13,2026/04/10
TOPX,TOPIX,3960.28,3965.39,3954.12,3950.21,3976.44,4040.49,4039.73,4015.03,4035.57,4019.06,3944.79,4010.01,4064.96,4012.78,4050.36,4042.65,3998.07,4041.75,4107.6499999999996,4075.11,4034.86,4025.32,4019.65,3999.16,3976.82,4001.48,4001.59,3987.88,4097.01,4030.01,4067.98,4031.1,3997.71,3984.4,3928.06,3872.43,3807.07,3891.31,3910.54,3961.8,3968.05,3944.96,3913.4,3917.83,3905.04,3951.71,3903.54,3866.61,3825.33,3851.76,3856.77,3859.85,3891.81,3913.9,,,,,,,,,,,,,,,,,,,,
5706,三井金属,30500,30470,30800,25670,28010,29975,31910,33330,34800,34280,30480,30590,35490,35000,35880,36490,34430,34920,37150,38910,37670,41500,43650,42640,42390,44990,47550,46290,54190,50220,49850,47180,47100,45000,45590,41000,35660,38700,40290,44010,46530,49920,53270,50150,50150,55650,50790,47460,45760,43710,47490,46100,50490,49900,49840,51500,52000,48000,45960,42340,41030,39890,38700,38000,39000,37200,35840,36210,37490,36000,39660,38450,36500,35390
5423,東京製鐵,1685,1760,1750,1769,1789,1745,1710,1712,1715,1725,1749,1737,1761,1704,1727,1725,1745,1759,1756,1757,1724,1701,1685,1691,1689,1680,1712,1724,1792,1763,1759,1761,1755,1741,1716,1723,1663,1671,1701,1695,1705,1695,1685,1712,1694,1720,1720,1747,1728,1758,1795,1821,1862,1723,1680,1694,1658,1703,1665,1695,1679,1679,1730,1716,1786,1837,1804,1795,1764,1764,1728,1720,1745,1778
5713,住友鉱山,7811,7885,7854,7224,7309,7500,7610,7697,7800,7509,6982,6984,7433,7142,7242,7340,7234,7300,7849,8000,7658,7486,7470,7575,7615,7697,7875,8199,8922,8504,8990,9090,8899,9340,8938,8230,7625,7597,8100,8690,8837,9010,8843,9145,9398,10155,9789,9393,9280,9130,9520,9917,10560,10860,10660,10590,10750,10290,10135,9489,9431,9699,9563,9699,10300,9996,10170,10170,10780,10735,10700,10150,9894,9950
5711,三菱マテリアル,4105,4053,4096,3906,4035,4154,4236,4224,4296,4239,4040,4088,4300,4033,4137,4005,4044,4300,4583,4564,4495,4435,4385,4366,4318,4447,4616,4606,4950,4836,4903,4839,4870,5050,4902,4583,4400,4466,4750,4931,5065,5150,5027,5228,5171,5448,5157,5050,4829,4848,5000,5250,5363,5646,5850,5657,5628,5325,5320,5143,5082,5183,5210,5284,5393,5450,5550,5588,5701,5728,5788,5590,5500,5577
5714,ＤＯＷＡホールディングス,8095,8026,8034,7907,8092,8227,8399,8356,8486,8449,8061,8165,8472,8268,8450,8425,8313,8473,8824,8900,8828,8649,8603,8825,8824,8700,8971,9059,9730,9480,9566,9799,9770,9904,9677,9225,8847,8954,9650,10105,10090,10490,10275,10635,10600,11000,10775,10400,10305,10220,11110,11515,11885,10550,10205,10465,10365,9965,9620,9538,9504,9546,9525,9651,9849,9822,9914,10005,10190,10115,10285,9827,9688,9832
6701,日本電気,4800,4750,4692,4963,4420,4445,4312,4230,4271,4280,4424,4371,4267,4365,4300,4334,4269,4397,4302,4238,4293,4217,3950,4045,3919,3700,3804,3753,3706,3750,3775,3874,3877,3803,3912,3994,3979,4079,4152,4265,4203,4306,4469,4145,4148,4002,4100,4121,4151,4308,4280,4110,4109,4103,4330,4106,4137,4131,4010,4069,4196,4600,4680,4476,4416,4467,4390,4331,4375,4410,4185,4048,3800,3978
1605,ＩＮＰＥＸ,3507,3600,3590,3652,3555,3593,3688,3760,3620,3598,3525,3440,3491,3455,3384,3400,3457,3350,3327,3242,3235,3206,3293,3284,3317,3333,3410,3455,3454,3500,3407,3442,3328,3467,3559,3554,3587,3537,3657,3650,3646,3684,3470,3605,3600,3650,3757,3821,3868,3970,3972,3967,3864,4000,3973,3915,3788,3803,3856,4131,4173,3994,3984,4000,3856,3900,3881,3915,3997,4035,4125,4209,4354,4247
5703,日本軽金属ＨＤ,2880,2665,2650,2579,2628,2656,2685,2680,2729,2729,2707,2690,2798,2675,2711,2662,2636,2680,2752,2779,2726,2735,2745,2825,2843,2835,2870,2923,3015,2997,2971,2960,3035,3060,3110,3080,2927,3090,3160,3195,3230,3235,3105,3230,3155,3290,3190,3100,3120,3045,3140,3065,3050,2969,2939,2928,2956,2854,2899,2703,2834,2876,2876,2847,2915,2939,3025,2999,3020,3030,3070,3030,2981,2998
8002,丸紅,5032,5111,5223,5126,5284,5393,5435,5362,5280,5214,5022,5080,5000,4890,4949,4904,4900,5033,5096,4997,4866,4789,4695,4710,4792,4630,4757,4790,4947,4868,4850,4949,4981,5023,5009,4869,4780,4850,4960,5018,4997,4899,4848,5180,5170,5348,5271,5331,5467,5451,5706,5806,5922,5884,5555,5433,5356,5493,5655,6146,6080,6010,5903,6003,5867,5956,5874,5950,6040,5903,6000,6000,5946,6047
5021,コスモエネルギーＨＬＤＧＳ,3871,3964,3982,4007,3950,3995,3954,3999,3906,3902,3880,3804,3877,3875,3892,3876,3895,3880,3997,3920,3856,3850,3828,3842,3736,3715,3800,3683,3738,3775,3750,3680,3690,3690,3630,3530,3511,3500,3545,3655,3778,3720,3666,3700,3676,3640,3728,3698,3740,3774,3799,3842,3872,3763,3899,3958,3936,3909,3865,3980,3987,3949,3936,4023,3932,4229,4288,4316,4398,4393,4360,4352,4461,4501
8058,三菱商事,4616,4791,4781,4772,4800,4815,4901,4925,4863,4795,4543,4524,4548,4480,4479,4441,4459,4538,4585,4493,4492,4454,4370,4388,4440,4424,4584,4585,4636,4540,4510,4651,4628,4731,4765,4627,4583,4750,4824,4919,4984,4974,4865,5000,5067,5182,5400,5411,5501,5527,5508,5799,5879,5935,5684,5320,5293,5348,5119,4991,4916,4850,4802,4893,4760,4820,4902,5002,5079,5015,5238,5330,5360,5438
5333,ＮＧＫ,5541,5578,6045,5150,5532,5963,6150,6130,6350,6209,6078,6313,6767,6627,7042,7201,7042,6775,7448,7500,7242,7448,7660,7550,7520,7806,7628,7331,7770,7467,7507,7026,6735,6669,6517,6215,5563,6028,6075,6556,6383,6270,6322,6137,6032,6444,5959,5765,5568,5421,5651,5739,5800,5750,5537,5600,5550,5300,5377,4953,4621,4670,4429,4445,4450,4520,4538,4543,4528,4430,4477,4450,4401,4434
1662,石油資源開発,1722,1745,1773,1773,1728,1740,1740,,1735,1725,1724,1680,1728,1728,1681,1668,1705,1680,1687,1612,1610,1600,1600,1613,1604,1590,1620,1612,1636,1635,1630,1651,1636,1650,1658,1640,1679,1729,1708,1755,1730,1780,1760,1837,1875,1842,1886,1896,1910,1995,1970,1965,2001,2001,2158,2180,2130,2135,2058,2247,2314,2192,2230,2265,2182,2197,2146,2248,2421,2386,2441,2435,2487,2461
8411,みずほフィナンシャルＧ,7996,8138,8264,7800,8099,8481,8618,8663,8560,8400,8038,8342,8580,8374,8370,8364,8150,8214,8333,8082,8028,7966,7750,7692,7839,7720,7814,7929,8091,7823,8252,8100,7907,7820,7750,7605,7411,7760,7620,7822,7621,7500,7253,7065,7130,7283,7308,7378,7150,7090,6690,6512,7021,7100,6954,6941,6871,6790,6904,6677,6918,6659,6430,6556,6593,6601,6752,6868,6853,6980,6990,6835,6770,6791
5541,大平洋金属,2435,2481,2410,2356,2385,2377,2356,,2307,2320,2274,2283,2300,2240,2277,2250,2225,2245,2350,2331,2258,2236,2183,2197,2190,2171,2200,2204,2321,2251,2275,2300,2260,2325,2250,2150,2097,2147,2189,2254,2302,2250,2210,2298,2264,2320,2227,2176,2142,2199,2254,2392,2400,2422,2443,2665,2675,2612,2650,2540,2549,2434,2409,2482,2501,2519,2564,2590,2650,2687,2699,2646,2641,2711
5332,ＴＯＴＯ,6300,6300,7084,6607,6868,7233,7430,,7590,7620,7451,7686,8080,7827,8123,8205,8050,8200,8604,8650,8380,8410,8746,8640,8520,8718,8997,8793,9458,8700,8550,8268,8102,8280,7981,7730,7210,7400,7570,8050,8076,7457,7427,7443,7264,7200,6899,6654,6539,6589,6892,7171,7233,7000,6888,7200,7240,6752,6713,6025,5470,5400,5373,5294,5185,5327,5522,5622,5580,5448,5516,5481,5685,5760
8725,ＭＳ＆ＡＤ,4788,4854,4935,4950,5041,5022,4927,4814,4799,4733,4610,4570,4550,4454,4424,4505,4450,4503,4554,4465,4420,4285,4230,4250,4258,4246,4310,4583,4653,4521,4521,4577,4656,4603,4616,4622,4578,4657,4370,4350,4273,4311,4228,4212,4222,4210,4245,4299,4350,4507,4439,4449,4410,4375,4300,4159,3970,4009,4039,3985,4019,3970,3910,3997,3950,4029,4057,4088,4130,4090,4074,4112,4040,4112
8795,Ｔ＆Ｄホールディングス,4979,5020,5083,4980,4971,5083,5141,,5039,4967,4861,4918,5007,4970,4885,5017,4898,4953,5083,4929,4974,4858,4820,4732,4704,4685,4741,4861,5000,4849,4910,4816,4945,4782,4846,4703,4731,4705,4435,4380,4217,4211,4170,4025,4111,4125,4137,4113,4100,4208,4116,3940,4004,3982,3943,4024,3878,3930,3850,3738,3759,3709,3650,3727,3706,3805,3922,4034,4078,4070,4113,4075,4000,4026
5019,出光興産,1265,1300,1303.5,1326,1313,1322,1326,1338.5,1316,1285,1276,1255,1278.5,1256.5,1250.5,1254.5,1248,1252,1250,1220,1215.5,1194.5,1198.5,1224.5,1218.5,1224,1278.5,1249,1268,1256,1237,1294,1284.5,1308.5,1329,1359,1346,1327.5,1364.5,1407,1407.5,1382,1330,1298,1300.5,1306,1332,1330.5,1356.5,1376.5,1388,1434,1417.5,1387.5,1320,1372,1328.5,1370,1349,1348.5,1374,1332.5,1322,1348,1325,1415,1447,1487,1511,1509,1524,1525,1562,1558.5
8591,オリックス,6333,6350,6300,6381,6398,6674,6590,6529,6590,6529,6241,6423,6555,6387,6509,6500,6346,6365,6460,6358,6300,6229,6211,6163,6194,6202,6307,6306,6485,6341,6420,6412,6403,6204,6236,6150,5971,6300,6032,6282,6290,6242,6110,6088,6140,6335,6220,6227,6220,6010,5818,5831,5750,5951,5886,5927,5350,5275,5252,5205,5190,5358,4810,4878,4881,4969,5048,5022,5040,5090,5046,4919,4844,4899
3436,ＳＵＭＣＯ,6333,6350,6300,6381,6398,6674,6590,3674,6590,6529,6241,6423,6555,6387,6509,6500,6346,6365,6460,6358,6300,6229,6211,6163,6194,6202,6307,6306,6485,6341,6420,6412,6403,6204,6236,6150,5971,6300,6032,6282,6290,6242,6110,6088,6140,6335,6220,6227,6220,6010,5818,5831,5750,5951,5886,5927,5350,5275,5252,5205,5190,5358,4810,4878,4881,4969,5048,5022,5040,5090,5046,4919,4844,4899
5020,ＥＮＥＯＳホールディングス,1294,1311,1307.5,1310,1296.5,1325.5,1314,1330,1316.5,1293.5,1291,1264,1294.5,1258,1260,1256,1258,1248,1277,1231.5,1230,1203,1206,1208,1211,1192.5,1253,1223,1260,1253,1204,1246.5,1240,1225,1244,1229.5,1208.5,1214.5,1254.5,1299,1314.5,1315,1252,1288.5,1281,1292,1296.5,1303,1313,1361,1370,1381,1369,1341,1343,1357,1281,1293.5,1333,1306.5,1320,1302,1286,1317,1310,1320,1344,1372,1410.5,1414,1429.5,1419.5,1430.5,1450
6254,野村マイクロ・サイエンス,3955,3975,3900,3420,3685,4075,4245,4275,4240,4250,3885,4110,4400,4255,4565,4515,4290,4320,4560,4980,4680,4920,5060,5010,4715,4810,4950,5000,5450,4840,5200,4970,4500,4615,4590,4090,3800,4065,3980,4385,4315,4400,4545,4850,4585,5150,5200,4725,4600,4605,4845,5110,4845,4400,4420,4650,4550,4010,3900,3665,3715,3705,3660,3720,3750,3820,3810,3785,3735,3660,3670,3630,3565,3465
3863,日本製紙,1345,1346,1446,1470,1490,1513,1520,1575,1513,1518,1470,1454,1378,1356,1324,1314,1344,1340,1335,1314,1336,1309,1299,1267,1270,1256,1210,1192,1190,1193,1175,1225,1245,1246,1230,1214,1200,1230,1214,1176,1198,1200,1219,1360,1351,1325,1379,1375,1407,1420,1498,1442,1497,1466,1567,1448,1460,1424,1374,1302,1255,1301,1432,1419,1455,1495,1468,1440,1416,1374,1332,1317,1323,1308
8601,大和証券Ｇ本社,1800,1796,1793,1803.5,1849,1846.5,1865,1851,1852.5,1841,1818,1850,1838,1780,1780,1771.5,1737.5,1772.5,1733.5,1691,1673,1631.5,1614.5,1595,1606.5,1596,1604,1599,1626,1586,1616,1620,1614,1587.5,1603.5,1565,1546,1588,1540,1545,1560,1496,1496,1485,1456,1462,1488.5,1511,1499.5,1504,1484.5,1478.5,1474,1500,1468.5,1468,1441.5,1479.5,1491,1455,1450,1416.5,1485,1512,1509,1524,1532,1536,1548,1589,1573,1565,1531,1546.5
5233,太平洋セメント,3998,4036,4162,4189,4299,4189,4170,4133,4150,4162,3960,3957,3998,3919,3974,3949,3970,4051,4160,4092,4005,3936,3981,4025,4077,4092,4143,4092,4206,4251,4400,4403,4367,4383,4303,4145,4016,4169,4264,4403,4448,4403,4402,4475,4260,4177,4130,4117,4040,3947,3929,3959,4064,4220,4201,3704,3554,3653,3624,3558,3533,3658,3562,3539,3584,3672,3705,3715,3707,3673,3688,3760,3694,3705
8308,りそなホールディングス,2230,2180,2218,2167.5,2226,2350,2364,2330,2306,2296,2261,2350,2384,2362.5,2340,2376.5,2341,2341,2383,2252,2225,2154,2085,2123,2114,2116,2155,2170.5,2260,2150,2255,2230,2222.5,2170.5,2210.5,2168,2111,2150,2080.5,2123.5,2085.5,2035,1998.5,2045,2031.5,2061,2121.5,2131.5,2072,2128,2039.5,2051.5,2065,2041.5,2043,2026.5,1952.5,1962,2000,1916,1900,1868,1808,1834.5,1830,1891,1950,2006,1949.5,1959.5,1943,1906,1880,1897
5938,ＬＩＸＩＬ,1717,1714.5,1850.5,1925,1910,1900,1848,1820,1848,1860,1858,1897,1886.5,1843.5,1855,1855,1883,1894.5,1890,1866.5,1835,1800,1813,1801,1774,1763.5,1750,1712,1740.5,1732,1725,1714,1728,1734,1730,1738,1720,1721.5,1705,1708,1707,1688,1686,1696,1682,1654,1645,1645,1639.5,1645,1649,1675,1660,1670,1678,1670.5,1702,1696,1664,1621,1603.5,1610,1606,1620.5,1615,1636,1654.5,1635.5,1624.5,1620,1611,1614.5,1663,1661.5
8570,イオンフィナンシャルサービス,1550,1571,1563,1579,1567.5,1589,1575,1552,1566,1559.5,1542,1530,1572.5,1529,1558,1527,1517,1521.5,1533,1506,1498,1495,1466.5,1470,1475,1465.5,1461,1447,1460,1452.5,1471,1499,1514,1498,1520,1506,1506.5,1487,1458,1451.5,1452,1463,1438,1520,1536,1530.5,1550,1592.5,1593,1590,1584,1570,1568,1560,1560,1548.5,1515,1531,1560,1560,1548,1540,1535.5,1561,1549.5,1544,1569,1573,1606,1633,1617,1612,1520,1534
5406,神戸製鋼所,2066,2059,2061,2060,2035,2024.5,2013.5,1982,1980,1975,1949,1940,1925.5,1890.5,1880,1880,1878.5,1900,1929,1915,1881,1851,1870.5,1870,1876.5,1876,1910.5,1887.5,1968.5,1951,2002,1961,1989.5,2000,1970,1930,1900,1922,1909.5,1950,1951.5,1960.5,1941.5,1960,1985,1986,1969,1948,1907,1917.5,1904,1951,1960,1967,1996.5,2002.5,1935,1967,1975,1910,1878,1876,1850,1848,1866,1900,1937,1944,1938,1945,1939,1969,1943,1963
8593,三菱ＨＣキャピタル,1435,1451,1464,1507,1490,1470,1444,1428,1435,1440,1407.5,1412.5,1415,1394,1374.5,1374.5,1370,1382.5,1383,1355,1350,1320,1316.5,1325,1321,1308.5,1305,1292.5,1301.5,1301,1305,1324,1330,1332.5,1330,1318,1325.5,1321,1272.5,1274,1267,1266,1250.5,1309,1312.5,1339,1319,1330,1350,1354.5,1349,1379,1432,1435,1440,1430,1403,1405,1413.5,1407,1434,1435,1405,1415.5,1405,1435.5,1460,1461.5,1473.5,1474,1468,1477,1468,1480.5
8604,野村ホールディングス,1508,1510,1490,1473,1567,1594.5,1617,1595,1597,1596,1530,1580,1582,1546.5,1551,1535.5,1503,1522.5,1509,1472,1467.5,1457,1428,1419,1430,1434,1418,1410,1430,1408,1431,1430,1430,1374.5,1408,1375,1357,1414,1331,1375.5,1355.5,1324,1296.5,1265,1250,1251.5,1293.5,1309.5,1270,1276,1267,1265,1270.5,1287,1245,1233,1220,1243.5,1230,1244.5,1249,1255,1246,1330,1332.5,1348,1345,1340.5,1357.5,1431,1356.5,1330.5,1307,1322
3861,王子ホールディングス,880.5,877.9,878,890.2,885.3,882,873,860,863.7,850,845,842.3,830,820.7,823.5,822,822.2,828.3,830.2,822.5,820.7,809.6,794,805,791.7,785,790.2,775.6,799.6,800,792.1,802,800.6,797.3,805,793.4,782.7,778,772.8,770.5,779.5,767.9,761.8,789.2,788.7,769.3,782,795,820,820,825,851.2,838.8,838.8,831.8,822,826.1,838,822.5,822.8,815.6,815.2,822.2,825,826.5,837.3,839.8,848,850.6,849,845.7,852.8,849,850.7
5947,リンナイ,3530,3566,3607,3781,3715,3660,3615,3542,3559,3602,3639,3647,3615,3600,3600,3592,3612,3659,3644,3623,3603,3597,3581,3600,3611,3581,3574,3464,3474,3427,3477,3463,3428,3435,3526,3529,3537,3587,3472,3455,3387,3342,3301,3423,3435,3413,3495,3544,3592,3548,3517,3460,3410,3380,3434,3526,3590,3690,3680,3567,3556,3549,3502,3524,3508,3482,3516,3572,3529,3602,3572,3667,3740,3732
8750,第一ライフグループ,1875,1898,1919,1878,1903.5,1934.5,1940,,1883.5,1875.5,1810.5,1836,1911,1830,1840.5,1883.5,1843.5,1858.5,1885,1849,1863.5,1819.5,1781,1759,1732.5,1713,1744.5,1794,1845,1800,1812.5,1800,1820,1770,1768,1756.5,1727.5,1757,1628,1687.5,1610,1628.5,1616.5,1615,1650,1659.5,1645.5,1669,1656,1669,1655,1658,1500,1492,1479,1488,1421.5,1457,1438,1419.5,1440.5,1409,1386,1423,1414,1437,1465,1478.5,1492.5,1499,1494.5,1499,1464,1492
3402,東レ,1141.5,1140,1157.5,1151,1171,1167.5,1163.5,1164.5,1171.5,1170,1161,1160,1181,1140.5,1155,1153.5,1145,1150.5,1150,1180,1142,1129,1132,1142,1141,1152,1168,1135,1168.5,1146.5,1170,1183,1170.5,1198,1195,1142,1103,1106,1103,1100,1140.5,1177.5,1125.5,1141,1150,1152,1103.5,1093,1093.5,1071,1095,1125,1165,1169,1145,1135,1122,1138,1131,1118.5,1122,1130,1101,1120,1113.5,1137,1150,1157,1161.5,1143.5,1152.5,1154.5,1168,1167.5
8306,三菱ＵＦＪフィナンシャルＧ,3465,3530,3595,3560,3645,3760,3770,3680,3626,3599,3519,3614,3656,3511,3487,3468,3399,3455,3430,3314,3325,3282,3215,3238,3245,3240,3275,3291,3336,3242,3370,3324,3266,3225,3231,3141,3113,3230,3200,3210,3137,3062,3013,2995,3010,3061,3090,3098,3090,3162,3030,2979,2910.5,2920.5,2875.5,2885.5,2810,2816.5,2850,2800,2868,2821,2745,2782.5,2794,2820,2879.5,2885,2920,2935,2866,2889.5,2847.5,2851
5401,日本製鉄,647.6,645,645,657.1,650,646,624,,603.79999999999995,593.9,587.4,580.20000000000005,572.9,559.70000000000005,560,555.5,555,559.6,562.79999999999995,554,551.79999999999995,531,540,545.70000000000005,545,545,549.70000000000005,550,561.6,566.20000000000005,567.1,561.6,566,571.9,560,543.29999999999995,537.4,543.4,540.4,547.5,544.70000000000005,539.5,540,567.4,567,557.9,555.79999999999995,549,545.79999999999995,550,553,560,552.5,569.20000000000005,560,560,568,579.70000000000005,577.79999999999995,569,573.5,575.20000000000005,575,578.6,589,593.20000000000005,597.5,597.5,595.29999999999995,597.79999999999995,595.9,599,599,603.4
8572,アコム,475.8,481.9,485,486,493.8,495.5,488.8,485,492,488.1,485.1,488,488.9,480.9,483.5,483.8,482,485,485.9,473.8,468,458,453,454.6,453.7,445.5,451.4,448,450.1,447,446,450.6,453.3,451.1,456,449.5,450,451.9,442.1,445,445.1,447.2,453.3,466.4,468.3,466.5,462.4,469,466.7,464,462.9,468,457.1,459.9,467.1,491,492.5,491.6,499,497.7,501,498.5,499.6,497.9,511,514.9,501.5,489,484.7,481.8,482,478,469.1,471.4
3941,レンゴー,1498.5,1504,1501,1519.5,1479.5,1529.5,1479.5,1453,1465,1463.5,1436.5,1451.5,1430,1407.5,1429,1409,1444,1411.5,1428.5,1417,1406.5,1421,1421.5,1411.5,1444,1420,1412.5,1410,1402.5,1430,1424,1420,1416.5,1420.5,1393,1382,1369,1404,1359,1388.5,1392.5,1400,1385,1422.5,1422.5,1418,1399.5,1412.5,1403.5,1398,1408.5,1399.5,1392,1260,1229.5,1230,1239,1233.5,1222.5,1231,1231,1265,1351,1286,1290.5,1311.5,1286.5,1260,1274,1257,1265,1264.5,1268,1288
5929,三和ホールディングス,3530,3480,3875,3942,3987,3878,3829,,3764,3753,3809,3712,3689,3693,3696,3697,3707,3838,3867,3846,3820,3745,3781,3853,3799,3749,3766,3661,3675,3672,3703,3733,3750,3747,3673,3642,3644,3615,3709,3549,3437,3384,3529,3525,3408,3378,3306,3339,3297,3389,3315,3562,3664,3496,3538,3612,3618,3625,3580,3609,3555,3637,3580,3645,3611,3664,3626,3659,3636,3724,3763,3751,3675,3740
8316,三井住友フィナンシャルＧ,6565,6700,6790,6730,6857,7100,7200,7065,7000,7020,6770,7030,7100,6902,6890,6900,6737,6883,6880,6668,6649,6500,6346,6373,6415,6340,6430,6516,6581,6471,6702,6600,6544,6455,6506,6350,6127,6258,6136,6284,6116,6040,5880,5850,5914,6017,6010,6045,6050,6088,5895,5758,5748,5735,5835,5750,5600,5589,5650,5512,5609,5470,5313,5383,5404,5468,5590,5623,5660,5690,5615,5625,5550,5552
5449,大阪製鐵,2350,2481,2614,2874,2762,2710,2671,2620,2618,2600,2575,2550,2486,2494,2527,2500,2538,2476,2390,2409,2366,2285,2278,2423,2391,2284,2301,2365,2379,2308,2314,2254,2380,2399,2369,2330,2300,2325,2260,2336,2355,2321,2334,2585,2643,2579,2381,2352,2322,2245,2250,2325,2393,2321,2379,2597,2521,2607,2518,2464,2469,2368,2345,2300,2355,2410,2453,2435,2411,2440,2474,2390,2459,2648
8766,東京海上ＨＤ,7809,8000,8109,8158,8260,8243,8076,7958,7932,7874,7693,7614,7816,7689,7459,7849,7682,7725,7820,7584,7675,7235,7202,7310,7100,6885,6912,7271,7356,7140,7234,7320,7408,7217,7256,7348,7450,7493,6955,6996,6961,7114,7059,7116,7217,7367,7465,7568,7800,8010,7800,7706,7593,7369,7151,7200,6980,7163,7219,7123,7300,7282,7180,7139,6988,7244,7264,7033,6988,6901,6950,7055,7071,7200
5201,ＡＧＣ,6063,6100,6104,6000,6175,6169,6237,6251,6388,6350,6165,6388,6434,6310,6476,6529,6490,6478,6737,6888,6770,6838,7029,7050,7104,7247,7328,7242,7630,7549,7670,7422,7224,7500,7210,7102,6641,7121,7285,8000,8087,7720,7098,6893,6968,7218,6504,6227,6149,6215,6279,6000,6000,6061,5964,5661,5600,5652,5628,5561,5654,5747,5629,5697,5632,5769,5768,5796,5703,5676,5645,5782,5750,5872
8630,ＳＯＭＰＯホールディングス,6821,6963,7130,7265,7296,7246,7098,6970,6869,6846,6730,6624,6640,6498,6513,6645,6648,6709,6776,6631,6685,6335,6313,6243,6117,6139,6180,6334,6492,6242,6329,6270,6330,6268,6172,6074,6183,6300,5925,5874,5829,5870,5959,5810,5930,5893,5600,5569,5838,6400,6298,6146,6073,6041,5982,5854,5706,5882,5905,5710,5791,5772,5737,5890,5792,5909,5936,5937,5981,5969,5988,6015,5922,6037
5901,東洋製罐グループＨＤ,3998,4072,4076,4150,4180,4120,4107,4033,4102,4097,4070,4069,4052,4014,4080,4041,4100,4127,4160,4132,4144,4122,4067,4122,4134,4114,4136,4100,4163,4090,4000,4076,4004,3979,3990,3883,3815,3820,3912,3777,3850,3778,3867,3910,3938,3931,4001,4369,4128,4073,3889,3776,3542,3448,3371,3418,3531,3563,3438,3335,3137,3186,3196,3230,3244,3373,3372,3386,3380,3426,3370,3431,3446,3474
9412,スカパーＪＳＡＴ,2202,2088,2098,2031,2151,2198,2205,2242,2275,2335,2297,2298,2468,2490,2527,2562,2582,2699,2592,2740,2655,2600,2682,2643,2535,2488,2710,2864,3235,3130,3215,3350,3300,3315,3415,3450,3100,3200,3350,3555,3350,3710,3890,4600,4285,4625,4400,4100,4235,3975,4100,4230,4305,4205,3895,3805,3800,3530,3605,3500,3420,3160,3215,3170,3125,3335,3350,3300,3250,3190,3205,3055,2990,3150
6203,豊和工業,1371,1398,1360,1309,1370,1425,1458,1431,1430,1477,1431,1449,1595,1573,1636,1601,1607,1650,1838,1670,1584,1500,1524,1550,1610,1620,1600,1615,1711,1615,1700,1641,1573,1586,1612,1645,1642,1793,1700,1710,1728,1887,1916,1950,1490,1386,1367,1327,1306,1299,1331,1392,1378,1431,1428,1539,1510,1503,1559,1524,1560,1500,1483,1505,1575,1444,1382,1374,1376,1380,1451,1482,1460,1499
4676,フジ・メディア・ＨＤ,3934,3959,4132,4199,4210,4176,4072,3978,4044,4085,4078,4135,4200,4197,4114,4090,4100,4105,4100,3998,4018,4003,3870,3859,3879,3976,3843,3934,4105,3996,4014,4020,4050,4056,4054,4072,4100,4150,4106,4033,3801,3801,3844,3725,3777,3678,3771,3805,3828,3774,3745,3805,3789,3852,3791,3983,3901,3963,3851,3828,3830,3895,3966,3951,4012,3900,4065,3835,3949,4214,4250,4225,4210,4260
1961,三機工業,2240,2269,2300,2170,2338,2377,2449,2399,2476,2502,2470,2545,2600,2509,2669,2690,2618,2702,2901,2796,2713,2846,2981,3035,3120,3125,3180,3040,3250,3065,3075,2720,2650,2606,2607,2503,2433,2456,2317,2300,2180,2160,2161,2253,2228,2311,2210,2200,2217,2365,2414,2539,2689,2604,2646,2658,2580,2513,2498,2393,2375,2272,2330,2270,2280,2360,2366.6666,2420,2426.6666,2450,2666.6666,2756.6666,2723.3332999999998,2683.3332999999998
3107,ダイワボウＨＤ,3555,3561,3585,3663,3656,3599,3537,3453,3480,3470,3450,3430,3422,3369,3446,3402,3424,3446,3500,3505,3469,3486,3449,3500,3420,3409,3380,3332,3354,3332,3334,3330,3419,3449,3438,3471,3449,3442,3500,3510,3562,3536,3500,3400,3346,3367,3500,3535,3543,3580,3514,3461,3437,3485,3417,3424,3419,3345,3217,3200,3190,3212,3127,3097,3084,3100,3113,3155,3165,3183,3150,3145,3085,3201
4045,東亞合成,1824.5,1814,1800,1785.5,1791.5,1806.5,1777.5,1750,1770,1760.5,1736,1733,1753,1717,1739.5,1750,1737,1750,1792,1783,1749,1745,1760,1758,1744.5,1776,1783,1735,1762,1761,1775,1765,1758.5,1762,1755.5,1725,1699,1705,1700,1742,1744,1750,1731,1751,1734.5,1737.5,1725.5,1710.5,1703.5,1710,1758.5,1747,1759.5,1750,1724,1736.5,1715,1734.5,1737,1698,1693.5,1729.5,1730,1798.5,1800,1798.5,1795,1804,1803,1785,1784.5,1784,1788,1782.5
5857,ＡＲＥホールディングス,3060,3040,3050,2992,3085,3125,3150,3095,3110,3080,2971,3000,3085,2970,2978,2982,2950,2980,3060,3070,2984,2950,2930,2933,2947,2860,3115,3140,3240,3205,3160,3240,3205,3220,3150,2972,2940,3015,3055,3160,3210,3255,3190,3270,3300,3450,3600,3480,3485,3575,3760,3855,4045,4060,3880,3910,4115,3980,3855,3575,3580,3675,3615,3670,3780,3925,3930,3835,3845,3775,3850,3750,3655,3795
8281,ゼビオホールディングス,1089,1096,1119,1126,1116,1113,1103,,1109,1103,1120,1104,1100,1085,1100,1096,1103,1122,1111,1080,1068,1064,1050,1059,1073,1060,1035,1044,1024,1040,1040,1046,1056,1063,1070,1055,1068,1036,1021,1018,1015,1032,1029,1059,1048,1040,1055,1053,1044,1043,1025,1000,966,966,961,961,970,971,988,996,995,991,991,999,1005,1022,1034,1025,1015,1026,1015,1009,1009,1022
4540,ツムラ,3790,3800,3900,4044,3971,3950,3815,3785,3840,3872,3875,3861,3879,3847,3839,3780,3786,3795,3794,3772,3791,3746,3719,3725,3700,3727,3810,3723,3726,3747,3722,3743,3776,3720,3730,3744,3770,3718,3688,3755,3750,3698,3715,3798,3860,3735,3780,3888,3967,3950,3825,3799,3776,3702,3559,3555,3568,3631,3621,3651,3670,3722,3685,3688,3680,3712,3746,3791,3753,3800,3750,3765,3778,3830
9984,ソフトバンクグループ,5418,5255,5303,4526,5083,5202,5584,5800,5846,5929,5524,5663,6450,6181,6370,6021,5796,5571,5962,6130,6000,5757,6089,5968,6320,6412,6797,6521,6944,7300,7339,7128,6920,7150,7108,6650,6066,6714,6676,7140,8001,8800,9000,7548,7100,8020,6750,6700,5810,5313,5660,5445,5801,6100,5943,5935,6219,6124,6100,5278,4968,5660,6016,6000,6097,5130,4945,4575,4640,4542,4405,3904,3700,3779
4063,信越化学,5859,5900,5917,5712,5835,6000,6473,6833,7180,7233,7205,7210,7582,7295,7390,7255,6900,7111,7377,7058,6874,7180,7081,7058,6893,7000,7234,7001,7277,7160,7500,7665,7447,7510,7484,7056,6500,6790,6980,7491,7542,7623,7600,7494,7385,7250,7034,6900,6988,6942,7045,7074,7385,7382,7418,7584,7557,7651,7601,7115,7251,7049,6850,6804,6650,6710,6783,6847,6830,6750,6750,6696,6600,6558
4536,参天製薬,1840,1884,1900,1997,1980,1968,1968,,1978,2025,2072.5,2043,2131,2161,2159,2150,2197,2222.5,2227,2243.5,2222.5,2165,2102.5,2166.5,2160,2133,2066,1954,1905.5,1857.5,1851,1893,1935.5,1899.5,1949,1937.5,1920,1962.5,2007,1925,1856,1870,1851,1928.5,1897,1921,1949.5,1880,1929.5,1925,1850.5,1854,1876,1818,1679.5,1612,1602.5,1625,1627,1627,1634,1651,1659,1674.5,1666.5,1717.5,1731.5,1797,1786.5,1807.5,1794.5,1799,1814.5,1882
6503,三菱電機,5636,5712,5550,5072,5238,5480,5632,5679,5700,5669,5413,5566,5747,5676,5836,5867,5730,5847,6074,5970,5868,5934,5966,5980,5925,5927,6082,6004,6283,6121,6148,6163,5853,5958,5700,5621,5372,5750,5514,5899,6051,6101,6060,6500,6321,6650,6414,6080,6008,5823,6312,6380,6500,6463,6333,6623,6467,6448,6377,6269,6398,6048,6039,5959,5869,5901,6100,5883,5904,5878,5990,5914,5742,5700
4980,デクセリアルズ,3440,3319,3377,3123,3351,3480,3587,3634,3751,3716,3512,3700,3950,3914,4085,4162,4085,3896,4150,4323,4000,4136,4353,4310,4434,4845,5115,4880,4930,4905,4838,4610,4428,4310,4200,3974,3568,3850,3949,4245,4495,4758,4472,4116,4000,4288,4233,4282,3948,3750,4195,4100,3849,3149,2649.5,2739,2800,2639,2573.5,2441,2448.5,2510,2487,2421.5,2469,2468,2457.5,2466,2400,2385,2437,2400,2350,2356
9424,日本通信,116,114,113,114,112,114,110,,112,114,114,117,115,115,113,110,111,112,111,109,108,105,107,108,108,106,108,108,112,113,115,115,113,115,114,115,114,113,113,114,114,114,113,116,115,116,124,122,124,125,124,126,125,126,127,129,129,130,127,125,124,124,125,125,128,129,131,131,132,131,126,125,126,129
3854,アイル,2246,2274,2294,2345,2327,2313,2255,2235,2286,2310,2351,2404,2377,2429,2430,2455,2460,2465,2348,2320,2256,2208,2200,2228,2154,2121,2198,2200,2172,2175,2195,2172,2170,2200,2225,2302,2387,2398,2425,2521,2588,2606,2600,2589,2521,2496,2606,2479,2471,2447,2438,2394,2353,2376,2369,2381,2420,2373,2360,2365,2396,2397,2390,2412,2463,2465,2480,2460,2405,2450,2410,2395,2321,2407
6027,弁護士ドットコム,2271,2362,2291,2267,2295,2349,2217,2220,2285,2313,2393,2360,2366,2361,2424,2390,2380,2430,2409,2394,2482,2400,2314,2230,2059,2002,2094,2090,2220,2200,2130,2125,2110,2083,2139,2192,2145,2190,2224,2276,2250,2285,2352,2436,2460,2497,2550,2555,2580,2766,2769,2715,2745,2700,2643,2726,2762,2676,2550,2494,2500,2420,2493,2541,2611,2595,2609,2570,2610,2745,2609,2599,2495,2777
7806,ＭＴＧ,7850,7610,7290,7300,7630,7590,7680,7690,7670,7990,7590,7980,7400,7230,7480,7550,8000,8000,8100,8140,8230,7530,7410,7540,7300,7420,7540,7480,7700,7650,7680,7400,7260,7110,7020,7250,6870,7070,6760,6850,7080,7110,7500,7430,7000,7050,6320,6390,6560,6630,6390,6710,7050,6780,6600,6490,6390,6250,6250,5810,5890,5940,6210,6380,6550,6550,6630,6670,6490,6450,6400,6190,5970,6060
9202,ＡＮＡホールディングス,3104,3148,3155,3142,3125,3100,2996,2913,3007,3030,3045,2997,3029,3013,3014,3048,3059,3094,3185,3122,3143,3035,2945,2994.5,3006,3007,3012,2910,2934,2941,2980,3022,3050,3019,2931.5,2826.5,2782,2799,2839,2824.5,2796.5,2801,2881.5,2930,2919.5,2880.5,2831,2785,2783.5,2746,2732.5,2770,2768,2785,2791,2793.5,2810,2860.5,2759.5,2639.5,2629,2646.5,2680,2725,2800,2821,2880,2850,2829.5,2870,2856,2880,2890,2890
2802,味の素,4893,4920,5025,4747,4874,4969,5139,5051,5258,5430,5262,5215,5698,5597,5735,5773,5777,5741,6048,6200,6110,6075,6048,5860,5706,5771,5672,5529,6000,5747,5840,5385,5187,4996,5500,5200,4848,4772,4802,5050,5130,5269,5302,5140,5189,5345,5270,5243,5099,5278,5200,5280,5542,5587,5371,5502,5179,4818,4952,4904,4913,4794,4755,4727,4607,4652,4607,4599,4651,4637,4651,4600,4601,4722
7203,トヨタ自動車,2948,2999,3032,3181,3085,2972.5,2921,2920,2938,2921.5,2900,2865.5,2857,2832,2844,2863.5,2854,2926,2950,2855,2839,2759,2765,2775,2805,2714,2700,2731,2745,2770,2785,2800,2862.5,2867,2836.5,2792,2768,2837,2817,2872,2875,2840,2849.5,3022,3039,3016,3051,3020,2964.5,3003,2955,2990,3017,2944,2884.5,2831,2800,3020,3017,3000,3062,3131,3065,3122,3191,3220,3345,3413,3400,3416,3355,3355,3295,3345
6954,ファナック,6115,6385,7080,6383,6473,6585,6724,6838,6897,6897,6621,6690,6939,6857,7050,7051,6789,6922,7335,7436,7209,7227,7505,7200,7083,7253,7512,7450,7935,7720,7599,7615,7270,7487,7200,7035,6385,6877,7000,7608,7872,7708,8000,8100,8096,8695,8348,8145,7547,7524,7980,8439,8255,8540,7570,7632,7555,7114,7198,6775,6761,7256,6750,6323,6433,6450,6500,6250,6272,6143,6280,6282,6250,5993
6479,ミネベアミツミ,3811,3715,3792,3480,3662,3800,3879,3946,3998,4000,3855,3970,4177,4125,4350,4440,4422,4274,4473,4918,4695,4800,4826,4841,4820,5241,5096,4885,5154,4757,4680,4648,4618,4570,4443,4408,4162,4511,4714,4828,4849,4809,4651,4433,4166,4247,4060,3940,3799,3869,3800,3955,4005,3950,3636,3527,3436,3300,3178,3138,3079,3123,3120,3060,3110,3106,3112,3034,3000,2908,2878.5,2910,2830.5,2735
1833,奥村組,5710,5880,5800,5770,5900,5850,5800,,5680,5670,5600,5630,5670,5600,5640,5720,5680,5750,5800,5740,5720,5680,5660,5720,5700,5580,5700,5650,5700,5640,5800,5740,5760,5790,5730,5610,5540,5540,5520,5540,5550,5540,5550,5600,5520,5630,5520,5610,5700,5730,5680,5790,5980,6160,6320,6210,6050,6130,6250,6150,6080,6000,5950,6150,5980,6080,6120,6150,6200,6230,6280,6250,6270,6430
6841,横河電機,5668,5729,5757,5487,5668,5900,5973,5700,5761,5719,5648,5331,5528,5497,5586,5475,5404,5590,5816,5900,5530,5514,5700,5694,5574,5500,5620,5620,5835,5432,5425,5398,5151,5214,5110,5046,4707,4893,5057,5339,5380,5220,5097,4877,4920,4928,4913,4841,4750,4704,4905,4970,5141,5318,5180,5312,5250,5434,5554,5432,5419,5390,5294,5269,5412,5578,5516,5474,5463,5416,5612,5702,5553,5660
7167,めぶきフィナンシャルＧ,1483.5,1489.5,1514.5,1468.5,1502.5,1534,1550,1490.5,1487.5,1480,1444.5,1500,1515,1501,1537,1575,1540,1531,1568.5,1513.5,1498,1469,1425,1420,1417.5,1390,1411,1410.5,1443.5,1392.5,1439,1418.5,1429,1410,1432,1399.5,1362,1400,1327.5,1361,1293.5,1325,1277.5,1350,1371.5,1377.5,1396,1422,1407,1395.5,1387,1378.5,1385,1364.5,1363,1350,1303,1316,1345,1295.5,1296,1249.5,1206,1235.5,1232,1281.5,1317.5,1353,1354,1363.5,1360,1349,1345,1356
1925,大和ハウス,4584,4664,4694,4876,4820,4740,4693,4546,4548,4580,4599,4637,4610,4555,4523,4568,4490,4594,4555,4505,4530,4425,4400,4488,4428,4363,4386,4318,4308,4257,4320,4366,4400,4336,4351,4324,4349,4317,4188,4241,4218,4179,4168,4402,4396,4400,4445,4463,4504,4544,4510,4543,4532,4649,4770,4760,4746,4834,4750,4766,4813,4821,4765,4810,4849,4890,4912,4901,4900,4925,4880,4919,4949,4988
5411,ＪＦＥホールディングス,1789,1799,1825,1850,1800,1765,1750,1706,1700,1736.5,1716,1689,1678,1635,1640.5,1623,1638,1650.5,1662.5,1619,1595.5,1559,1567,1570,1552,1556,1573,1565.5,1600.5,1610,1635,1631.5,1652,1656.5,1633,1600,1577,1570,1603.5,1611,1594.5,1608,1613,1694,1685,1650.5,1651,1651,1657,1668.5,1663,1670,1683,1724,1700,1675.5,1747,1723.5,1740.5,1714,1690,1681,1690,1703.5,1724,1745,1765,1803.5,1820,1821,1825,1859.5,1854.5,1866.5
7182,ゆうちょ銀行,3088,3072,3154,3122,3200,3361,3400,3392,3392,3404,3184,3230,3335,3254,3290,3306,3287,3307,3340,3220,3200,3116,3090,3114,3069,3060,3084,3239,3291,3194,3263,3234,3188,3165,3250,3164,3085,3188,3106,3238,3180,3136,2985,3000,2951,3020,3087,3200,3150,3165,2995,2860,2823.5,2849.5,2821.5,2846.5,2739.5,2767,2760,2700,2697.5,2562.5,2475,2529.5,2530,2600,2709,2752.5,2795,2788,2774.5,2745,2695,2719
1963,日揮ホールディングス,2245,2240.5,2268,2200,2329,2321,2287.5,,2295,2299,2227,2220,2310,2305,2368,2356,2343,2450,2558,2540,2520,2486.5,2508.5,2589.5,2563,2530.5,2603,2574,2651,2608,2780,2783.5,2680,2698,2700,2555.5,2470,2539.5,2595.5,2605.5,2641.5,2627,2635.5,2669.5,2853,2843.5,2781.5,2683,2685,2646,2600,2699,2680,2451.5,2409.5,2418,2521,2508.5,2409.5,2398,2412,2389,2325,2396.5,2300.5,2355.5,2430,2527,2544.5,2538,2680,2709,2746.5,2840
2914,日本たばこ産業,6900,7002,7000,6800,6677,6573,6479,6390,6489,6360,6320,6249,6140,6175,6120,6206,6190,6203,6146,6093,6100,6012,6012,5998,5985,5950,5950,5967,5974,6028,6066,6064,6133,6074,6200,6350,6230,6128,6032,6025,6103,6100,6048,6100,6144,6080,6100,6218,6320,6420,6343,6330,6250,6204,6090,6120,6000,5852,5896,5818,5780,5750,5760,5885,5728,5707,5800,5830,5847,5870,5912,5950,5993,6034
3003,ヒューリック,1719.5,1756.5,1789.5,1904.5,1849,1810,1787.5,1765,1790,1800,1826,1808,1795,1754,1774.5,1746,1762,1781.5,1768,1749.5,1744,1704.5,1692,1715,1699,1700.5,1714.5,1695,1675,1689,1693,1707,1733,1725,1748,1725.5,1740,1716,1656,1650,1645,1661.5,1640,1677.5,1660,1675,1669.5,1660,1740,1741.5,1730,1763,1743,1789.5,1797,1792,1801,1811.5,1789,1765.5,1782,1783.5,1830,1819,1820,1850,1893,1900,1898,1900,1906.5,1890,1875,1881
5892,ＹＵＴＯＲＩ,2112,2128,2070,2041,2020,2055,1974,1980,2000,2030,2060,2060,2100,2030,2075,2062,2067,2100,2097,2144,2097,2055,2066,2052,2010,2000,2000,2010,2065,2031,2122,2142,2046,1977,2003,2121,2160,2166,2320,2231,2106,2108,2152,2268,2340,2506,2476,2467,2530,2649,2590,2599,2384,2060,1936,1948,1970,1973,1982,1950,1989,2036,2056,2100,2187,2175,2225,2200,2188,2235,2348,2382,2176,2183
6323,ローツェ,4045,3881,3826,3435,3758,4092,4449,4591,4706,4600,4430,4340,4515,4547,4585,4936,4624,4270,4622,4943,4398,4826,4967,4650,4577,4741,4663,4650,5010,4900,5030,4540,4309,4482,4340,4066,3727,3812,3809,4114,4216,4039,3780,4050,3840,4033,4020,3822,3634,3606,3668,3800,4031,4080,3926,4180,3968,3860,3945,3790,3790,3884,3949,3592,3700,3645,3637,3720,3768,3878,4005,4088,3976,3750
6501,日立,5390,5181,5299,5200,4911,4923,4920,4840,4827,4789,4696,4688,4795,4724,4700,4725,4750,4872,4822,4699,4711,4595,4550,4494,4530,4484,4714,4719,4930,4702,4805,4680,4692,4741,4704,4682,4641,4906,5095,5146,5180,5139,5126,5374,4963,5100,5050,5105,4907,4883,4900,4755,4690,4700,4775,4892,4920,4844,4900,4800,4947,5200,5333,5230,5185,5129,5110,5193,5167,5210,5060,4930,4880,4830
6134,ＦＵＪＩ,8490,7184,7247,6437,6890,7255,7476,7461,7560,7662,7363,7400,7809,7650,8190,8070,7740,7623,8500,8885,8150,8482,8681,8119,7960,8410,8441,8141,8468,8510,8737,8560,8217,8300,7942,7564,6905,7255,6886,7644,7690,8065,8046,8007,7813,8386,8068,7735,7820,7441,7808,8143,8701,7088,6800,6776,6715,6232,6200,6068,5881,5986,5960,5772,5902,5961,5880,5744,5802,5798,5819,5667,5463,5410
7746,岡本硝子,721,715,714,720,732,761,781,760,759,778,740,772,792,790,780,774,786,808,849,854,854,891,912,930,856,779,764,753,798,796,815,826,852,738,737,725,673,725,754,751,782,763,795,843,844,862,920,884,1034,1000,1000,859,758,808,761,816,877,840,845,840,921,938,951,972,1018,996,1038,955,961,1000,983,990,1009,1033
3407,旭化成,1625,1686,1810,1801,1820,1835,1852.5,1839.5,1846,1872,1846,1855.5,1900,1834,1859,1859,1840,1853.5,1899,1855,1798,1781.5,1795,1796,1807,1804.5,1826,1768,1821,1834.5,1794,1800,1765,1744,1818,1800,1721,1735,1781,1777,1750,1757.5,1770.5,1767.5,1718,1750,1766,1710,1694.5,1696,1700,1706,1732,1750,1655,1548,1522,1539,1564.5,1516,1533.5,1535,1520,1535,1513.5,1551,1564,1598,1611.5,1561,1607.5,1629,1629.5,1651.5
4008,住友精化,1218,1224,1246,1216,1247,1278,1294,,1297,1300,1275,1265,1293,1265,1281,1295,1300,1313,1350,1384,1307,1295,1275,1296,1287,1293,1297,1280,1326,1327,1335,1318,1322,1321,1305,1284,1250,1279,1249,1282,1300,1310,1261,1333,1319,1284,1277,1240,1231,1223,1250,1268,1238,1247,1218,1195,1217,1210,1208,1190,1185,1194,1191,1208,1195,1236,1267,1275,1279,1280,1280,1257,1254,1254
4062,イビデン,16000,15850,16650,13475,15155,15400,17320,18000,18650,19815,16470,16605,18070,18290,19885,20205,19900,19095,21180,23350,21920,24055,26000,24200,24000,25370,25805,24100,26500,24335,27005,24480,21945,22600,20805,19770,16520,17795,16800,18510,21440,21450,21795,20000,19925,21255,19650,18005,17200,15030,15300,15550,17280,16890,15880,15700,16000,15575,15160,13245,13205,12700,12840,12335,11310,10500,9800,9147,9468,9490,10080,9707,9738,9822
4182,三菱瓦斯化学,4201,4131,4426,3751,3988,4200,4422,4501,4564,4640,4374,4460,4703,4500,4745,4787,4636,4564,4840,4983,4675,4990,5200,5140,5095,5286,5365,5244,5699,5420,5450,5300,5000,5020,4973,4750,4216,4580,4700,4999,5282,5450,5371,5520,5337,5500,5250,4966,4823,4535,4630,4571,4902,4800,4740,4877,4650,4600,4480,4335,4352,4387,4364,4377,4329,4323,4303,4243,4242,4184,4287,4235,4110,4200
4188,三菱ケミカルグループ,1131.5,1167,1150,1143.5,1178,1200,1204.5,,1208,1197,1181.5,1189.5,1209.5,1170,1175,1182,1165,1173,1199.5,1180,1142,1113.5,1132,1134,1111,1099,1113.5,1071.5,1099,1094,1112.5,1158,1098,1112.5,1130,1068,1000,1025,1036.5,1058,1110,1100,1078,1135,1106,1130,1048.5,1008,1024,1017,1026,1016,994,1007,930.1,928,916.7,923.9,928,912.1,912.4,920.4,911.1,926.8,930,960.2,965,988.9,988,993.4,992.2,988,973,991
4523,エーザイ,4600,4807,4900,5057,4861,4766,4649,4597,4550,4450,4455,4400,4270,4313,4300,4267,4292,4340,4330,4305,4301,4175,4065,4167,4010,3952,3920,3905,3903,3861,3900,3888,3857,3796,3794,3754,3709,3736,3800,3850,3829,3800,3793,3901,4032,3980,4158,4220,4298,4466,4429,4513,4710,4726,4719,4690,4607,4761,4671,4653,4625,4634,4630,4733,4821,4874,4893,4920,5030,5060,4909,4934,4971,5115
4528,小野薬品,2318,2307,2381,2479.5,2450,2450,2410,,2396,2389,2432,2375.5,2382.5,2412,2449,2449.5,2499,2465,2440,2435,2460,2400,2379,2397.5,2387,2360,2384.5,2326,2340,2335,2210,2268.5,2259,2266.5,2296.5,2236,2186.5,2195.5,2243,2207,2172,2200,2280,2406,2368,2344,2508,2484,2458,2466.5,2400.5,2507,2563,2535,2500,2466.5,2480,2359,2319,2287,2298,2316,2321,2321.5,2300,2342,2411,2412.5,2465.5,2452,2485,2504.5,2500,2534
4661,オリエンタルランド,3058,3058,3024,3033,2932,2855,2708,,2623.5,2674.5,2740,2730,2710,2684,2624,2626,2554,2600,2559,2564.5,2554.5,2462,2465,2518,2410,2395,2374,2380,2310.5,2328,2292.5,2275.5,2290,2272,2236.5,2278.5,2292.5,2244,2222,2205,2215,2154,2221,2260,2220,2125,2140,2135,2200,2244,2165,2186,2141,2160,2195,2180,2220,2245,2223,2230,2250,2415,2397,2448,2553.5,2607.5,2644,2649,2618,2666,2556.5,2601,2608.5,2600
5803,フジクラ,4324,4079,4210,3750,4003,4199,4532,4659,4888,4954,4542,4561,4948,4800,5134,5125,4961,4910,5254,5299,5100,5500,6350,6085,6127,6360,6613,6400,7023,6161,5161,4791,4600,4400,4450,4352,4006,4320,4386,4654,4831,4854,4607,5044,4998,5500,5360,4650,4550,4275,5600,5842,6418,7662,7324,7250,6780,6428,6300,5983,5981,6231,6037,5987,6119,5833,5577,5692,5903,5600,5960,5947,5914,5176
6178,日本郵政,2328,2353.5,2410,2436.5,2496.5,2498.5,2499.5,2430.5,2440,2418.5,2359,2379,2389,2340,2340,2371,2360,2360,2344.5,2288.5,2287.5,2200.5,2184.5,2173,2173,2176,2231,2225.5,2238,2210.5,2212.5,2212,2272,2250,2325,2280.5,2230.5,2204,2108.5,2155,2108.5,2090,2005,2052,2024.5,2070,2093,2115.5,2110,2126.5,2065,1997,1951,1951.5,1900,1876.5,1863,1857,1845.5,1812.5,1810,1775,1762,1784.5,1789,1820.5,1856.5,1880.5,1887.5,1900,1858.5,1881.5,1831,1891.5
6925,ウシオ電機,3905,3725,3847,3538,3753,4002,4164,4174,4228,4160,3908,3931,4156,4089,4302,4478,4221,4230,4470,4682,4484,4688,5048,4333,4396,4497,4539,4470,4810,4693,4749,4630,4478,4274,4200,4025,3794,4027,3980,4269,4077,4067,4059,4229,4192,4226,4100,4050,3833,3858,4138,4250,4239,3419,3439,3468,3405,3343,3235,3126,3090,3135,3200,3224,3150,3180,3207,3156,3320,3299,3282,3251,3231,3232
7021,ニッチツ,2030,1991,1967,1984,1977,1955,1936,1938,1890,1878,1868,1876,1859,1849,1859,1825,1825,1813,1821,1808,1790,1799,1785,1785,1775,1791,1771,1770,1761,1787,1753,1793,1809,1780,1826,1804,1812,1800,1770,1759,1749,1800,1803,1854,1854,1854,1819,1823,1868,1881,1915,1980,2088,2189,2118,2151,2141,2170,2150,2175,2225,2176,2259,2258,2295,2289,2364,2341,2337,2360,2343,2339,2329,2301
7729,東京精密,17120,16855,17045,15000,15905,17465,17770,18045,18655,18585,17295,17910,18470,18415,18910,18400,17815,17200,18510,19405,18235,20015,21000,19675,19320,19560,19850,18865,20495,20075,20645,19850,18490,19775,19455,18430,16355,17270,15910,17925,17360,17250,16975,17970,17420,17795,17770,16650,16390,15700,16200,16515,18155,19285,18585,19365,19400,18000,18375,17240,17355,17325,17640,16950,17220,16715,16440,16665,16810,16595,16435,16100,15605,15680
8424,芙蓉総合リース,4462,4500,4447,4563,4523,4549,4475,4400,4412,4430,4376,4352,4368,4307,4310,4278,4260,4273,4280,4200,4222,4230,4230,4230,4240,4246,4250,4176,4210,4226,4213,4250,4302,4300,4306,4264,4309,4272,4118,4100,4077,4054,4075,4170,4185,4190,4280,4371,4403,4387,4342,4378,4396,4350,4363,4300,4290,4322,4313,4312,4337,4267,4243,4260,4230,4273,4315,4353,4330,4355,4328,4338,4338,4410
9020,東日本旅客鉄道,3461,3536,3680,3910,3812,3784,3640,3572,3577,3590,3660,3638,3602,3570,3502,3528,3479,3550,3501,3472,3536,3360,3380,3434,3414,3381,3371,3395,3322,3347,3368,3363,3445,3385,3410,3450,3500,3413,3400,3292,3317,3295,3335,3438,3516,3532,3591,3645,3800,3840,3746,3792,3675,3716,3752,3641,3626,3648,3573,3668,3381,3460,3402,3474,3500,3528,3517,3500,3520,3559,3533,3580,3560,3607
9069,センコーグループＨＬＤＧＳ,2197,2205,2216,2244,2208,2211,2198,2160,2167,2210,2211.5,2146,2141.5,2128,2073,2050,2018,2021,1999,1979,1952.5,1918,1940,1935,1930,1912,1917.5,1895.5,1900,1880,1893.5,1899,1940,1952,1948.5,1935,1950,1948,1908,1909,1900,1886,1873,1908,1932,1932,1964,2022,2029,1988.5,2020,2022.5,2006,1949,1834,1858,1848,1854.5,1821,1839.5,1834,1838,1832.5,1879.5,1871,1901,1910,1896.5,1908.5,1888.5,1900,1870.5,1866.5,1918
9227,マイクロ波化学,850,835,866,900,846,814,798,,814,812,784,805,830,834,888,873,902,943,948,939,932,955,952,888,891,886,897,885,957,890,915,891,877,904,917,879,854,920,902,885,894,924,939,1103,1149,1179,1093,943,776,800,828,833,836,845,842,982,1012,1003,1042,1025,1042,1094,1070,1100,1163,1138,1300,1108,1033,1040,1022,1023,945,975
9348,ｉｓｐａｃｅ,406,405,407,406,407,410,415,,412,415,414,416,440,440,447,498,508,437,450,454,440,443,445,445,435,438,444,439,455,465,468,479,471,510,550,602,572,583,588,607,584,603,578,709,610,637,598,510,506,536,507,505,500,500,492,510,510,485,473,468,475,463,480,482,491,489,496,496,505,514,513,503,505,459
9449,ＧＭＯインターネットグループ,4200,4184,4142,4260,4154,4135,4000,3916,3911,3990,4057,4035,4000,3912,3897,3807,3768,3810,3667,3591,3604,3461,3354,3411,3336,3217,3223,3244,3519,3416,3112,3072,3100,3101,3120,3090,3161,3198,3160,3249,3237,3243,3358,3330,3300,3400,3425,3307,3300,3350,3330,3345,3129,3172,3144,3220,3195,3080,3096,3065,3066,3117,3129,3116,3230,3323,3270,3287,3232,3187,3049,3043,2934.5,3026
9501,東京電力ＨＤ,527.4,517.20000000000005,538.4,517.29999999999995,521.9,533.9,530.1,515.20000000000005,506.2,503.4,511,497,505.2,490,479.1,478,477.8,462,468.1,471.4,460.7,455.1,458,466,463,476.9,475.7,465,470.2,524,510.3,507.8,523.20000000000005,530,529.29999999999995,501.9,507.8,519.9,518.4,544.5,570.1,567.79999999999995,550.1,558.9,568,578.4,558.5,565,557.6,572.9,574.29999999999995,593,606.1,611,638,653.20000000000005,633.1,627,615,595,597,584.5,581,585,623,600,612,619.70000000000005,638.70000000000005,630.4,652.29999999999995,652.9,659.8,684.6
9531,東京瓦斯,6181,6150,6063,6297,6289,6243,6275,6130,6151,6127,6145,6105,6063,6005,6003,6043,6130,6150,6151,6039,6106,6041,6080,6197,6157,6089,6147,6137,6193,6180,6145,6157,6300,6261,6303,6452,6340,6428,6116,6219,6292,6320,6098,6214,6428,6500,6529,6698,6695,6799,6690,6783,6624,6581,6670,6725,6600,6786,6630,6747,6637,6600,6410,6500,6441,6550,6635,6884,7087,7000,7049,7055,7176,7375
9882,イエローハット,1745,1728,1830,1871,1860,1840,1800,1775,1797,1806,1831,1831,1820,1832,1830,1835,1848,1820,1820,1782,1777,1758,1756,1772,1775,1756,1759,1745,1752,1770,1745,1741,1743,1728,1745,1725,1719,1700,1663,1666,1680,1630,1612,1627,1628,1625,1624,1629,1622,1637,1625,1640,1598,1620,1630,1649,1647,1510,1511,1511,1504,1511,1510,1515,1530,1565,1573,1575,1554,1557,1573,1573,1577,1600
5838,楽天銀行,5320,5400,5611,5284,5562,5600,5573,5614,5650,5297,5421,5400,5870,5868,5701,5799,5769,5727,5585,5401,5400,5132,5170,5124,5051,4980,4990,5100,5137,5109,5199,5247,5250,5179,5300,5104,4951,5113,4971,5078,4801,4501,4508,4840,4845,4926,4848,5280,5636,6730,6691,6300,6034,6097,6000,6268,6323,6175,6331,6220,6299,6180,6070,6206,6102,6302,6451,6513,6670,6760,6800,6875,6714,6755
5844,京都フィナンシャルＧ,4490,4403,4525,4450,4580,4630,4633,4595,4573,4549,4454,4590,4704,4697,4688,4730,4798,4720,4875,4674,4668,4643,4540,4541,4500,4569,4582,4639,4802,4866,4728,4620,4726,4468,4529,4499,4480,4680,4575,4600,4277,4384,4278,4403,4504,4502,4549,4498,4450,4465,4406,4420,4231,4483,4410,4447,4403,4391,4443,4336,4319,4261,4176,4230,4188,4350,4364,4450,4395,4395,4350,4395,4300,4430
9404,日本テレビＨＬＤＳ,2920,2816,2918,3059,3000,2945.5,2866,2798,2807.5,2859.5,2933,2876,2891,2905,2900.5,2890.5,2915.5,2954,2904,2860.5,2919.5,2870,2783,2766,2715,2692.5,2735.5,2740,2735.5,2770,2847.5,2851,2897.5,2817.5,2846,2858,2898.5,2893,2828.5,2840,2777,2768,2820,2850,2874.5,2847,2904.5,2933.5,2920,2931.5,2902.5,2922,2790,2900,2947.5,2935,2966,3015,2986,2950,2985.5,3041,2981,2960,3050,3145,3177,3200,3171,3195,3169,3173,3100,3143
6744,能美防災,4495,4415,4430,4350,4450,4405,4380,,4265,4310,4235,4240,4320,4290,4330,4360,4290,4410,4415,4380,4245,4140,4115,4210,4140,4115,4200,4165,4205,4230,4220,4200,4200,4225,4300,4240,4280,4340,4360,4500,4500,4705,4630,4810,4710,4940,4785,4650,4595,4615,4800,4660,4660,4350,4385,4310,4460,4315,4345,4125,4035,3975,3905,3965,4000,4040,4100,4135,4205,4270,4435,4410,4410,4390
7685,ＢＵＹＳＥＬＬＴＥＣＨ,2975,3015,2950,2992,3100,3130,3105,,3225,3250,3260,3485,3535,3515,3505,3560,3660,3550,3435,3495,3480,3425,3365,3245,3450,3410,3715,3665,3675,3460,3510,3600,3505,3675,3760,3820,3750,3720,3600,3725,3865,3945,4065,4030,3920,3855,3825,3650,3700,3795,3340,3450,3375,3330,3000,3280,3330,3240,3090,3280,3210,3100,3135,3245,3295,3420,3390,3470,3625,3650,3570,3560,3410,3470
8334,群馬銀行,2517.5,2531,2513.5,2461.5,2570,2646.5,2647,2545,2570,2581,2460,2610,2584,2548.5,2520,2510,2545,2450.5,2502,2420.5,2441,2400,2336.5,2333,2348,2329,2322.5,2307,2332,2294,2308.5,2340,2360,2326.5,2393.5,2352,2317,2377,2246,2300,2178,2199,2147.5,2218.5,2279.5,2261,2296,2369.5,2340,2312,2288,2259.5,2179,2182.5,2169,2224,2194,2173,2247,2132,2199,2052,2002,2050,2028,2133.5,2193,2255.5,2264.5,2295,2266,2289,2250.5,2299
8359,八十二長野銀行,2482,2508,2568.5,2482,2588,2660,2673.5,2610,2633,2596,2504.5,2607,2575,2561,2579,2608,2564,2550,2600,2528.5,2499,2462.5,2391.5,2396,2399,2376,2389.5,2390,2413.5,2331,2329,2326,2372,2356.5,2460,2354.5,2331,2452,2350,2438,2283.5,2348,2300,2295,2295.5,2300,2363,2370,2341.5,2300,2230,2358,2340,2355,2327.5,2308.5,2221,2228,2167,2104,2150.5,2059,1991,2032,1997.5,2037.5,2094.5,2125,2111,2104,2084.5,2088,2082,2123
8801,三井不動産,1507,1530,1580,1605.5,1618,1590,1565.5,1530,1535,1540,1543.5,1549,1553,1510,1528,1518.5,1504.5,1578,1571,1545,1560.5,1498,1491,1525,1500,1451.5,1494,1448.5,1458,1486.5,1493.5,1516.5,1544.5,1564.5,1586,1564,1555,1529.5,1470,1482,1478.5,1515,1477.5,1519,1532,1537.5,1510,1501,1539.5,1520,1520,1539.5,1490.5,1600,1672,1676.5,1656.5,1699,1709.5,1690,1694.5,1715,1697,1709.5,1753.5,1741,1744.5,1766,1749.5,1777,1818,1755,1700.5,1712
8934,サンフロンティア不動産,2438,2500,2535,2582,2568,2562,2507,2500,2537,2551,2520,2546,2545,2504,2508,2508,2515,2535,2522,2482,2435,2429,2412,2452,2410,2373,2352,2339,2336,2350,2350,2350,2388,2380,2405,2350,2381,2375,2307,2297,2268,2277,2230,2363,2340,2351,2348,2385,2390,2422,2412,2470,2445,2443,2445,2535,2580,2624,2650,2685,2701,2679,2631,2683,2702,2744,2769,2799,2791,2825,2840,2841,2812,2786
9416,ビジョン,1025,1032,1035,1041,1032,1023,996,985,997,1002,1005,1008,1018,1022,1016,1010,1001,1010,1010,1001,986,970,967,979,974,966,990,985,1023,1020,1029,1020,1020,1017,1022,1009,1012,1011,1021,1011,1009,1021,1021,1058,1058,1061,1063,1020,1030,1031,1008,1044,1020,1140,1105,1111,1111,1108,1102,1091,1099,1097,1087,1106,1109,1140,1170,1186,1192,1208,1202,1202,1197,1197
9532,大阪瓦斯,5400,5462,5550,5528,5551,5531,5530,5421,5409,5356,5400,5376,5420,5330,5400,5405,5494,5539,5443,5396,5394,5369,5456,5463,5410,5370,5447,5417,5464,5429,5388,5490,5527,5520,5606,5698,5540,5550,5454,5457,5607,5499,5260,5350,5442,5553,5644,5768,5779,5862,5726,5700,5717,5731,5679,5629,5567,5684,5736,5720,5874,5827,5779,5956,5793,5880,5983,6129,6238,6174,6249,6290,6374,6587
6330,東洋エンジニア,1897,1982,1939,1891,2010,2085,1988,,1892,1870,1760,1845,1945,1915,1936,1988,1965,2000,2180,2080,2053,1972,1996,2277,2084,1957,1951,1893,2000,2060,2083,2200,2091,2049,1995,1870,1832,1975,1965,1942,1984,1890,1897,2153,2092,2169,2184,2010,2069,2082,2100,2128,2148,2160,2188,2226,2313,2295,2335,2286,2340,2331,2282,2449,2478,2510,2662,2640,2500,2350,2357,2331,2281,2340
4082,第一稀元素化学工,1795,1715,1748,1700,1795,1855,1869,1816,1835,1840,1770,1847,1947,1936,1940,1980,2008,2001,2071,2055,2031,2065,2047,2091,2100,2100,2090,2002,2137,2067,2010,2085,1990,1948,1940,1900,1800,1963,2010,2079,2172,2166,2225,2295,2170,2186,2093,1980,1960,2099,2195,2183,2181,2651,2640,2708,2487,2388,2346,2246,2307,2260,2268,2470,2303,2380,2561,2329,2231,2152,2100,2050,2038,2131
4519,中外製薬,6630,6811,6950,6950,7098,6958,7055,,7312,7355,7280,7243,7200,7250,7345,7353,7345,7733,7652,7651,7780,7370,7400,7585,7453,7474,7564,7530,7542,7488,7514,7674,7532,7562,7388,7447,7270,7341,7500,7649,7400,7500,7601,7699,7880,7646,8013,7804,8049,7873,7979,7892,7946,7850,7753,7850,7821,8245,7765,8529,8000,7580,7961,8994,8760,8747,8744,8599,8435,8624,8512,8639,8564,8750
2160,ジーエヌアイグループ,2500,2472,2439,2263,2477,2575,2610,2601,2496,2529,2462,2500,2590,2607,2600,2590,2611,2801,2870,2875,2933,2828,2825,2752,2602,2536,2558,2534,2472,2501,2630,2565,2500,2544,2529,2735,2650,2784,2920,2800,2600,2547,2564,2665,2675,2700,2843,2851,2800,2800,2724,2970,3035,3100,3245,2973,2998,2985,3100,2970,3050,3125,3130,3115,3270,3375,3415,3355,3350,3395,3220,3235,3100,3165
6227,ＡＩメカテック,6450,6310,6390,5550,6020,6410,7100,,6830,7260,7060,6880,8080,7390,7000,6790,5880,5760,6290,7040,6830,6930,7080,6900,6590,7090,7530,7370,7770,7150,7600,8280,7930,8390,8600,7100,6650,7440,6590,6410,5970,6190,5780,5660,5380,6230,6110,6060,6900,6710,7220,6910,6790,6590,6670,6520,6900,6690,6510,6280,6060,6450,6680,6480,7060,7150,7450,8120,8000,8420,8000,7150,6020,6100
6327,北川精機,2900,2800,3295,2750,2991,3450,3830,,4105,4280,3980,4080,5500,5190,5930,5490,5500,5460,6710,8070,7200,7840,8920,6900,6250,6580,6080,5550,5700,5890,6900,5310,4720,3975,3230,3330,2939,3375,3350,3655,4070,4915,4660,4995,3850,3555,2964,2455,2355,2340,2602,2655,2673,2610,2790,3460,3260,3250,2947,2771,2588,2198,2118,2075,2160,2150,2000,2046,2070,2045,2120,2000,1928,1850
6232,ＡＣＳＬ,2900,2800,3295,2750,2991,3450,3830,1787,4105,4280,3980,4080,5500,5190,5930,5490,5500,5460,6710,8070,7200,7840,8920,6900,6250,6580,6080,5550,5700,5890,6900,5310,4720,3975,3230,3330,2939,3375,3350,3655,4070,4915,4660,4995,3850,3555,2964,2455,2355,2340,2602,2655,2673,2610,2790,3460,3260,3250,2947,2771,2588,2198,2118,2075,2160,2150,2000,2046,2070,2045,2120,2000,1928,1850
7794,イーディーピー,871,855,835,844,880,920,934,,939,940,925,930,1030,1047,1068,1077,1103,1100,1174,1244,1222,1221,1240,1165,1100,1049,1080,1099,1208,1119,1121,1091,1074,1095,1121,1100,1081,1110,1080,1005,1070,1102,1160,1225,1326,1125,1148,1081,1103,1122,1124,1160,1120,1213,1310,1398,1421,1305,1320,1333,1315,1342,1414,1450,1484,1540,1620,1580,1238,1189,1198,1218,1169,1216
6085,アーキテクツＳＪ,69,86,95,85,97,109,120,,128,174,171,167,212,209,230,218,231,266,251,235,238,251,268,280,309,303,303,311,361,330,331,330,321,310,360,400,405,394,314,266,250,274,369,335,423,514,520,460,440,463,579,520,527,498,540,580,600,645,540,645,680,564,589,465,451,396,399,364,349.5,297.89999999999998,299.89999999999998,315,271,259
3103,ユニチカ,862,815,830,760,826,849,846,845,896,914,851,930,910,877,932,943,933,960,1000,1037,988,980,1036,1029,1058,1056,1070,1112,1220,1152,1145,1282,1125,1115,1165,1154,1182,1241,1150,1189,1256,1220,1310,1391,1420,1578,1850,1268,1330,1418,1370,1325,1415,2304,2200,2326,2570,2410,2500,2534,2234,2564,2629,2901,2968,2725,4025,3155,2731,2111,2115,1963,1424,1187
4422,ＶＡＬＵＥＮＥＸ,521,513,492,480,514,529,540,528,530,542,517,551,553,543,577,564,569,563,592,585,557,554,574,569,568,570,574,582,611,592,629,630,665,627,634,703,762,770,690,665,665,679,695,728,734,778,830,771,780,806,840,861,871,952,1040,990,1023,1016,1044,1026,1156,1199,1258,1512,1157,1268,1400,1517,1217,962,1020,1170,1050,826
6740,ジャパンディスプレイ,47,47,47,44,46,48,47,,47,50,46,48,51,52,53,51,53,53,56,54,52,54,56,59,60,56,75,51,53,56,50,51,45,47,52,54,53,58,54,53,52,52,55,56,51,58,68,62,61,67,69,68,80,72,73,79,81,85,90,100,112,93,100,95,101,107,123,114,107,96,94,83,84,88
6613,ＱＤレーザ,1501,1477,1601,1270,1361,1479,1640,1713,1672,1756,1726,1620,2402,2395,2505,2588,2625,2501,2664,2675,2548,2602,2849,2815,2835,3085,2952,2861,3215,2920,2547,2450,2520,2798,2761,2490,2252,2528,2370,2400,2500,2820,2923,2769,2420,3160,3500,2580,2830,2426,2100,1896,1779,1613,1613,1749,1966,1500,1520,1465,1449,1505,1444,1521,1531,1570,1675,1290,1355,1329,1485,1299,1082,1045
4568,第一三共,2550,2574,2754,2886,2876.5,2870,2778.5,2757,2778,2780,2810,2755,2668.5,2716,2707.5,2750,2700.5,2760,2747.5,2699.5,2691,2596.5,2565,2616.5,2594.5,2576,2549,2550,2515,2525,2610,2653,2550,2546,2541,2507.5,2474.5,2490,2529.5,2390,2421,2518.5,2580.5,2720,2682,2777.5,2688,2660.5,2634,2614.5,2628,2586,2549,2656,2735.5,2728,2600,2650,2537,2597,2689,2606,2499.5,2600,2809,2883,2965,2967,2900,2897.5,2739.5,2755,2750,2776
6522,アスタリスク,1500,1553,1500,1608,1429,1552,1627,1518,1426,1316,1334,1409,1770,2020,2081,1903,2200,2240,2096,1941,2100,1600,1412,1020,990,1017,1150,1046,1213,954,851,727,720,720,719,736,745,771,742,778,782,799,900,792,840,910,990,920,952,996,996,1000,1038,1028,1037,1157,1233,1205,1194,1140,1150,1192,1221,1265,1340,1516,1026,1068,1097,964,1050,1019,995,987
6777,ＳＡＮＴＥＣＨＯＬＤＩＮＧＳ,18350,16880,18090,15530,16500,17910,18850,,19890,20420,18730,19620,21220,20500,20720,21630,20330,19870,22810,23850,22200,25170,27700,26860,26500,27930,28930,28360,30850,29410,28900,27490,26230,26050,25220,23800,22640,25350,22670,25470,25800,28450,25560,24780,24910,26650,29980,27020,27990,27290,31600,32350,30800,33500,29810,29230,28800,27600,29550,27940,28360,28620,29000,30250,29950,29550,30300,26790,24470,24850,25260,25010,21700,20870
6787,メイコー,22000,20460,22690,18460,21010,21570,23000,23530,24850,24500,23000,23810,26200,25730,26650,26720,26470,25140,27130,29040,27420,28170,31450,32000,30950,31550,34000,32450,37000,39750,38400,35300,33850,30600,32400,31300,30000,32200,32800,36150,36400,39850,39500,38300,37900,40450,44150,40750,37250,35600,40000,36900,40000,38650,29490,32200,33650,30700,31500,30500,31300,30900,30400,28780,29390,28070,27340,28150,29440,28370,29870,27650,26130,27510
4888,ステラファーマ,311,304,299,298,318,319,308,305,306,308,303,312,321,322,326,303,305,305,314,314,304,307,311,324,305,310,321,324,335,350,390,348,333,335,333,321,299,320,288,341,350,332,332,381,388,415,445,444,419,426,441,431,419,439,470,495,531,522,538,524,516,535,553,558,571,616,716,713,740,670,697,720,690,708
6387,サムコ,8630,8150,8470,7410,8430,9090,9870,,10610,10680,9970,10560,12380,12620,12930,12410,11770,11300,12450,13400,12800,13460,14460,14170,13550,13900,15240,14290,15740,14610,15640,16000,15420,15600,14790,12390,11160,12060,11690,12280,12200,12650,11050,10590,10190,11500,12240,11060,11200,10810,12120,12630,13450,13470,12340,13170,14000,13770,12670,11570,11150,11000,10930,11040,10490,9370,9600,9560,9880,9880,10360,10290,9110,9310
6838,多摩川ホールディングス,1370,1260,1300,1197,1279,1341,1385,1381,1402,1385,1374,1431,1451,1440,1518,1545,1579,1598,1725,1787,1726,1714,1780,1850,1941,2033,1972,1980,2037,2057,2165,2131,2230,2280,1850,1821,1716,1933,2239,2346,2307,2300,2287,2260,2175,2298,2125,1957,1960,2010,2183,2050,1934,1953,1970,2127,1970,1750,1702,1684,1602,1647,1697,1799,1866,1790,1710,1615,1408,1271,1310,1317,1265,1359
4307,野村総合研究所,4680,4743,4862,5550,5478,5238,4998,4893,4875,4905,5076,5140,4981,5135,4996,5070,4925,5200,5050,4871,5046,4898,4560,4607,4473,4270,4307,4370,4190,4311,4521,4593,4550,4500,4619,4595,4625,4622,4812,4799,4696,4947,5324,5000,4745,4570,4685,4640,4735,4838,4684,4432,4215,4270,4230,4215,4281,4347,4113,4142,4215,4479,4583,5000,5123,5098,5008,4997,4989,4994,4765,4632,4390,4445
6516,山洋電気,5570,5420,5670,5290,5390,5650,5710,,5740,5750,5540,5580,5870,5850,6090,6100,6000,6010,6420,6570,6430,6380,6640,6610,6930,6980,7160,7090,7030,6870,6860,6810,6450,6600,6580,6350,6080,6460,6340,6620,6600,6640,6400,6830,6710,7040,7150,7150,7100,6900,7300,7410,7570,7700,7410,7770,7590,7190,7050,6820,7020,7230,5690,5190,5270,5220,5240,5190,5200,5240,5400,5080,5040,4940
7381,ＣＣＩグループ,1127,1089,1079,1088,1139,1173,1171,1141,1163,1149,1083,1146,1089,1057,1038,1059,1077,1065,1070,1050,1032,1050,1029,1015,985,983,950,963,975,955,983,985,1004,997,1014,987,990,996,1004,1043,1010,1029,998,1050,1047,1051,1050,1089,1051,1028,1045,1043,1045,1027,1011,1013,1000,995,982,941,939,916,920,920,920,970,1001,1020,1030,1045,1031,1027,1020,1034
4417,グローバルセキュ,4130,4230,4450,4545,4520,4510,4300,4200,4185,4495,4430,4490,4275,4010,3980,3900,3895,3920,4500,4200,4520,3890,3905,3850,3500,3305,3260,3145,3290,3285,3280,3240,3070,3110,3070,3100,3090,3200,3030,3160,3050,3300,3375,3310,3245,3300,3350,3115,3000,2940,2839,2808,2721,2945,2942,2925,2910,2779,2732,2780,2480,2511,2529,2450,2501,2449,2470,2502,2490,2456,2285,2321,2395,2519
6981,村田製作所,7285,7566,7416,6230,7154,7292,8221,8577,8617,8550,7578,7812,9184,9001,9726,9677,9327,8912,10185,11085,10335,10925,11670,10640,10835,11300,11475,10990,11950,12570,12345,12100,10230,10560,9456,9567,8218,9392,8795,9500,10120,10300,10410,9128,7700,8227,7338,6715,6352,5990,6234,6051,6429,6146,5947,6078,5993,5590,5400,5000,4848,4933,5001,4950,4841,4827,4740,4662,4722,4570,4485,4208,4077,3988
6754,アンリツ,3476,3531,3693,3411,3643,3712,3896,,4004,3936,3708,3798,4103,4028,4231,4161,4081,3935,4225,4527,4280,4600,4746,4393,4343,4500,4526,4410,4700,4273,4300,4079,4001,3947,4022,3975,3694,4120,4199,4515,4698,4654,4700,4535,4544,4680,4650,4595,4428,4284,4195,4236,4322,4164,3985,4151,4300,4062,3946,3899,3936,3875,3694,3592,3588,3616,3590,3392,3444,3419,3478,3434,3400,3280
4088,エア・ウォーター,2660,2567,2561,2577,2579,2665,2597,2562,2558,2553,2500,2525,2577,2546,2554,2623,2630,2695,2764,2824,2748,2761,2799,2790,2750,2851,2740,2631,2600,2451,2520,2500,2500,2552,2441,2435,2460,2444,2423,2440,2518,2470,2488,2576,2599,2578,2616,2580,2500,2500,2451,2290,2167,2115,2052,2005,1964.5,1915,1890,2039,2239,2254,2232.5,2223.5,2200,2255.5,2275,2287.5,2302,2293.5,2283,2250,2227,2245.5
4091,日本酸素ＨＬＤＧＳ,5717,5781,5927,5800,5850,5994,5906,5840,5983,5987,6057,6115,6100,6037,6074,6234,6090,6169,6300,6285,6286,6100,6004,5999,5961,5861,5648,5610,5523,5490,5552,5584,5561,5574,5487,5320,5175,5331,5527,5570,5662,5700,5772,6350,6298,6419,6227,6144,5917,5828,6021,6061,6114,6000,5739,6162,5736,5722,5468,5550,5652,5651,5661,5602,5634,5710,5872,5815,6040,5861,5857,5971,5821,5930
6857,アドバンテスト,31820,31800,32540,28480,26000,26480,29400,30100,30630,30880,28005,28140,30180,28320,29500,30160,28900,28010,29200,29845,28110,30400,33930,32700,32920,34500,33100,31100,32430,31460,31210,29855,29640,29600,28800,27205,24450,25490,25100,27560,27380,27320,25810,26380,26760,27200,27245,26975,26625,25790,26150,26485,29015,28510,28080,29280,30410,29800,30100,28990,28880,30120,30500,28315,28500,27255,27430,27885,28900,28085,28000,25900,24650,25300
3891,ニッポン高度紙工業,7000,6800,6630,5480,6150,6460,7110,7230,7470,7550,7050,7120,7670,7340,7970,8120,8230,7820,8690,9430,8700,9700,10190,10290,9990,10130,10010,9620,10370,10750,10880,10000,8830,8770,8760,9320,8190,9750,8260,8220,8330,8060,8180,7390,6870,7590,7750,7020,6930,6450,6500,6200,6310,6500,6300,6480,6680,6520,6270,6460,6340,6250,6000,4420,4515,4585,4455,4280,4490,4530,4505,4250,4045,4125
4373,シンプレクスＨＤ,1106,1134,1132,1200,1156,1149,1126,1033,1025,1048,1092,1058,1034,1061,1049,1052,1042,1067,1036,1015,1003,970,937,951,926,909,923,921,933,930,927,935,966,940,983,991,1036,1060,1074,1084,1106,1116,1158,1045,1040,999,1043,1035,1005,1024,1008,950,945,956,968,960,936,925,891,917,881,888,921,905,948,945,959,945,899,933,862,849,803,823
8892,エスコン,1068,1072,1085,1105,1065,1126,1100,,1120,1120,1106,1114,1125,1125,1139,1120,1104,1101,1109,1099,1095,1080,1080,1084,1071,1061,1067,1056,1058,1062,1071,1076,1105,1105,1115,1091,1109,1095,1085,1069,1071,1067,1067,1103,1103,1109,1111,1138,1133,1145,1130,1118,1152,1160,1171,1174,1162,1171,1152,1171,1175,1200,1170,1137,1124,1136,1146,1143,1138,1142,1140,1136,1126,1128
9687,ＫＳＫ,4420,4460,4480,4470,4620,4625,4680,,4450,4435,4420,4400,4400,4400,4395,4375,4380,4365,4315,4355,4355,4370,4370,4300,4380,4350,4425,4360,4350,4335,4245,4350,4325,4335,4300,4300,4260,4300,4310,4335,4335,4325,4325,4325,4350,4355,4375,4380,4360,4365,4330,4345,4335,4350,4350,4365,4400,4390,4400,4440,4395,4385,4385,4345,4375,4370,4355,4385,4445,4320,4320,4340,4350,4435
1930,北陸電気工事,1461,1477,1485,1450,1500,1651,1640,1593,1605,1594,1579,1598,1614,1590,1624,1664,1629,1621,1672,1660,1660,1690,1663,1698,1715,1709,1700,1681,1735,1702,1752,1700,1664,1715,1655,1612,1586,1588,1589,1567,1573,1582,1619,1711,1664,1739,1645,1595,1612,1636,1602,1647,1684,1750,1766,1721,1700,1642,1740,1690,1647,1472,1459,1447,1445,1472,1475,1477,1469,1453,1464,1444,1458,1496
8704,トレイダーズＨＬＤＧＳ,1305,1285,1245,1198,1250,1280,1287,1281,1244,1241,1251,1276,1279,1238,1254,1226,1222,1250,1270,1271,1224,1213,1183,1145,1153,1178,1180,1192,1228,1164,1165,1170,1146,1166,1158,1123,1084,1140,1110,1113,1162,1195,1200,1153,1142,1161,1135,1134,1125,1126,1152,1170,1172,1210,1198,1231,1215,1180,1148,1151,1078,1029,1029,1036,1042,1061,1059,1050,1062,1055,1049,1040,1047,1058
4733,オービックビジネスＣ,7934,8029,7889,8551,8051,8020,7760,7315,6760,6600,6697,6570,6541,6666,6577,6534,6418,6599,6542,6455,6558,6258,6015,6126,6000,5723,5762,5737,5620,5674,5842,5890,5844,5830,5890,5880,5914,5935,6068,6070,6063,6224,6500,6088,6113,5970,6091,6050,6100,6227,6210,6113,6052,6142,6131,6070,6287,6222,6075,6107,6159,6156,6296,6170,6630,6781,6745,6741,6683,6913,6603,6664,6087,6261
9733,ナガセ,2320,2338,2336,2347,2307,2300,2272,2220,2363,2353,2332,2343,2349,2362,2372,2374,2376,2386,2398,2354,2330,2320,2300,2330,2278,2221,2220,2220,2220,2212,2200,2201,2234,2235,2250,2230,2246,2251,2190,2187,2201,2201,2232,2266,2241,2255,2301,2313,2315,2320,2275,2280,2270,2272,2260,2285,2280,2279,2340,2300,2335,2300,2301,2345,2370,2352,2401,2460,2479,2448,2481,2510,2528,2535
9551,メタウォーター,3140,3080,3150,2940,3100,3175,3200,,3210,3230,3135,3150,3200,3190,3275,3295,3215,3250,3350,3340,3320,3350,3350,3410,3575,3570,3600,3465,3565,3475,3490,3435,3365,3375,3205,3145,3110,3205,3200,3290,3280,3275,3320,3525,3245,3320,3305,3295,3300,3265,3380,3490,3465,3440,3395,3385,3440,3430,3435,3410,3360,3325,3410,3665,3625,3690,3685,3735,3720,3665,3720,3700,3660,3750
2359,コア,2038,2011,2074,2049,2020,2012,2007,,2005,1985,1983,1996,2019,2000,2000,1972,1950,1960,1964,1951,1960,1940,1952,1988,2015,2002,2024,2019,2016,2038,2028,2020,2010,2007,2019,2006,2027,2017,2033,2061,2021,2043,2034,2072,2037,2095,2149,2125,2118,2086,2050,2050,2064,2051,2023,2010,2027,1993,2035,2050,2055,2230,2147,2167,2200,2248,2249,2251,2248,2243,2250,2240,2241,2274
8103,明和産業,891,896,920,923,920,920,910,908,908,911,895,904,908,900,918,917,907,911,920,909,890,883,878,883,868,871,868,869,880,869,868,875,876,880,872,862,867,880,864,885,884,880,880,892,885,899,903,894,898,908,912,900,907,900,881,888,895,901,860,837,771,767,770,767,770,773,782,783,780,773,782,790,796,803
4709,ＩＤホールディングス,1029,1001,1159,1154,1136,1134,1114,1095,1104,1107,1125,1115,1114,1111,1100,1099,1093,1085,1078,1072,1072,1057,1072,1070,1064,1050,1044,1055,1047,1054,1071,1090,1112,1080,1062,1045,1097,1042,995,998,992,1024,1028,1032,1008,1015,1049,1043,1046,1047,1017,1036,1018,1065,1075,1074,1058,1035,1040,1024,896,899,890,896,905,918,922,946,932,941,918,930,922,938
7981,タカラスタンダ－ド,3045,2970,3025,3290,3310,3250,3190,3095,3085,3115,3050,3090,3105,3060,3060,3095,3065,3110,3145,3110,3100,3055,3110,3095,3115,3135,3140,3070,3060,3005,3060,3025,3010,3015,3010,2999,2951,2962,2917,2944,2924,2923,2932,2935,2975,2946,2973,2900,2945,2945,2925,2990,3005,2988,3025,3095,3050,3200,3045,2992,2811,2750,2675,2668,2660,2675,2714,2749,2771,2755,2698,2763,2906,2980
8303,ＳＢＩ新生銀行,1462.5,1501,1421,1418,1447.5,1459,1433,1425,1441.5,1451,1419.5,1451,1465,1455,1457,1455,1460,1489,1490,1456.5,1431,1392,1380,1416,1402,1392.5,1435,1410,1423,1440,1492.5,1453,1470,1493,1476,1420,1460,1491,1366,1448,1401.5,1364,1351,1369,1392,1412.5,1480,1501,1571,1595.5,1640,1647,1618,1651,1650,1640,1669,1679,1718.5,1828.5,1826,1760,1683,1690,1620,1658.5,1677,1690,1717,1703,1685,1697,1698,1731
4382,ＨＥＲＯＺ,701,701,705,696,697,703,699,,706,704,705,726,714,695,702,695,720,719,724,724,713,718,720,742,720,720,715,712,730,730,770,795,792,788,849,782,751,810,698,696,698,701,703,720,747,751,771,766,765,774,762,762,775,781,786,787,804,805,821,812,810,812,831,843,851,860,860,881,900,879,872,869,850,868
2327,日鉄ソリューションズ,3726,3845,3890,3994,3980,3930,3845,3695,3707,3786,3897,3834,3829,3800,3788,3739,3738,3785,3697,3590,3603,3439,3390,3392,3306,3214,3261,3182,3228,3206,3243,3116,3133,3220,3250,3234,3243,3285,3351,3480,3362,3512,3570,3499,3568,3607,3598,3516,3542,3600,3548,3510,3500,3515,3639,3630,3638,3643,3586,3536,3641,3524,3680,3638,3833,3881,3879,3897,3903,3933,3820,3790,3754,3771
1942,関電工,5333,5268,5688,5525,5950,5990,6074,5971,5980,5995,5900,6000,6244,6135,6360,6282,6400,6672,6773,6833,6675,6676,6795,6850,6740,6640,6832,6735,6797,6720,6660,6499,6400,6320,6163,5944,5862,6033,5814,5823,5820,6000,6007,6579,6492,6682,6060,6105,6250,6322,6500,6800,6968,7250,7280,7270,7050,6912,6834,6900,6697,6412,6004,6096,6002,6122,6167,6190,6154,6091,6375,6280,6265,6399
1938,日本リーテック,2392,2404,2454,2372,2466,2499,2514,2517,2514,2537,2456,2550,2577,2551,2579,2571,2590,2652,2726,2697,2655,2660,2679,2730,2736,2724,2707,2719,2800,2790,2800,2775,2804,2760,2740,2714,2698,2728,2722,2777,2705,2748,2688,2799,2761,2850,2687,2664,2735,2759,2849,2879,2988,3005,3150,2994,2924,2887,2879,2733,2689,2585,2532,2575,2506,2570,2571,2545,2585,2591,2658,2701,2604,2680
6436,アマノ,3920,3891,3894,3922,3836,4040,3887,,3802,3831,3805,3803,3773,3737,3763,3746,3734,3751,3746,3704,3729,3675,3659,3668,3666,3608,3610,3581,3600,3577,3570,3575,3595,3577,3597,3601,3646,3582,3453,3534,3502,3540,3534,3568,3572,3550,3659,3629,3667,3690,3651,3671,3683,3668,3678,3699,3691,3614,3592,3582,3706,3707,3800,3830,3830,3821,3870,3957,3883,3872,3876,3897,3880,3945
5410,合同製鐵,2852,2863,2878,2899,2871,2822,2799,2748,2749,2723,2671,2688,2697,2696,2696,2672,2668,2705,2709,2678,2629,2567,2577,2625,2608,2576,2571,2575,2583,2590,2615,2604,2610,2611,2612,2565,2555,2531,2566,2545,2554,2600,2594,2715,2697,2637,2682,2714,2710,2762,2771,2838,2867,2821,2867,2868,2880,2855,2893,2855,2917,3010,3385,3455,3495,3535,3565,3560,3570,3560,3590,3575,3580,3640
5440,共英製鋼,1886,1868,1998,1952,1944,1940,1918,,1893,1880,1861,1837,1849,1812,1810,1816,1800,1808,1815,1788,1769,1732,1751,1753,1760,1703,1725,1713,1750,1746,1745,1751,1744,1752,1779,1740,1717,1722,1739,1740,1744,1748,1739,1835,1830,1820,1853,1855,1821,1830,1840,1856,1877,1824,1818,1827,1801,1820,1830,1907,2154,2182,2236,2239,2262,2272,2333,2290,2304,2341,2357,2350,2355,2400
9505,北陸電力,936,947.6,982.7,1006,985.2,966.3,950.2,940,940,935,921,906.3,913.2,891,908.9,907,913,914.9,920,899,883.1,881,863.5,878,879,875.2,861,852.5,850,844.5,842.2,850,849,872.9,876,861.8,865,845,806.7,812,809.3,815,796,829.1,844,855,861.8,882.5,877.5,883,871.6,897,913.2,910,918.3,904.8,872.4,895.4,860.1,871.5,905.6,985,986.1,999.1,995,1003,1028.5,1058.5,1080,1081.5,1088,1090,1104,1128.5
8091,ニチモウ,2356,2368,2372,2383,2341,2355,2332,2325,2340,2345,2321,2308,2284,2272,2310,2274,2264,2338,2349,2307,2297,2284,2283,2300,2265,2275,2299,2266,2261,2290,2261,2235,2219,2202,2186,2176,2211,2180,2185,2188,2141,2131,2134,2173,2133,2140,2146,2169,2168,2190,2161,2204,2280,2278,2248,2273,2256,2256,2227,2253,2270,2280,2390,2445,2458,2490,2507,2522,2519,2525,2525,2540,2533,2577
6507,シンフォニアテクノロジー,13530,13030,13040,11780,12390,13420,14300,14210,14230,14160,13540,14000,14450,14200,14930,15400,14740,14800,16580,15950,14920,15850,16330,15650,15230,15520,16500,15390,16850,16850,16480,16030,14720,13760,13990,13600,12730,13770,14000,15190,14090,14400,13960,14100,14150,15180,14280,14000,13480,13200,15370,15320,16470,15240,14530,15190,15150,14660,15210,14260,13660,13680,13340,13330,13570,13440,13560,13490,13890,13780,13550,13680,13400,13050
9022,東海旅客鉄道,3915,3801,4034,4233,4100,4035,3938,3800,3795,3785,3820,3746,3749,3684,3648,3671,3594,3700,3560,3523,3515,3405,3428,3463,3442,3360,3383,3347,3274,3222,3250,3293,3364,3303,3383,3392,3473,3493,3345,3352,3303,3323,3398,3465,3524,3540,3553,3567,3591,3608,3555,3615,3616,3595,3615,3588,3571,3700,3555,3705,3723,4109,4055,4109,4092,4176,4276,4188,4280,4287,4333,4240,4168,4266
9536,西部ガスＨＬＤＧＳ,2427,2434,2385,2369,2354,2371,2385,2353,2365,2345,2339,2329,2328,2303,2346,2327,2345,2340,2306,2275,2248,2229,2248,2270,2254,2224,2239,2224,2213,2230,2234,2250,2242,2262,2250,2236,2244,2227,2180,2190,2187,2174,2181,2192,2210,2216,2222,2225,2216,2228,2219,2250,2264,2227,2225,2266,2223,2253,2218,2246,2358,2430,2470,2457,2460,2510,2535,2580,2615,2600,2590,2582,2553,2584
9506,東北電力,1199,1175.5,1180.5,1168,1162.5,1164.5,1158,1142.5,1143,1138,1135,1134.5,1111.5,1094,1095,1092.5,1095.5,1087,1095,1080.5,1061,1067,1052,1052.5,1047.5,1055,1040,1030,1041,1048.5,1053.5,1047,1043.5,1058.5,1033,1030,1027.5,1020,992,997.9,1000.5,992.2,983.7,994.3,998.6,1010,1015,1033.5,1014,1021,1013,1040,1053,1061.5,1065.5,1065.5,1052.5,1094,1061,1079,1139,1131,1123,1132.5,1125,1146,1162,1190,1182,1173,1176,1164,1159.5,1185
2127,日本Ｍ＆Ａセンターホールデ,647,637.70000000000005,626.79999999999995,704,688.9,687,671.2,657,661.8,669.2,679,678,681.3,677,681.6,674.2,681.4,694,682.3,660,655.5,646,633.29999999999995,637.5,627,621.1,632.20000000000005,629.4,630.1,634.1,656,654.20000000000005,645,636.29999999999995,636,652,639.9,642.9,631.70000000000005,638.1,626,639.9,658,655,656.6,665.8,666,657.2,652,650.20000000000005,641,640.4,637,644.5,634.5,652,653,649.9,619.9,620,682.3,695,674.9,676.1,688,691.6,695,690.1,689.1,683,672,667.2,655.1,661.8
6753,シャープ,622.6,613,622.9,638.9,619.4,611.6,596.79999999999995,601,621,624.1,637.29999999999995,640,653.1,641,645.4,647.1,641,655,645,647,652,643.79999999999995,655,643.20000000000005,610.79999999999995,600.70000000000005,659,583.9,577.4,570.1,594,590,594,610,611.20000000000005,630.5,626.20000000000005,649.79999999999995,650,675,663.2,651.6,624,622,613,626.6,640.9,616.29999999999995,604.4,635.4,615.79999999999995,609.9,574.9,581.1,550,555,554.29999999999995,563.79999999999995,590.70000000000005,558.20000000000005,566.1,555,551,582,604.6,605.1,617,617,604,600,596,595.70000000000005,594.4,608.79999999999995
9064,ヤマトホールディングス,1991,2055,2080,2181.5,2135,2072,2049.5,2021,2024,1991,2025,1990,1979.5,1965,1959.5,1979.5,1958.5,1982,1980,1945.5,1943,1854,1826.5,1855,1825,1823,1775.5,1763.5,1764.5,1770.5,1750,1744,1770,1773.5,1784,1834.5,1795.5,1792.5,1785,1820,1823.5,1814,1794.5,1818.5,1779.5,1787,1768.5,1775,1770,1763,1760.5,1739.5,1740,1747,1745,1734.5,1775,1830,1748.5,1724.5,1780.5,1791,1750,1764,1790,1815,1843.5,1855,1860,1856.5,1866,1850.5,1834,1873
7181,かんぽ生命保険,1713,1739.5,1766,1750,1742,1778,1780.5,1728.5,1728,1676,1631,1645,1671,1634,1620,1633.5,1641,1625,1670,1611.5,1610,1553,1521.5,1511,1502.5,1484,1498.5,1558.5,1530,1500,1529,1539,1580,1548.5,1535.5,1540,1570,1556.5,1423.5,1434.5,1391,1437,1382.5,1400,1462,1470.5,1505.5,1551,1530,1535,1474.5,1530,1616,1611,1568,1564,1553.5,1567,1577.5,1518.5,1524.5,1511,1481,1506,1476,1542,1577.5,1614,1644,1667,1649.5,1613,1583,1595.5
6485,前澤給装工業,1560,1571,1584,1595,1580,1592,1554,1535,1544,1532,1533,1550,1541,1549,1575,1552,1551,1540,1524,1520,1538,1524,1496,1503,1502,1489,1477,1463,1470,1483,1474,1454,1458,1440,1430,1419,1435,1435,1433,1420,1393,1381,1380,1425,1420,1415,1419,1420,1430,1449,1456,1475,1491,1490,1510,1510,1515,1512,1510,1505,1515,1484,1519,1504,1522,1550,1565,1562,1564,1586,1591,1600,1606,1626
4887,サワイグループＨＤ,1606.5,1637,1676,1710,1686,1679,1664,1655,1672,1685,1683,1675,1675,1675,1685,1680,1701.5,1745,1750,1718,1725,1697,1685,1670,1644.5,1625,1668,1646.5,1621,1630,1633.5,1669.5,1662.5,1664,1683,1692,1710,1718,1691,1733,1725,1685,1718,1731,1776,1759,1771,1750,1824,1815,1741,1782.5,2070,2090,2071,2099.5,2101.5,2131,2088,2104.5,2105.5,2073,2100,2093.5,2094.5,2162,2175,2225,2239.5,2240,2177,2226.5,2251.5,2252
5243,ＮＯＴＥ,1997,2149,2030,2050,2041,2139,2029,2013,1900,2042,2020,2123,2052,2091,2254,1990,2189,2319,2260,2130,2058,1931,1905,1860,1764,1730,1760,1781,1823,1758,1889,1824,1749,1692,1678,1712,1636,1725,1795,1815,1866,1900,1975,2090,2092,2200,2250,2197,2150,2208,2300,2220,2299,2407,2273,2135,2160,2288,2359,2405,2457,2330,2385,2476,2556,2536,2615,2570,2706,2631,3400,2900,2681,2695
2702,日本マクドナルドＨＬＤＧ,8220,8150,8060,8090,7940,7750,7610,,7500,7500,7680,7530,7700,7780,7680,7850,7730,7730,7640,7680,7690,7450,7430,7670,7470,7420,7240,7140,7130,7250,7290,7410,7380,7480,7500,7410,7330,7350,7360,7460,7500,7520,7640,7830,7820,8050,8180,8040,8180,8000,7810,8190,8300,8580,8420,7750,7810,7970,8120,8120,8190,8240,8080,8140,8180,8250,8280,8200,8200,8280,8050,8040,8220,8470
6890,フェローテック,8300,7900,8510,7330,7670,8130,9080,9090,8940,7750,7100,7350,8160,8280,9000,8740,8600,8140,8840,9240,8650,9250,9800,9330,9240,9790,10400,10500,11610,10590,10580,9580,9020,9210,9390,8780,7580,8120,8500,8900,7950,8210,8000,8570,8470,9200,9200,9000,9200,8780,9300,9610,9780,9650,9170,9760,9810,9090,8370,7650,7740,7220,7510,7200,7100,6720,6800,6800,6780,6780,6930,7130,7000,7000
4966,上村工業,22500,22380,21950,19770,21630,22220,23430,24480,23890,23530,23420,23800,24520,23260,24400,25250,24750,23150,25300,27130,25000,26610,27870,26850,26670,27500,27690,26930,28200,27540,27140,26520,26000,26190,24840,24050,22230,22450,21240,23020,23500,23250,23080,23560,23570,24110,24450,23440,23250,22310,24240,23990,26180,25010,24370,24580,24000,23300,23440,23440,23500,23150,23500,23160,23700,23020,23050,23000,24130,24390,24500,24200,22890,22670
6146,ディスコ,60580,58000,59870,50590,54030,57000,61640,62800,70250,68840,64790,65680,72150,70030,71710,72890,70140,68900,75600,78000,74000,78800,85340,81820,79590,82970,83940,82120,90970,86030,87540,83500,80050,84610,82650,73750,68560,70020,66580,73160,68160,65910,63070,65690,66630,68740,67240,66700,63600,61200,63500,65400,71500,73500,71370,73650,74770,75840,76060,73860,74540,75100,73000,73030,76330,74500,72000,73400,72550,71750,72950,70540,66200,65760
8035,東京エレクトロン,55880,53900,59240,49000,53920,56530,63660,64950,66470,69570,64350,67000,71900,69800,71900,72900,69900,67470,71710,74090,69940,74300,78650,76980,73500,72560,72400,71760,77500,73990,77580,73870,69970,71510,74800,68400,61000,61110,55650,62000,59900,56710,53060,52780,52000,52870,50530,49050,47650,46700,49960,50600,52150,51590,51510,53000,53500,51720,51180,47000,45000,46880,46460,45450,46150,45170,44740,43870,45120,44200,43870,43160,43370,42840
6920,レーザーテック,41520,37210,38520,34350,37450,40000,43870,44810,45000,44770,41900,43000,47060,44560,44130,44080,43030,42650,45990,47740,46000,47690,52180,50600,50400,51590,52610,52540,57270,54800,57500,53700,45870,47600,46000,42000,38550,39970,39380,42050,41500,40420,38360,40810,40830,42990,40300,38590,37050,36200,38090,38800,41190,42910,42790,45220,45300,44220,46190,43540,43370,45100,45600,44530,45490,44700,42450,40640,41510,41510,43500,42000,41100,39100
5801,古河電工,3250,2935,3168,2762,3009,3100,3350,3450,3621,3699,3332,3301,3679,3500,3697,3730,3611,3534,3860,3880,3880,4225,4870,4750,4532,4905,5000,4900,5800,5450,5336,4812,4490,4500,4480,4325,3835,4440,4485,4960,5299,5500,5114,5240,5411,6103,5648,5102,5201,4870,5320,5548,5950,5762,5118,4570,4557,4483,4469,4252,4272,4150,4275,4301,4503,4436,4370,4426,4591,4354,4723,4722,4600,4501
6506,安川電機,4987,4798,4850,4559,4826,5140,5222,5263,5355,5294,5097,5273,5500,5860,6210,7074,6898,6700,7349,7520,6842,7007,7234,7001,6864,7201,7303,7142,7654,7335,7304,7150,6745,6770,6594,6321,5688,6195,6262,6742,7002,6930,7018,7286,6980,7593,7700,6851,6276,6238,6639,7009,7133,7261,6812,6854,6390,5997,5889,5527,5481,5470,5250,5247,5347,5401,5469,5367,5211,5230,5340,5270,5034,4828
2768,双日,5199,5181,5365,5340,5400,5409,5452,5449,5390,5318,5165,5194,5154,5102,5194,5118,5160,5236,5373,5262,5280,5220,5198,5225,5340,5299,5287,5200,5350,5256,5345,5325,5366,5380,5240,5052,5021,5131,5091,5180,5151,5130,5052,5422,5450,5601,5543,5540,5597,5680,5740,5900,5867,5910,5850,5754,5636,5809,6200,5920,5900,5885,5830,5912,5840,5998,6080,6135,6221,6190,6260,6400,6383,6497
6305,日立建機,5252,5449,5361,5624,5450,5652,5415,5356,5281,5324,5102,5250,5307,5238,5329,5267,5251,5368,5469,5407,5268,5164,5296,5333,5314,5282,5387,5301,5491,5308,5461,5423,5350,5574,5430,5317,5108,5250,5315,5431,5343,5165,4975,5151,5236,5199,5052,4986,4982,5003,5170,5247,5300,5359,5143,5674,5676,5538,5720,5450,5619,5532,5243,5567,5465,5485,5484,5460,5500,5627,5643,5719,5642,5740
8015,豊田通商,6666,6622,6690,6550,6495,6458,6525,6530,6482,6488,6165,6109,6102,6026,6129,6244,6129,6249,6374,6212,6426,6020,6001,6020,6012,6020,6172,6187,6271,6110,6053,6378,6426,6490,6438,6169,5910,6081,6439,6430,6486,6445,6409,6692,6798,7019,6965,6887,6842,6991,7040,7237,7374,7357,7130,7091,6732,6809,7049,6359,5979,6360,6053,6225,6160,6258,6292,6339,6352,6288,6446,6486,6544,6699
9101,日本郵船,5995,6021,6030,6140,6050,5976,6063,5788,5827,5746,5701,5610,5520,5386,5338,5405,5399,5325,5070,5232,5230,5115,5201,5245,5259,5233,5369,5314,5231,5134,5230,5290,5409,5484,5594,5669,5582,5713,5568,5606,5391,5316,5220,5302,5270,5231,5406,5441,5620,5605,5505,5505,5398,5350,5286,5400,5554,5700,5529,5570,5602,5611,5804,5835,5770,5884,5898,6051,6130,6043,6130,6079,6240,6219
7011,三菱重工業,3780,3747,3855,3710,3751,3811,3962,3976,3854,3809,3730,3750,3855,3797,3810,3810,3807,3939,4051,3848,3858,3783,3760,3716,3679,3629,3755,3725,3909,3867,4029,4053,3810,3700,3647,3545,3450,3669,3713,3713,3560,3556,3496,3768,3950,4025,3931,3998,3985,4083,4205,4084,4120,4405,4370,4350,4500,4488,4552,4562,4600,4680,4724,4749,4589,4400,4499,4511,4509,4558,4723,4815,4725,4782
1812,鹿島建設,5255,5333,5455,5333,5561,5565,5670,5592,5632,5600,5532,5594,5618,5637,5775,5850,5769,6010,6262,6191,6192,5862,5972,5892,5769,5730,5801,5730,6070,5925,5904,5910,5968,6128,5778,5575,5476,5550,5520,5440,5489,5500,5541,5771,5802,6013,5569,5589,5639,5748,5686,5818,6183,6536,6748,6257,6019,6177,6177,6193,6420,6054,5850,5980,5884,5973,6072,6032,6120,6094,6310,6230,6127,6310
6861,キーエンス,82110,80000,80050,78390,80800,72370,71830,71430,72000,72370,70830,71850,76700,76500,77240,77000,75100,76680,80470,81030,79000,79920,81540,80200,77160,76570,77560,75500,78130,77110,77450,76870,73710,75420,74980,72040,69670,73600,74010,78540,80840,79060,79020,79900,76600,75620,78070,78460,76170,75000,75710,76430,78340,79200,78980,83000,83460,81330,80280,72470,73920,73180,73180,64150,64330,63170,63320,63060,63050,62710,62900,63650,62440,61580
6324,ハーモニック・ドライブ・シス,6500,5960,6100,5350,5790,6240,6660,6770,6900,6750,6480,6900,7660,7220,7950,7700,7650,7820,8590,8800,7840,7800,7800,7520,7070,7690,8050,7750,8640,8220,7920,7950,7280,6970,6920,6580,5960,6710,6540,6790,7300,7400,7560,7880,7420,8300,7500,6700,6180,5950,6700,6980,6930,6970,6440,6540,6430,5610,5480,5120,4745,4880,4475,4285,4385,4355,4685,4500,4585,4540,4220,4250,4005,3990
6273,ＳＭＣ,71740,69420,69520,63930,66800,68800,71010,71600,71980,72140,69220,71930,74010,71600,75580,73520,71390,71270,75770,76500,72680,72960,72830,71460,71780,72070,71220,71230,74260,72110,74100,72850,70450,69410,68170,65920,59000,60490,62040,64660,65560,63890,65830,68880,66650,66650,66430,65620,66140,65120,67070,67000,72760,84730,82580,84340,84360,79580,78230,77580,76950,76980,72440,70890,71620,71000,71580,70850,71940,71820,72520,73150,70020,68330
4502,武田薬品,5320,5400,5549,5763,5800,5742,5656,5579,5552,5550,5480,5445,5287,5380,5340,5385,5400,5503,5480,5426,5420,5215,5126,5176,5100,5070,5100,5000,4960,4910,4911,4968,5018,5040,5078,5048,5018,5040,4896,4933,4800,4800,4837,5079,5128,5090,5141,5190,5300,5323,5325,5291,5256,5124,5193,5167,5207,5339,5206,5260,5214,5292,5235,5352,5318,5485,5520,5622,5602,5676,5612,5669,5736,5750
4004,レゾナック・ホールディング,14060,13675,14525,12165,12510,13155,14380,14995,15845,15340,14250,14310,15620,15100,16550,16270,15850,14875,16500,17520,16700,18075,18400,17865,17315,17465,18550,18025,19500,18375,19705,18695,17735,18500,18100,17120,14635,16350,15585,17295,18595,19400,18560,18980,18875,19870,18890,17370,16660,16290,16540,17200,18980,20005,17110,17510,16480,15190,15035,14290,13870,13700,13850,13930,14520,13860,12730,12600,13000,13000,13580,13660,13000,13500
9519,レノバ,909,920,943,935,991,1030,1012,981,995,1000,981,1021,974,951,943,939,934,963,966,997,988,981,985,984,950,884,922,890,893,836,830,875,875,881,902,895,896,927,1001,954,1003,1087,1173,1323,1288,1270,1370,1335,1292,1361,1310,1360,1320,1268,1215,1221,1160,1138,1111,1130,1111,1088,1042,991,964,971,1036,1041,1068,1060,1020,996,960,998
6752,パナソニックホールディンク,4300,4400,4284,3380,3573,3769,3836,3910,4076,4213,3959,3993,4239,4300,4658,4516,4387,4260,4560,4592,4400,4490,4642,4401,4487,4570,4469,4220,4380,4415,4445,4237,4184,4100,3930,3837,3613,3780,3450,3744,3642,3690,3567,3591,3499,3619,3540,3472,3230,3283,3350,3231,3400,3322,3165,3341,3231,3224,3423,3273,3091,3103,2950,2900,2914.5,2977,3000,2893.5,2953,2939,2936.5,2911,2812,2923
6622,ダイヘン,14240,13740,13500,11620,13070,13880,14680,14750,15070,14990,14300,14450,15300,14980,15570,15540,15200,15010,17010,17340,15960,17650,18550,18110,18190,18530,18950,18450,19500,17870,18900,17360,16170,16290,16000,15200,14050,15100,14600,15520,15320,15480,15610,16530,16420,17360,16910,16400,15610,15400,16620,17300,17600,18150,17500,19790,17880,16700,16830,15460,15190,14700,14080,13790,13940,14080,14050,13820,14320,14340,14740,14550,13880,13800
1407,ウエストホールディングス,2634,2502,2575,2626,2634,2751,2894,2700,2676,2733,2901,2683,2352,2258,2182,2294,2280,2256,2330,2413,2321,2356,2390,2428,2395,2293,2299,2375,2300,2212,2280,2334,2220,2234,2332,2305,2238,2335,2355,2386,2564,2524,2600,2863,3045,3165,2900,2918,3100,3040,3015,3030,3140,3040,2850,3180,3110,2862,2880,2927,2731,2683,2541,2383,2320,2288,2305,2205,2320,2096,1944,1815,1843,1890
285A,QPS研究所,50990,47500,46500,39000,44660,44650,56800,60880,67000,66500,53110,55900,72740,65300,75500,82080,77220,69400,78000,84800,68000,79130,91180,88450,92730,100000,106000,95290,110750,105600,100300,97500,93500,93910,85700,80500,67750,74950,69140,74010,77000,79660,74000,62500,59000,65890,58380,57500,53290,51000,52010,51450,48460,50070,44800,46900,49200,43350,43410,36500,37460,36400,35410,35250,36500,33000,30780,31180,33440,33000,35000,36170,29550,29000
141A,トライアルホールディングス,3285,3180,3055,3045,3070,3070,3000,,3010,3000,3000,3055,3045,3050,3040,3095,3000,3110,3105,3060,3090,2939,2992,3170,3040,3025,3030,2793,2747,2731,2757,2802,2791,2833,2837,2889,2876,2830,2750,2669,2702,2538,2620,2929,2846,2718,3000,3055,3110,3180,2948,3505,3710,4440,4305,4300,4120,4215,3900,3960,4000,3870,3970,4215,4400,4760,4695,4455,4475,4420,4320,4190,4375,4535
464A,QPSホールディングス,1560,1500,1468,1380,1487,1541,1478,1590,1605,1685,1612,1664,1845,1800,1840,1843,1801,1890,2020,2098,1984,2070,1938,1954,1906,1975,1950,2050,2232,2180,2227,2252,2380,2424,2746,2807,2483,2611,2772,2995,2748,3150,3145,4335,4135,4410,3935,3435,3380,3495,3370,3350,3320,3235,2907,3040,2950,2647,2650,2520,2500,2440,2595,2570,2686,2783,2690,2675,2677,2564,2645,2768,2782,2665
1570,ＮＦ日経レバ,65610,64430,66700,60280,62720,63680,67770,68790,71310,72540,67090,69190,74990,71840,75420,76580,73700,72600,78000,79090,75410,76800,82300,79850,78440,81770,81670,78500,85820,82380,83700,80760,76910,78320,76320,71830,63960,68160,66640,73450,75220,75310,73900,70670,68560,72450,66880,63980,61820,60220,61890,62680,65350,66780,63950,65150,66270,64560,63400,58940,57960,60380,59790,58500,59540,57860,57830,57570,58390,56940,57000,54760,52800,53070
6135,牧野フライス,14530,14060,14350,14000,14200,14610,14640,14930,14450,14590,14490,14360,14850,14790,15020,14930,14520,14820,15000,15390,15010,15270,15250,15150,15200,15540,15540,13920,14650,14680,14500,14350,14480,14100,14240,14050,14000,14920,13960,14140,14100,13800,14010,13210,13220,13050,13290,13210,13250,13670,13690,13900,14100,13610,13740,13770,13390,13770,13260,11950,11730,11750,11840,11760,10720,11620,11620,11620,11610,11610,11610,11590,11580,11620
6055,ジャパンマテリアル,2288,2178,2283,2004,2060,2200,2266,2276,2330,2400,2300,2341,2531,2573,2630,2649,2600,2490,2492,2511,2340,2573,2659,2655,2636,2618,2700,2552,2632,2453,2491,2388,2331,2465,2456,2283,2087,2165,2090,2180,2118,2118,2122,2090,2033,2161,2033,2060,2013,1932,2100,2230,2017,2187,2080,2101,2015,1928,1929,1796,1771,1850,1854,1788,1864,1844,1865,1886,1900,1918,1930,1847,1800,1799
6862,ミナトホールディングス,2139,1981,2050,1623,1717,1781,1871,1890,1905,1919,1805,1925,2026,1962,2031,2019,1971,1974,2078,2164,2056,2098,2159,2159,2220,2270,2396,2197,2370,2590,2315,2223,2100,2079,2000,2015,1924,2054,2105,2130,2182,2240,2165,2240,2298,2499,2617,2576,2505,2494,2731,2867,2942,2880,2930,3555,4165,3695,3715,2798,2622,2651,2532,2403,2530,2555,2559,2422,2473,2416,2601,2446,2189,2218
2267,ヤクルト,2809,2721,2803,2911.5,2835,2823.5,2746,2713.5,2784.5,2773.5,2884.5,2804.5,2848,2843.5,2850,2820,2909,2903.5,2884.5,2854,2811.5,2749,2706.5,2745,2757,2749,2727.5,2701.5,2699,2689.5,2685,2616.5,2647,2644.5,2679.5,2650,2715,2705,2641,2684.5,2687.5,2699,2657.5,2693,2734,2660.5,2806.5,2746,2768,2831.5,2749,2762,2753,2800.5,2670,2900,2916.5,2978,3056,2820,2722.5,2742,2749,2653,2596,2605,2625,2672,2650,2700,2628.5,2629,2640,2701
1618,ＮＦエネ資源Ｔ１７,33100,33000,33470,34040,32870,33460,33730,34680,33710,33400,32370,32000,32710,32130,32780,32700,33060,32340,32560,31760,31690,31060,31300,31350,30630,31090,32460,32120,32700,32800,32000,32330,32080,32450,33120,32980,32720,32660,33310,34200,34510,34250,33040,33600,33490,33670,34600,34730,35740,36280,36430,36910,35810,35900,36470,36030,34580,35140,36060,36090,36900,35220,35740,35940,35000,35790,36360,36790,37830,38270,38300,39000,39530,38930
4222,児玉化学,573,563,565,549,570,588,591,,612,617,592,617,645,647,661,647,643,657,684,688,655,649,638,655,677,664,681,702,723,721,705,729,687,697,664,674,685,691,681,700,702,694,701,750,750,785,815,802,828,850,878,909,954,1226,1249,1315,1186,1155,1125,1115,1117,1150,1141,1134,1165,1172,1200,1150,1166,1160,1151,1140,1083,1124
7013,ＩＨＩ,2798,2798,2818,2706,2783,2799.5,2889,,2800,2800,2716.5,2807,2817.5,2785.5,2784,2780,2845,2932,3065,2898,2824,2740,2690,2674,2688,2700,2825,2700.5,2827,2835.5,2916,2954,2808,2855,2520,2405.5,2302.5,2470,2486,2570,2460,2558,2613.5,2750,2800,2960,2830,2775,2612.5,2545.5,2693,2727.5,2664,2750,2766,2845,2950,3098,2880,2876.5,2962,2948,2924,3071,3071,2947,3131,3130,3179,3185,3310,3344,3299,3352
8793,ＮＥＣキャピタルソリューション,4110,4030,4200,4205,4115,4075,4065,4075,4115,4090,4050,4100,4140,4135,4145,4120,4100,4115,4100,4035,4020,4000,4005,4010,4010,4005,4015,4010,4045,4085,4100,4145,4160,4130,4155,4105,4160,4140,4010,3950,3920,3885,3900,3960,3940,3965,3980,4025,3980,3965,3935,3970,4010,4010,4030,4055,4055,4030,4010,4090,4195,4195,4280,4210,4215,4270,4315,4260,4240,4280,4245,4170,4170,4245
9962,ミスミグループ本社,4051,4001,3829,3457,3461,3557,3620,3694,3699,3768,3772,3702,3853,3782,3999,4075,3907,3789,4128,4193,4023,3911,3981,3938,3858,3977,3843,3639,3838,3857,3954,3892,3883,3812,3835,3720,3568,3559,3574,3762,3761,3760,3617,3705,3526,3597,3446,3454,3199,3087,3166,3184,3326,3359,3319,3470,3466,3406,3498,3309,3393,3395,3065,3025,3060,3100,3150,3086,3015,3034,2992,3032,2951.5,2998
6762,ＴＤＫ,3157,3278,3099,2758,2958.5,2961,3033,3065,3189,3150,3018,3000,3270,3190,3387,3452,3360,3251,3501,3700,3642,3666,3666,3663,3550,3768,3900,3873,4133,3979,3995,3850,3732,3848,3644,3756,3450,3700,3700,3899,3950,3919,4083,3999,3590,3750,3580,3137,2993,2885.5,3025,2988.5,3110,2979,2911,2936,2990,2930,2920,2886,2927,2740,2767.5,2700.5,2750,2548.5,2536,2600,2527.5,2280,2300.5,2310,2266,2249
4392,ＦＩＧ,849,866,900,849,896,929,1018,1038,1055,1085,1058,1080,1052,1032,1095,1063,1109,1069,1133,1214,1101,1087,1125,1099,1145,1130,1225,1149,1191,1173,1290,1252,1230,1299,1376,1532,1588,1482,1252,1301,1555,1632,1845,2189,2064,2800,1985,1969,1821,1300,1360,1060,910,769,780,859,509,429,350,345,350,359,356,348,352,347,349,328,327,326,324,323,323,326
8005,スクロール,1813,1843,1715,1725,1723,1722,1705,1707,1715,1744,1710,1730,1728,1732,1715,1706,1718,1721,1701,1659,1645,1628,1626,1637,1643,1648,1641,1645,1638,1626,1650,1631,1640,1624,1620,1625,1628,1612,1621,1628,1634,1638,1672,1630,1635,1640,1638,1651,1669,1660,1655,1612,1649,1633,1656,1705,1757,1597,1324,1320,1323,1310,1320,1320,1320,1345,1359,1352,1355,1348,1331,1315,1328,1346
2326,デジタルアーツ,4345,4100,4035,4195,4095,4080,3980,3990,4000,4040,4095,3980,3985,3990,3945,3900,3860,3950,3885,3875,3880,3725,3700,3740,3680,3595,3580,3515,3600,3545,3600,3595,3615,3540,3570,3610,3625,3690,3760,3740,3625,3735,3800,4040,4050,4110,4180,4100,4125,4280,4290,4205,4055,4005,3955,4100,4310,4940,5790,5510,5480,5460,5500,5590,6010,5980,5900,5840,5780,5740,5580,5550,5360,5340
6809,ＴＯＡ,1610,1621,1633,1632,1638,1639,1629,,1624,1622,1586,1590,1615,1612,1610,1628,1625,1640,1633,1605,1580,1554,1556,1576,1586,1574,1575,1558,1557,1555,1570,1569,1565,1560,1577,1560,1562,1572,1543,1550,1536,1554,1540,1542,1526,1560,1582,1547,1533,1601,1580,1598,1586,1569,1562,1570,1580,1604,1775,1730,1726,1700,1720,1757,1750,1786,1773,1800,1784,1780,1792,1800,1800,1821
3984,ユーザーローカル,1806,1806,1774,1802,1809,1807,1727,,1775,1810,1797,1804,1790,1794,1790,1768,1740,1775,1783,1785,1744,1707,1625,1609,1608,1638,1700,1703,1750,1736,1810,1815,1775,1785,1793,1840,1781,1815,1850,1836,1808,1793,1826,1705,1706,1710,1797,1760,1773,1767,1723,1717,1710,1745,1726,1796,1814,1736,1600,1540,1559,1550,1571,1555,1595,1593,1585,1574,1577,1578,1498,1452,1433,1490
7609,ダイトロン,3820,3390,3305,3100,3270,3350,3500,,3550,3455,3350,3345,3395,3355,3550,3520,3460,3415,3610,3705,3515,3715,3740,3700,3705,3750,3765,3715,3915,3925,3860,3775,3525,3630,3605,3490,3350,3525,3565,3735,3635,3640,3495,3610,3480,3665,3620,3600,3540,3535,3875,3840,4000,3920,3850,3935,3905,3850,3290,2944,2870,2895,2891,2906,2827,2881,2877,2861,2957,2885,2969,2832,2798,2791
7972,イトーキ,2905,2924,2916,2881,2940,2954,2912,2820,2823,2858,2670,2810,2870,2778,2820,2860,2830,2875,2840,2772,2690,2642,2643,2675,2640,2621,2588,2525,2584,2499,2486,2438,2455,2446,2480,2416,2396,2403,2381,2411,2396,2405,2480,2619,2699,2700,2624,2611,2699,2718,2737,2722,2789,2805,2799,2799,2894,2920,3225,3145,3220,3215,3175,3195,3210,3295,3325,3315,3335,3365,3590,3600,3505,3500
6521,オキサイド,2932,2803,2957,2697,2930,3110,3240,3360,3385,3490,3400,3550,3850,4175,4300,4330,4140,4080,4420,4540,4415,4530,4835,4700,4790,4870,5230,4840,5240,5000,4845,4790,4555,4505,4600,4570,4360,4695,4720,4870,5000,5260,5230,5940,5620,5900,6450,5790,5940,5850,6710,6330,6500,6320,6050,6540,6710,5150,4800,4580,4750,4600,4710,4670,4895,5140,4595,4120,4485,4350,4990,5150,4645,4595
9165,クオルテック,1696,1715,1741,1690,1688,1715,1695,1710,1711,1715,1695,1700,1745,1747,1753,1775,1745,1729,1753,1777,1734,1761,1735,1706,1730,1750,1742,1761,1819,1724,1746,1692,1686,1711,1718,1701,1667,1714,1761,1801,1808,1781,1815,1872,1928,2067,2350,1790,1825,1850,1850,1712,1736,1784,1725,1850,1840,1680,1476,1471,1479,1460,1480,1468,1467,1470,1450,1447,1464,1458,1456,1445,1430,1434
6902,デンソー,1921,1968,2100.5,2205,2120,2060,2000,1972,1985.5,1992.5,1980.5,1971,1957,1941,1937,1958.5,1925,1970,2016,1980,1969,1898,1878,1896,1892,1879.5,1890,1885,1888,1888,1930,1917,1920,1886.5,1886,1851,1824,1920,1880,1907,1904.5,1874.5,1853,1870,1889,1860,1850,1850,1860,1865,1866,1900,1885.5,1850,1872,1871,1888,1945,1895,1850,1843,1914,1895.5,1890,1916.5,1933,1970,1953,1931,1924,1938,1930,1911,1951.5
6928,エノモト,2435,2334,2377,2179,2365,2514,2571,2598,2640,2625,2618,2735,2870,2870,2891,2838,2760,2780,2900,2911,2895,3000,3090,3135,3165,3325,3445,3355,3520,3535,3550,3365,3275,3385,3230,3385,3355,3500,3495,3675,3700,3715,3880,3795,3510,3745,3650,3500,3570,3475,3560,3470,3505,3530,3415,3480,3760,3530,3580,3295,3150,3165,3165,3165,3185,3185,3230,3270,3335,3290,3255,3220,3125,3110
5632,三菱製鋼,2148,2157,2157,2105,2135,2198,2197,,2165,2157,2102,2145,2170,2109,2137,2114,2122,2158,2208,2211,2169,2117,2152,2180,2200,2228,2250,2258,2430,2333,2301,2169,2162,2200,2175,2133,2100,2089,2100,2120,2060,2099,2088,2128,2122,2115,2155,2110,2048,2061,2080,2145,2074,2020,1865,1902,1840,1853,1838,1791,1805,1780,1793,1804,1804,1833,1843,1841,1826,1828,1833,1802,1788,1821
6098,リクルートホールディングス,12535,12490,12575,13140,12850,12510,12335,12055,12275,12500,12520,12715,12360,12600,12005,12605,12325,12320,12000,11765,11885,11985,11630,11335,11310,11220,11335,11045,11300,10820,11030,11300,10640,10560,10800,11140,11080,11400,10775,10915,10620,10930,11105,10375,9951,10075,9693,9414,9648,9990,9322,9025,7805,7680,7688,7616,7822,7848,7570,7204,7164,7452,7340,7380,7567,7853,7620,7524,7300,7327,6966,7096,6975,7035
6361,荏原製作所,5586,5273,5653,4856,5137,5344,5752,5769,5769,5800,5385,5650,6181,5772,6080,5995,5871,5741,6130,6163,5800,6100,6266,6264,6155,6410,6379,6302,6711,6565,6825,6578,6093,6284,5765,5476,5065,5283,4982,5471,5555,5279,5698,5599,5572,5742,5697,5393,5100,4980,5398,5533,5819,5797,5666,5945,5800,5749,5742,5343,5523,5515,5370,5461,5390,5187,5193,5070,5090,4993,5267,5254,5078,5063
155A,情報戦略テクノロジー,825,824,834,815,831,846,845,,858,874,844,879,910,907,892,882,890,900,920,897,858,866,871,868,840,873,844,852,915,897,888,875,830,847,850,860,880,880,838,840,834,835,822,868,878,855,867,835,839,877,893,904,874,777,788,799,810,817,803,801,813,820,813,828,860,850,842,833,830,829,813,817,811,847
278A,ＴＥＲＲＡＤＲＯＮＥ,12240,10240,10550,10010,10080,12650,12250,12680,14750,16150,14500,12420,10750,11000,11760,9500,9200,9090,9600,8860,8160,7910,7770,7750,7800,7890,8170,8000,8820,7880,8450,7980,9550,8750,7800,8720,8540,8900,8340,7900,8440,8410,8850,10580,8900,9700,11300,10700,11510,12000,13250,12700,11000,12240,10000,19600,15230,12020,12570,10000,8220,7380,7990,8410,7820,7000,6650,6570,6500,6500,5790,6000,5330,4475
300A,ＭＩＣ,2960,3000,3035,2980,2988,2903,2860,,2958,2941,2885,2870,2840,2871,2884,2873,2875,2910,2876,2917,2939,2923,2887,2944,2850,2790,2800,2777,2800,2790,2800,2845,2810,2835,2867,2800,2797,2800,2774,2755,2799,2801,2847,2899,2841,2871,2918,2864,2938,2920,2848,2930,2904,2790,2760,2789,2782,2750,2795,2769,2885,2783,2851,2934,3070,3095,3050,3000,3005,2964,2942,2898,2878,2853
4776,サイボウズ,2745,2710,2695,2897,2700,2655,2530,2461,2496,2560,2613,2610,2561,2600,2602,2623,2590,2631,2599,2498,2531,2386,2238,2331,2275,2141,2229,2244,2277,2304,2376,2301,2321,2344,2315,2297,2389,2355,2430,2436,2420,2557,2650,2552,2575,2570,2550,2489,2501,2490,2383,2407,2274,2159,2157,2160,2189,2171,2053,2082,2090,2101,2119,2100,2139,2165,2204,2264,2226,2240,2064,2039,1963,2000
4704,トレンドマイクロ,6438,6441,6475,6813,6674,6544,6358,6132,6180,6223,6495,6429,6325,6299,6182,6291,6185,6320,6369,6294,6533,6249,5965,5988,5757,5605,5643,5540,5620,5623,5854,5746,5771,5850,5931,6136,6183,6186,6478,6725,6145,6251,6453,5980,6037,6066,6203,6015,5911,6060,6081,5730,5400,5511,5725,5592,5715,5729,5339,5376,5552,5514,5632,5601,5859,6050,5907,5998,6012,5859,5433,5317,5073,5260
6370,栗田工業,8703,8629,8780,8060,8354,8739,8938,8940,8911,8956,8710,8781,9121,8982,9170,9040,8805,8705,9443,9591,8950,9305,9369,9221,9110,9292,9614,9231,9613,9567,9779,9340,9335,8761,8639,8300,7901,8286,8212,8808,8803,8714,8549,8691,8728,9077,8834,8713,8538,8616,8773,8918,9500,9010,9000,9184,8900,8362,8296,8290,8401,8297,7905,7916,7847,7990,8188,8095,8010,7950,7998,8201,8069,8040
7014,名村造船所,4090,4200,4390,4135,4435,4530,4345,4235,4160,3960,3800,3755,3950,3750,3770,3760,3880,4090,4250,3675,3640,3510,3510,3620,3655,3620,3730,3670,3875,3800,3840,3845,3755,3765,3685,3480,3345,3440,3550,3655,3485,3475,3455,3790,4085,4240,3945,3800,3730,3895,4080,4375,4095,4005,4040,4070,3975,4050,4090,4000,4025,4095,4040,4100,4320,4050,4080,4060,4080,4025,4180,4190,4045,4320
9880,イノテック,3470,3310,3385,3020,3135,3250,3315,3350,3425,3390,3295,3330,3520,3445,3580,3610,3585,3425,3760,3825,3595,3840,4070,4000,4060,4220,4460,4240,4555,4355,4250,4185,3900,4130,4200,4105,3910,4140,4200,4390,4300,4300,4320,4360,4220,4650,4380,4400,4380,4225,4750,4505,3975,3360,3270,3380,3325,3185,2950,2834,2790,2760,2805,2674,2710,2728,2763,2823,2896,2900,2889,2640,2561,2580
5253,カバー,1453,1445,1506,1525,1586,1649,1475,,1681,1612,1700,1668,1672,1660,1601,1625,1586,1609,1608,1552,1488,1401,1347,1350,1217,1152,1189,1201,1279,1301,1380,1460,1415,1418,1458,1522,1444,1620,1616,1624,1636,1631,1620,1600,1551,1583,1760,1758,1666,1671,1600,1526,1324,1435,1412,1393,1420,1445,1393,1365,1365,1370,1370,1400,1420,1441,1455,1474,1451,1482,1480,1438,1402,1471
9104,商船三井,5901,5813,5833,5914,5930,5849,5917,5795,5801,5699,5629,5550,5539,5402,5380,5460,5425,5391,5285,5210,5200,5050,5210,5263,5230,5275,5342,5388,5293,5251,5343,5420,5459,5686,5742,5757,5636,5878,5784,5685,5433,5484,5421,5400,5420,5570,5681,5648,5827,5794,5839,5861,5850,5886,5804,5783,5676,5796,5817,5890,6000,5812,5950,6088,6051,6100,6100,6252,6394,6300,6434,6300,6500,6600
6366,千代田化工建,644,652,649,630,703,733,715,690,699,687,650,661,680,653,680,685,695,720,732,716,688,654,671,687,676,680,731,699,730,745,783,800,776,759,837,704,650,698,703,723,700,719,701,748,775,832,807,700,740,757,771,807,821,810,810,828,986,992,1049,1010,1045,1027,1000,1065,1050,1070,1101,1166,1170,1120,1163,1162,1135,1213
6140,旭ダイヤモンド,1102,1095,1088,1040,1080,1133,1134,,1145,1161,1172,1173,1194,1153,1186,1180,1185,1170,1240,1263,1210,1212,1228,1233,1230,1219,1224,1213,1345,1314,1328,1320,1284,1313,1284,1238,1196,1259,1286,1300,1301,1319,1350,1357,1335,1399,1370,1271,1320,1272,1315,1280,1375,1402,1355,1333,1341,1310,1314,1285,1289,1287,1310,1300,1302,1301,1321,1392,1293,1163,1176,1173,1147,1165
1514,住石ホールディングス,574,604,567,575,580,592,598,600,594,590,561,579,584,575,585,560,561,550,585,556,549,525,526,525,530,524,528,532,550,531,530,550,544,554,551,553,550,561,566,564,557,564,563,588,605,620,603,599,598,615,631,647,700,720,730,738,744,760,745,760,795,771,784,810,835,860,869,850,873,890,842,850,867,872
5631,日本製鋼所,7380,7418,7495,7056,7477,7685,7835,7761,7507,7567,7470,7759,7750,7723,7800,7937,8100,8369,8640,8039,7971,7818,7827,7670,7776,7860,7953,7838,8280,7952,8258,8519,7850,7828,7749,7414,6779,7317,7660,7486,7255,7349,7418,7703,8000,8393,7992,7767,8085,8086,7881,7873,8100,8601,8825,9067,9359,9149,9280,9450,9681,9603,9780,9846,9640,9322,9197,9080,9210,9100,9849,9880,9735,9990
6674,ジーエス・ユアサコーポ,5477,5392,5664,5095,5401,5640,5836,5957,6014,6024,5800,5800,5995,5980,6258,6286,6227,6300,6636,6770,6520,6640,6562,6700,6736,7122,7447,7088,7550,7696,6786,6660,6668,6319,6380,6397,6112,6769,6933,7113,7500,7202,7000,6700,6284,6348,6300,6030,6160,6236,6319,6365,6368,6439,6604,6665,6750,6465,6533,6224,6081,6190,6280,6300,6352,6521,6803,6787,6757,6620,6797,6464,6287,6236
6955,ＦＤＫ,386,384,392,379,392,410,405,,413,411,406,409,432,438,441,441,432,444,452,489,498,481,488,507,503,519,527,502,539,521,510,510,502,478,517,515,506,551,604,495,489,469,431,451,432,411,413,407,414,416,416,418,432,426,435,432,443,455,452,432,447,454,450,451,448,450,457,453,458,452,456,457,446,470
281A,インフォメティス,450,426,424,414,428,443,450,527,460,470,463,463,502,520,524,486,486,519,625,631,619,624,666,713,680,723,752,685,606,570,620,645,605,644,634,547,533,555,586,642,705,699,697,834,835,890,848,765,783,833,823,735,791,748,754,795,824,766,760,717,720,769,808,800,792,880,958,803,742,765,675,674,687,681
6356,日本ギア工業,1295,1242,1304,1222,1304,1380,1367,1400,1402,1395,1411,1505,1575,1490,1480,1503,1528,1541,1700,1750,1558,1480,1490,1498,1510,1500,1530,1478,1590,1500,1542,1556,1420,1445,1437,1468,1365,1526,1506,1531,1488,1477,1481,1707,1661,1766,1525,1361,1361,1401,1462,1398,1438,1406,1475,1580,1482,1495,1507,1574,1679,1628,1649,1486,1450,1265,1320,1318,1328,1328,1293,1318,1200,1284
7711,助川電気工業,4280,4260,4070,4090,4210,4450,4480,,4660,4650,4470,4860,5100,4885,4755,4675,4850,4895,5180,5130,4815,4840,4860,4975,4925,5000,5180,5030,5460,5600,5470,5660,5200,4835,4855,4800,4515,4840,5190,5360,5050,5240,5260,5450,5490,5980,5350,5080,5120,5130,5380,5410,5360,5650,5620,5800,6000,6040,6110,5960,6100,6180,6360,6620,6480,6380,6320,6280,6290,6160,6300,6340,6240,6470
6376,日機装,3780,3685,3665,3565,3700,3995,4050,3975,4000,4135,3930,3800,3825,3605,3710,3780,3795,3840,4070,4100,3840,3850,4105,4225,4205,4150,4180,3955,4100,3935,3960,3865,3715,3700,3705,3640,3500,3420,3190,3200,3100,3090,3260,3285,3235,3500,3275,3070,3115,2925,3100,2940,2716,2662,2617,2691,2670,2617,2684,2660,2608,2572,2645,2595,2548,2551,2657,2648,2720,2774,2866,2875,2820,2800
9115,明海グループ,825,815,790,781,852,896,900,856,898,840,821,823,834,823,816,844,816,823,845,840,830,822,803,812,800,790,791,800,769,768,781,803,826,824,850,904,919,940,985,999,999,1066,1039,1143,1143,1161,1146,1111,1096,1146,1201,1202,1191,1178,1216,1272,1242,1303,1309,1250,1240,1182,1175,1188,1206,1253,1282,1236,1294,1289,1282,1340,1345,1299
3864,三菱製紙,1115,1150,1125,1112,1115,1140,1150,1197,1160,1145,1099,1095,1095,1059,1010,1009,1007,998,1015,1021,1005,1005,1019,1015,1040,1039,1033,1024,1035,1031,1045,1077,1076,1091,1074,1062,1067,1063,1047,1053,1060,1048,1054,1137,1102,1097,1099,1090,1060,1020,1046,993,958,902,931,937,936,937,940,929,940,945,960,951,961,985,973,990,974,956,925,923,892,910
6997,日本ケミコン,3190,2988,2928,2571,2860,3010,3310,3255,3350,3370,3220,3350,3640,3600,4025,3960,3950,4180,4905,5500,4980,5600,5560,5600,5590,5780,5680,5340,5990,6000,5630,5160,4480,4720,4360,4250,3995,4355,4490,4525,4570,4790,5650,4800,3725,4180,3600,2973,3045,3030,2894,2995,3485,3250,3140,3235,3230,2919,2751,2610,2412,2299,2304,2256,2451,2346,2400,2215,2218,2082,1974,1780,1650,1664
4544,ＨＵグループＨＤ,3340,3398,3435,3575,3499,3485,3377,3280,3322,3364,3367,3366,3352,3382,3390,3345,3476,3498,3430,3400,3419,3328,3295,3288,3255,3245,3145,3147,3159,3093,3165,3126,3251,3238,3379,3436,3465,3442,3293,3333,3283,3121,3156,3146,3156,3144,3171,3168,3225,3249,3198,3204,3139,3136,3100,3141,3074,3178,3112,3081,3100,3281,3205,3160,3140,3125,3161,3146,3182,3188,3165,3143,3098,3208
6848,東亜ディーケーケー,859,853,855,852,850,853,857,,853,856,854,856,855,854,854,854,856,862,869,862,858,854,874,860,868,856,860,860,886,867,858,862,856,859,853,877,848,850,852,851,861,869,856,862,865,859,865,865,850,875,877,870,871,877,869,880,883,874,869,865,876,870,880,874,883,884,880,884,872,871,875,875,872,882
5702,大紀アルミニウム,1530,1472,1476,1441,1461,1486,1507,1500,1498,1498,1456,1491,1517,1465,1485,1477,1454,1470,1520,1526,1489,1500,1483,1490,1525,1534,1590,1610,1645,1666,1678,1719,1745,1798,1877,1850,1800,1800,1823,1885,1957,2020,1903,1993,1971,2070,1931,1895,1823,1800,1802,1820,1853,1590,1569,1612,1613,1550,1531,1485,1461,1470,1440,1454,1475,1491,1530,1518,1555,1575,1595,1590,1550,1580
7952,河合楽器,3550,3420,3370,3365,3240,3270,3275,3300,3280,3270,3270,3300,3190,3195,3205,3260,3190,3245,3275,3285,3195,3235,3240,3210,3380,3340,3320,3250,3300,3350,3295,3250,3250,3195,3070,3020,3065,3155,3130,3185,3200,3145,3250,3250,3035,3020,2991,2993,2937,3100,3135,3125,3075,2981,2940,2810,2719,2783,2810,2758,2800,2876,2834,2899,3005,3065,3075,3050,3130,3070,3020,3005,2995,2986
3002,グンゼ,3980,4040,4060,4040,4075,4075,4000,,3975,4000,3990,3985,4000,3970,3980,4030,4015,4030,4050,4020,3945,3860,3865,3890,3860,3875,3850,3830,3835,3835,3850,3840,3810,3815,3845,3800,3735,3725,3680,3700,3690,3685,3690,3715,3700,3670,3655,3695,3670,3715,3725,3740,3680,3580,3590,3625,3625,3630,3620,3600,3665,3680,3655,3730,3730,3825,3950,3925,3920,3880,3890,3900,3925,3970
8871,ゴールドクレスト,3255,3315,3310,3355,3370,3350,3330,,3365,3380,3350,3390,3375,3375,3355,3370,3365,3415,3330,3300,3285,3295,3240,3340,3290,3220,3225,3230,3230,3290,3235,3260,3305,3310,3420,3305,3330,3275,3250,3240,3300,3400,3470,3585,3540,3600,3505,3585,3600,3660,3675,3705,3850,3285,3345,3320,3305,3335,3325,3325,3320,3335,3290,3320,3290,3395,3440,3420,3465,3480,3440,3500,3465,3500
6918,アバールデータ,3115,3050,3020,2898,3100,3125,3225,,3295,3220,3050,3200,3300,3210,3260,3200,3180,3205,3350,3405,3335,3360,3350,3265,3300,3390,3400,3340,3515,3415,3495,3400,3265,3240,3185,3095,2890,3000,3075,3285,3260,3430,3530,3500,3405,3400,3405,3460,3360,3525,3750,3590,3465,3635,3600,3700,3375,3245,3175,2912,2891,2950,3025,2986,3030,3055,2907,2851,2873,2819,2896,2820,2777,2727
6488,ヨシタケ,989,985,989,982,985,985,980,986,986,982,974,976,971,980,970,970,962,960,970,962,955,948,940,935,936,927,937,942,948,939,930,924,920,919,915,920,920,931,928,939,930,932,927,930,937,943,960,972,970,967,966,988,995,939,931,940,935,935,932,943,944,935,933,940,931,933,953,959,954,930,937,944,945,942
8007,高島,797,812,818,810,805,810,800,798,792,795,780,784,782,776,788,776,773,772,775,769,756,754,765,768,753,745,747,743,745,743,745,749,754,765,748,741,740,741,727,733,731,726,727,763,753,754,738,745,738,744,755,770,770,696,767,774,780,789,794,788,799,775,770,775,774,786,794,804,809,814,819,813,814,826
4218,ニチバン,1921,1940,1966,1965,1942,1941,1919,1898,1920,1928,1950,1929,1907,1914,1915,1906,1921,1905,1886,1895,1881,1890,1897,1881,1864,1861,1860,1836,1817,1830,1850,1850,1835,1841,1843,1829,1826,1803,1801,1795,1810,1792,1818,1849,1857,1857,1875,1874,1863,1880,1878,1894,1910,1846,1823,1821,1825,1841,1845,1823,1825,1818,1822,1842,1855,1874,1886,1898,1890,1889,1882,1892,1891,1900
7735,ＳＣＲＥＥＮホールディングス,12520,12300,13780,11755,12975,14305,16215,16535,16820,17585,16800,17270,18525,17650,18200,18250,17690,16290,17500,18915,17500,17890,18410,17300,16620,17280,17190,16470,17140,16490,16830,15595,14600,14870,14760,13805,12500,12690,11370,13035,13250,12815,11140,11230,11000,11000,11145,10820,10900,10540,10900,11335,12400,12350,11090,11325,11535,11080,11000,10470,10350,10590,10910,10390,10715,10605,10750,10570,11085,10900,11365,11060,10805,10410
3905,データセクション,2250,2084,2086,1945,2095,2273,2319,2385,2400,2582,2529,2592,2841,2790,2879,2941,2813,2727,3000,3230,3035,3200,3505,3735,4250,4680,4780,4590,5000,5260,5170,4845,5000,4775,4790,4505,4310,4460,4480,5700,5060,5060,4805,5400,4335,4760,4800,4240,3500,3135,3345,2843,2213,2302,2193,2336,2060,1673,1524,1488,1500,1461,1467,1492,1535,1551,1600,1562,1584,1520,1473,1380,1346,1379
3397,トリドールホールディングス,4322,4346,4351,4620,4353,4230,4103,4020,4032,4150,4186,4186,4109,4053,4000,4006,4096,4000,3920,3846,3941,3864,3840,3890,3798,3781,3666,3600,3550,3570,3574,3625,3728,3730,3819,3885,3906,3771,3700,3707,3819,3802,3798,3795,3756,3661,3860,3800,3889,3862,3799,3799,3939,3980,3963,3950,3961,4025,3997,4039,4061,4055,4072,4100,4121,4159,4212,4182,4197,4291,4250,4251,4297,4356
7270,ＳＵＢＡＲＵ,2622,2666,2717,2850,2730,2663.5,2600,2586,2591,2595.5,2525,2530,2492.5,2506.5,2520,2489,2490.5,2557,2596,2535,2551.5,2442.5,2404.5,2421.5,2430,2401,2370,2415,2428,2444.5,2497.5,2582.5,2570,2520,2512.5,2518.5,2485.5,2573,2462,2487,2453,2440,2366,2450,2475.5,2446,2482.5,2480,2453,2460,2360,2417.5,2446,2346.5,2290.5,2279.5,2330,2373.5,2371.5,2335,2371,2490,2440,2494,2498,2530.5,2549,2576,2534.5,2556,2530,2538,2511,2533.5
6736,サン電子,9800,9760,9580,9110,9470,9710,9140,9000,8830,9280,9000,9090,9200,9550,9960,10850,10610,11040,10950,9390,9540,8800,8580,8820,9030,9000,8600,8820,9150,9100,9200,9250,9250,9250,9170,8840,8880,8970,8600,8670,9090,9250,9500,9230,9100,9320,9330,9420,8850,8940,9680,9160,8760,8500,8480,8920,8890,8700,8610,8520,8300,8190,8130,7980,8240,7950,8040,8010,8160,7990,7320,7760,8110,8850
2933,紀文食品,1100,1100,1103,1118,1097,1092,1078,,1084,1085,1086,1081,1081,1083,1081,1075,1080,1082,1066,1065,1064,1067,1069,1065,1064,1065,1050,1060,1060,1065,1056,1049,1050,1044,1045,1045,1048,1044,1038,1028,1023,1017,1027,1043,1036,1035,1037,1046,1048,1044,1043,1048,1030,1030,1033,1025,1025,1032,1034,1041,1025,1025,1030,1044,1040,1051,1065,1065,1061,1058,1051,1057,1058,1064
4047,関東電化,2790,2656,2676,2451,2568,2643,2824,2889,2923,2884,2723,2802,3070,2900,3070,3180,3105,3105,3340,3490,3275,3430,3620,3635,3705,3915,4035,3735,3895,4000,4000,3900,3750,3745,4030,4090,3665,4050,3675,4195,3705,3740,3440,3605,3260,3540,3135,2894,2750,2677,2750,2550,2125,2133,1975,1964,1899,1800,1802,1683,1660,1680,1660,1632,1650,1671,1646,1625,1646,1654,1740,1666,1610,1587
6482,ＹＵＳＨＩＮ,662,668,684,660,669,686,694,691,690,695,676,671,665,671,683,683,687,702,700,696,690,694,689,702,705,720,715,726,746,737,752,771,714,697,687,677,667,680,667,671,653,638,658,672,664,666,722,703,714,708,720,730,755,725,724,713,693,680,685,664,659,662,656,667,670,675,678,673,678,685,689,678,679,686
6706,電気興業,3065,3050,3100,2963,2982,3010,2976,,3005,2950,2925,2950,3000,2988,3055,3080,2980,2999,3000,3045,3045,3070,3020,3160,3085,3100,3155,3105,3180,3205,3210,3180,3160,3275,3250,3200,3290,3350,3360,3455,3470,3485,3515,3525,3435,3495,3455,3430,3440,3430,3490,3390,3500,3485,3500,3495,3455,3390,3380,3305,3280,3295,3325,3325,3275,3275,3300,3275,3285,3305,3250,3200,3080,3095
8141,新光商事,1567,1556,1549,1569,1580,1579,1585,,1589,1579,1598,1601,1597,1590,1589,1584,1590,1588,1589,1587,1588,1588,1588,1586,1580,1570,1566,1577,1586,1581,1583,1582,1581,1579,1580,1583,1578,1581,1581,1585,1580,1578,1576,1577,1583,1600,1600,1610,1603,1604,1604,1611,1537,1576,1618,1660,1732,1710,1686,1615,1605,1558,1538,1529,1599,1556,1554,1500,1465,1443,1368,1470,1433,1410
8344,山形銀行,3640,3740,3770,3775,4015,4150,4055,3820,3875,3800,3685,3870,3790,3700,3730,3825,3850,3875,4070,3965,3840,3670,3525,3495,3385,3315,3320,3315,3425,3350,3470,3535,3580,3545,3550,3405,3350,3200,2982,3075,2963,3055,3020,3125,3080,3070,3025,3080,3050,2955,2904,2755,2650,2615,2543,2576,2514,2558,2603,2537,2485,2417,2391,2476,2513,2611,2733,2794,2789,2752,2720,2702,2628,2700
7414,小野建,1423,1433,1463,1460,1450,1446,1447,,1430,1417,1405,1418,1390,1390,1390,1382,1380,1373,1372,1361,1342,1329,1337,1341,1330,1329,1324,1324,1331,1319,1331,1330,1330,1320,1325,1314,1311,1303,1325,1319,1310,1299,1312,1345,1340,1333,1325,1330,1330,1349,1348,1377,1444,1446,1440,1435,1423,1442,1415,1394,1394,1380,1387,1374,1385,1395,1410,1403,1400,1414,1415,1418,1412,1421
6407,ＣＫＤ,5940,5700,6000,5030,5560,6140,6310,,6750,6770,6380,6410,6830,6750,7140,6960,6880,6680,7330,7600,6860,7400,7720,7590,7420,7690,8050,7460,8230,7870,8010,7730,7400,7470,7190,6540,5890,6080,5680,6300,6460,6410,6320,6730,6460,6990,6740,6960,6020,6000,6030,6120,7300,6970,6770,6880,6770,6270,6830,6040,5870,5790,5500,5450,5750,5710,5660,5610,5670,5550,5830,5750,5540,5420
7048,ベルトラ,158,158,158,155,156,159,157,,160,166,180,180,179,171,174,165,163,161,168,172,170,163,164,168,163,165,173,193,176,154,160,131,124,127,121,116,120,122,128,133,127,130,129,130,133,136,143,142,144,147,145,145,154,161,164,162,165,162,163,160,162,165,163,166,171,178,186,190,189,178,176,175,171,178
1808,長谷工コーポレーシヨン,2732.5,2778,2794.5,2864,2893,2847.5,2806.5,2756,2790,2810.5,2815,2840,2818.5,2786,2822,2811,2800.5,2880,2884.5,2834,2845,2793,2812.5,2841.5,2870,2785,2781.5,2759,2768,2736,2638,2707,2730,2708.5,2700,2766.5,2745,2707.5,2645.5,2643,2599.5,2620,2624,2700,2717,2693,2679,2730,2715,2790,2840,2881,2695,2790,2808.5,2771,2745,2757,2743.5,2700.5,2778,2750,2670,2713.5,2724.5,2749,2815,2766.5,2761.5,2760,2736.5,2866.5,2890,2922
4208,ＵＢＥ,3141,3170,3186,3159,3215,3300,3300,,3251,3252,3220,3243,3227,3102,3181,3187,3163,3180,3270,3270,3203,3190,3189,3162,3170,3163,3174,3111,3220,3195,3294,3230,3197,3240,3125,3036,2993,2973.5,2905,2939,2992,2964.5,2900.5,2950,2980,3030,3000,3045,2940.5,2688,2424.5,2416.5,2450,2478,2338,2357,2386.5,2395,2403,2360,2344,2368,2351,2367,2363,2409,2425,2444.5,2438,2425.5,2411,2424.5,2434,2473.5
186A,アストロスケールホールディンク,1070,1012,985,950,1011,1015,1022,1041,1020,1027,981,1000,1055,1078,1105,1108,1076,1112,1210,1236,1145,1135,1176,1179,1113,1150,1173,1180,1290,1205,1285,1356,1450,1465,1676,1956,1710,1806,1922,2085,1955,2195,2101,2868,2644,3000,2639,1992,2050,2065,1932,2100,1900,1864,1737,1796,1730,1413,1373,1263,1282,1221,1317,1400,1454,1458,1489,1366,1410,1365,1403,1363,1301,1250
6965,浜松ホトニクス,2343,2323,2300,2155.5,2200.5,2303,2357.5,,2452,2385.5,2342,2345,2450,2416.5,2509,2499,2474,2400,2551,2675.5,2566,2685,2726.5,2685.5,2615,2685,2765,2645,2837.5,2843.5,2840,2776,2634.5,2653,2565.5,2487.5,2288,2502,2614,2891.5,2827.5,2879,2854.5,2873,2686.5,2937,2995,2731.5,2703,2637.5,2785,2756.5,2600,2173,2110,2192,2243,2119,2041,2019,2002.5,2036,1949,1941,1946,1947,1955,1934.5,1990,1910,1953.5,1970,1921,1954
6331,三菱化工機,3050,3100,3250,3040,3210,3390,3370,3390,3350,3310,3230,3275,3475,3415,3585,3555,3605,3850,3935,3840,3675,3700,3695,3795,3855,3875,3890,3880,4160,4000,4080,4100,3900,3840,3795,3680,3555,3500,3470,3465,3655,3455,3450,3690,3650,3790,3425,3550,3485,3585,3840,3600,3375,3380,3295,3320,3260,3265,3330,3220,3190,3260,3205,3160,3050,3030,3045,3055,3060,3045,3150,3130,3150,3205
7741,ＨＯＹＡ,25540,24175,24285,23700,23580,24370,24805,24500,24840,25415,25440,24900,25570,25830,25035,25200,24290,25200,25525,26100,25845,25775,25940,26045,25570,26500,26825,26200,27205,26945,28865,28000,27025,26590,26945,26420,25300,25420,25400,26290,27480,26500,26175,27020,27080,27220,26055,26620,26900,26945,27700,27900,27740,27870,27370,27270,27360,27410,28275,29200,29130,29320,28900,28310,28590,29090,29465,29495,29495,29770,29770,29670,29265,28985
1321,ＮＦ日経２２５,66360,65920,66820,63520,64740,65640,67500,67700,68900,69650,67050,67960,70670,69250,70810,71410,70000,69950,72040,73300,71560,72350,74450,73850,72920,74240,74160,72820,76070,74510,75500,73680,71980,72630,71530,69680,65670,67500,66910,70100,70740,70830,70300,68700,67620,69440,66970,65230,64110,63250,64170,64540,65850,66560,65160,65800,66400,65330,64730,62450,61940,63150,62880,62160,62670,61790,61770,61610,62020,61250,61360,60070,58980,59090
1944,きんでん,6979,7079,7450,7003,7510,7750,7774,7310,7367,7260,7083,7244,7445,7425,7620,7737,7750,8026,8015,8010,7931,7755,8011,8077,8090,8224,8500,8141,8499,8179,8114,7870,7670,7370,7080,6934,6778,7098,6521,6500,6503,6770,6723,7230,7052,7300,6871,6919,6928,7009,6900,7423,7774,7988,8028,8300,8250,8306,8263,8290,7949,7932,7063,7141,7019,7016,7099,7151,7040,6980,7340,7428,7305,7431
7532,パンパシフィックＨＤ,897,897.3,902.6,969.8,925.8,909,864.1,850,856,857.7,877.6,884,872,881.8,852.5,867.6,874.6,881.7,852,821,835,814,811,851,822.5,822.8,822.7,815.9,811.9,815.1,826.7,840,836,827.8,852.4,860.6,883,846,846.9,825,825,814,808.5,861.9,839.8,819.4,862.9,855.6,872.4,895,886.3,871.6,843,868.6,885,896.7,887.3,888,890,880,889.1,902.1,914,919.5,944.3,949,959.4,950,953.9,957,969.5,949.6,945,950
