コード,銘柄名,2026/08/04,2026/08/03,2026/07/31,2026/07/30,2026/07/29,2026/07/28,2026/07/27,2026/07/26,2026/07/23,2026/07/22,2026/07/21,2026/07/17,2026/07/15,2026/07/14,2026/07/13,2026/07/10,2026/07/09,2026/07/08,2026/07/07,2026/07/06,2026/07/03,2026/07/02,2026/07/01,2026/06/30,2026/06/29,2026/06/26,2026/06/25,2026/06/24,2026/06/23,2026/06/22,2026/06/19,2026/06/18,2026/06/17,2026/06/16,2026/06/15,2026/06/12,2026/06/11,2026/06/10,2026/06/08,2026/06/05,2026/06/04,2026/06/03,2026/06/02,2026/05/29,2026/05/28,2026/05/27,2026/05/25,2026/05/22,2026/05/21,2026/05/20,2026/05/19,2026/05/18,2026/05/15,2026/05/14,2026/05/13,2026/05/12,2026/05/11,2026/05/08,2026/05/07,2026/05/01,2026/04/30,2026/04/28,2026/04/27,2026/04/24,2026/04/23,2026/04/22,2026/04/21,2026/04/20,2026/04/17,2026/04/16,2026/04/15,2026/04/14,2026/04/13,2026/04/10
TOPX,TOPIX,3926.33,3880.3,3951.22,3918.87,3931.58,3944.71,4018.73,3993.3,4033.39,4017.02,3930.17,3859.13,4035.73,3984.49,3986.18,4030.28,3995.49,4006.43,4055.32,4067.71,4002.27,4001.69,3998.13,3972.49,3940.45,3931.13,3987.08,3938.94,3990.38,4028.61,4018.69,4028.43,3989.06,3980.34,3927.17,3859.97,3766,3828.49,3820.06,3931.13,3932.81,3943.25,3874.88,3914.77,3864.22,3917.49,3891.62,3855.77,3816.66,3764.5,3833.64,3814.22,3830.54,3877.44,,,,,,,,,,,,,,,,,,,,
5706,三井金属,30440,29610,30110,24950,24780,27720,30240,31380,33320,33390,29335,28595,33750,33260,34460,36120,34280,33700,35270,37160,36190,38080,42180,41700,40360,41950,45440,45110,45730,49650,47110,46990,46090,44990,44610,40530,35040,36240,40040,42530,45100,47220,48260,48810,47830,51630,50080,47080,44570,43020,43900,45210,45280,47900,49810,49640,50300,47320,45500,41050,40560,39380,37120,37620,36400,36230,35770,35400,36390,35730,35380,37950,35470,34800
5423,東京製鐵,1678,1694,1750,1737,1761,1736,1690,1680,1703,1700,1692,1579,1753,1701,1718,1707,1711,1744,1731,1740,1719,1701,1676,1682,1674,1661,1677,1706,1739,1763,1731,1759,1749,1722,1713,1703,1645,1664,1683,1686,1696,1681,1663,1696,1688,1697,1700,1725,1709,1694,1740,1782,1816,1717,1661,1660,1642,1653,1664,1659,1662,1651,1605,1616,1736,1786,1783,1758,1748,1741,1707,1714,1700,1736
5713,住友鉱山,7811,7705,7782,7134,6969,7300,7506,7405,7754,7455,6923,6578,7261,6922,7023,7224,7103,7294,7396,7856,7581,7401,7303,7432,7227,7498,7637,7844,8214,8486,8580,9001,8779,8863,8851,8215,7477,7597,7881,8509,8617,9000,8413,8810,8691,9580,9681,9363,9003,8872,9088,9538,10110,10560,10620,10565,9532,10030,9845,9259,9306,9631,9305,9663,9558,9826,10030,10005,10150,10530,10440,10130,9755,9820
5711,三菱マテリアル,4105,3970,4030,3894,3825,4012,4114,4139,4247,4189,3999,3854,4186,3958,3987,3974,3927,4242,4339,4531,4403,4369,4289,4235,4160,4291,4403,4505,4581,4830,4794,4837,4842,4898,4883,4510,4276,4448,4537,4850,4950,5087,4920,5048,5036,5260,5132,5036,4782,4691,4903,5035,5321,5285,5833,5560,5511,5284,5243,5010,4990,5145,5076,5229,5209,5358,5500,5473,5523,5678,5557,5586,5390,5505
5714,ＤＯＷＡホールディングス,8093,7907,8010,7818,7685,7977,8229,8180,8466,8428,7906,7725,8354,8116,8171,8347,8220,8403,8547,8821,8667,8596,8530,8526,8510,8602,8728,8774,9172,9477,9369,9702,9615,9685,9652,9139,8656,8910,9165,9800,9710,10230,9886,10270,10285,10605,10720,10240,10020,9897,10300,11120,11390,9914,10200,10260,10270,9729,9573,9390,9356,9506,9378,9524,9543,9650,9838,9724,9916,10065,9920,9781,9582,9718
6701,日本電気,4560,4615,4660,4795,4419,4379,4298,4191,4218,4271,4402,4346,4218,4359,4282,4306,4260,4300,4288,4216,4125,4150,3912,3925,3916,3682,3754,3722,3657,3709,3685,3868,3796,3773,3818,3862,3970,3921,4060,4208,4178,4187,4282,4076,4058,4002,4036,4065,4118,4055,4236,4093,3961,3988,4169,4058,4073,4095,3989,3960,4027,4425,4577,4452,4258,4411,4385,4276,4328,4300,4156,4043,3792,3860
1605,ＩＮＰＥＸ,3466,3430,3588,3589,3555,3534,3650,3691,3610,3563,3495,3375,3424,3452,3359,3345,3391,3324,3261,3240,3215,3192,3194,3230,3278,3296,3258,3386,3420,3442,3371,3402,3293,3361,3468,3518,3561,3450,3604,3639,3585,3649,3428,3578,3588,3643,3640,3778,3859,3952,3948,3913,3788,3811,3921,3900,3776,3719,3821,4043,4063,3985,3882,3969,3840,3805,3785,3831,3908,3948,3990,4094,4237,4122
5703,日本軽金属ＨＤ,2738,2633,2626,2554,2530,2601,2628,2636,2693,2692,2644,2591,2726,2645,2659,2662,2617,2620,2681,2733,2708,2701,2717,2719,2745,2790,2817,2858,2910,2996,2960,2960,2945,2999,3075,3015,2893,3040,3090,3115,3145,3215,3045,3150,3040,3195,3145,3035,3030,3000,3035,3010,3025,2907,2911,2901,2869,2820,2856,2703,2788,2838,2838,2831,2809,2898,2954,2934,2979,3015,3000,3020,2959,2964
8002,丸紅,4826,4985,5137,5109,5120,5228,5376,5320,5261,5198,5019,4901,4999,4837,4810,4833,4873,4961,5033,4915,4837,4772,4630,4664,4677,4612,4570,4647,4789,4830,4805,4909,4886,4900,4994,4848,4713,4747,4820,4983,4947,4873,4823,5135,5150,5220,5216,5235,5322,5287,5525,5596,5792,5800,5551,5433,5351,5366,5375,5744,5956,5966,5822,5916,5792,5832,5852,5872,5838,5899,5882,5902,5861,5892
5021,コスモエネルギーＨＬＤＧＳ,3785,3802,3950,3932,3942,3939,3950,3933,3906,3894,3872,3753,3843,3859,3843,3850,3832,3817,3878,3901,3851,3840,3758,3755,3705,3698,3646,3677,3682,3678,3687,3641,3617,3622,3600,3503,3451,3452,3533,3595,3636,3701,3634,3676,3635,3630,3676,3675,3689,3705,3732,3733,3778,3737,3760,3952,3925,3868,3853,3938,3919,3895,3831,3906,3863,4067,4185,4228,4342,4356,4330,4303,4350,4419
8058,三菱商事,4596,4581,4731,4736,4750,4710,4841,4883,4840,4772,4513,4374,4530,4435,4404,4361,4380,4464,4495,4446,4455,4368,4286,4338,4393,4363,4385,4508,4565,4498,4450,4570,4595,4588,4728,4610,4522,4575,4760,4855,4871,4931,4864,4966,5003,5093,5283,5290,5345,5362,5492,5500,5780,5774,5625,5301,5175,5169,5108,4842,4867,4835,4738,4824,4693,4744,4844,4891,4938,5002,4977,5182,5255,5307
5333,ＮＧＫ,5508,5367,5585,5090,5050,5486,5935,5996,6152,6188,5876,5814,6607,6417,6623,7023,6966,6742,7110,7217,7052,7236,7593,7432,7175,7450,7586,7284,7410,7372,7329,6978,6706,6619,6383,6106,5551,5913,5966,6386,6184,6265,6063,6103,5862,6069,5906,5755,5543,5292,5470,5570,5613,5707,5521,5534,5444,5218,5245,4887,4563,4613,4422,4386,4322,4426,4530,4510,4473,4423,4420,4422,4381,4411
1662,石油資源開発,1691,1665,1753,1736,1725,1711,1709,,1733,1717,1701,1653,1691,1701,1661,1655,1671,1662,1640,1611,1601,1590,1561,1592,1594,1579,1567,1607,1600,1616,1595,1633,1621,1628,1635,1627,1646,1631,1702,1718,1708,1741,1744,1789,1832,1839,1808,1867,1878,1982,1933,1924,1919,1933,1972,2169,2130,2084,2050,2196,2235,2191,2151,2246,2182,2126,2095,2130,2336,2374,2396,2365,2474,2378
8411,みずほフィナンシャルＧ,7968,7857,8003,7761,7866,8166,8516,8613,8531,8341,7924,7790,8411,8286,8357,8229,8108,8151,8227,8046,7907,7931,7750,7662,7639,7679,7698,7637,7820,7808,7848,8094,7902,7702,7717,7510,7322,7555,7437,7698,7472,7389,7064,7045,6996,7178,7194,7302,7138,6844,6685,6379,6827,6971,6920,6833,6774,6624,6791,6584,6609,6598,6350,6389,6467,6552,6625,6775,6700,6872,6904,6728,6701,6711
5541,大平洋金属,2415,2398,2380,2322,2313,2301,2339,,2296,2300,2255,2222,2266,2218,2214,2221,2203,2218,2271,2325,2245,2232,2181,2143,2128,2138,2158,2190,2215,2246,2245,2268,2257,2262,2249,2118,2061,2115,2164,2234,2250,2250,2182,2275,2212,2272,2205,2140,2120,2116,2180,2245,2363,2373,2370,2215,2623,2563,2605,2522,2491,2429,2356,2430,2440,2477,2530,2515,2582,2660,2626,2619,2585,2644
5332,ＴＯＴＯ,6095,6100,6920,6562,6577,6918,7352,,7524,7565,7365,7229,7765,7686,7775,8040,8040,8042,8325,8458,8202,8330,8236,8387,8260,8473,8693,8590,8838,8663,8330,8177,7938,8105,7887,7590,7120,7397,7463,7803,7898,7445,7110,7430,7231,7172,6815,6637,6523,6308,6663,6855,7044,6933,6810,6857,7104,6741,6614,6015,5377,5364,5352,5265,5182,5218,5384,5532,5507,5432,5464,5385,5226,5686
8725,ＭＳ＆ＡＤ,4742,4702,4897,4922,4935,5000,4913,4781,4788,4715,4569,4473,4526,4442,4395,4413,4447,4495,4502,4438,4401,4281,4228,4225,4204,4210,4222,4437,4606,4501,4510,4534,4554,4556,4597,4596,4516,4569,4339,4299,4224,4294,4169,4209,4219,4197,4153,4182,4286,4356,4403,4401,4356,4360,4294,4150,3958,3941,3970,3961,3960,3939,3886,3946,3916,3996,4014,4026,4052,4082,4033,4024,4035,4069
8795,Ｔ＆Ｄホールディングス,4939,4868,5026,4933,4954,5032,5107,,5024,4967,4845,4726,4993,4867,4878,4906,4865,4901,4947,4910,4853,4807,4778,4703,4615,4640,4628,4565,4902,4801,4878,4811,4718,4761,4789,4648,4598,4654,4351,4356,4091,4130,4110,4022,4054,4079,4030,4069,4056,4077,4114,3900,3754,3943,3936,3945,3861,3838,3821,3727,3707,3671,3606,3679,3657,3728,3820,3914,4000,4020,4012,4026,3980,4013
5019,出光興産,1245.5,1254.5,1298.5,1301.5,1306.5,1292,1308,1326.5,1312,1281,1272.5,1235,1269.5,1247,1241.5,1232,1228.5,1231,1228.5,1216,1207,1186.5,1175.5,1189,1204,1209,1203.5,1229.5,1244.5,1237.5,1216.5,1243.5,1251,1287.5,1318.5,1301,1333,1320.5,1336.5,1373,1386,1360.5,1318,1296,1300,1305.5,1302.5,1320.5,1336.5,1370.5,1352.5,1365.5,1404.5,1366,1319,1370.5,1323,1326.5,1339.5,1325.5,1335.5,1326.5,1300,1335.5,1324,1385,1411.5,1443,1487.5,1505,1498,1495,1538,1537
8591,オリックス,6272,6157,6300,6274,6358,6361,6550,6513,6583,6492,6212,6115,6509,6321,6364,6419,6311,6326,6417,6332,6209,6187,6145,6128,6077,6109,6091,6144,6333,6280,6306,6375,6280,6168,6142,6056,5961,6145,6014,6113,6211,6215,6047,6087,6042,6156,6187,6156,6210,5960,5797,5716,5724,5782,5875,5801,5338,5247,5181,5164,5112,5261,4768,4805,4811,4881,4947,5005,4978,5052,5015,4891,4801,4866
3436,ＳＵＭＣＯ,6272,6157,6300,6274,6358,6361,6550,3552,6583,6492,6212,6115,6509,6321,6364,6419,6311,6326,6417,6332,6209,6187,6145,6128,6077,6109,6091,6144,6333,6280,6306,6375,6280,6168,6142,6056,5961,6145,6014,6113,6211,6215,6047,6087,6042,6156,6187,6156,6210,5960,5797,5716,5724,5782,5875,5801,5338,5247,5181,5164,5112,5261,4768,4805,4811,4881,4947,5005,4978,5052,5015,4891,4801,4866
5020,ＥＮＥＯＳホールディングス,1276.5,1266.5,1307,1301.5,1296,1288,1311.5,1320,1316.5,1286.5,1273.5,1229,1271,1249.5,1244,1240.5,1246,1241.5,1245,1225,1216.5,1203,1191.5,1179.5,1182,1190,1188,1199.5,1238.5,1249,1192.5,1220,1228.5,1219,1228,1217,1201,1202,1225.5,1271.5,1283,1305.5,1242.5,1280.5,1279,1290,1277,1282.5,1295.5,1305.5,1340.5,1358,1350,1266,1335.5,1343.5,1280.5,1266.5,1311,1278.5,1276,1285,1257.5,1284.5,1287,1310,1325.5,1328.5,1375,1406.5,1402.5,1392.5,1426.5,1416.5
6254,野村マイクロ・サイエンス,3945,3780,3755,3380,3390,3680,4045,4075,4185,4090,3820,3700,4280,4155,4330,4510,4235,4190,4360,4630,4530,4665,5060,4810,4435,4535,4810,4675,5010,4840,4715,4940,4495,4485,4525,4090,3695,3915,3905,4180,4290,4245,4200,4575,4485,4625,5090,4710,4475,4375,4595,4710,4750,4265,4260,4415,4510,4005,3900,3620,3655,3665,3620,3630,3600,3660,3795,3785,3660,3655,3565,3590,3500,3455
3863,日本製紙,1318,1290,1376,1422,1451,1473,1490,1496,1512,1490,1464,1442,1344,1345,1319,1298,1316,1334,1325,1307,1306,1307,1273,1264,1254,1238,1201,1191,1184,1191,1163,1190,1241,1219,1223,1204,1189,1207,1214,1173,1145,1172,1194,1259,1339,1318,1359,1353,1368,1348,1428,1414,1421,1456,1463,1445,1422,1399,1372,1300,1247,1251,1288,1416,1332,1481,1457,1437,1405,1372,1332,1311,1315,1307
8601,大和証券Ｇ本社,1760.5,1741.5,1764,1777.5,1809.5,1813,1856.5,1842,1849,1834,1788.5,1744,1826.5,1765.5,1776,1738.5,1717,1751.5,1727,1685.5,1654,1620,1600,1591.5,1581.5,1589,1572.5,1569.5,1587.5,1581,1588,1608.5,1593,1568,1591.5,1546.5,1518,1548.5,1516.5,1542,1522.5,1495,1478,1476.5,1446,1442.5,1471,1482,1494,1468,1479.5,1460.5,1474,1478,1464,1453,1439,1437,1452.5,1423.5,1425,1412.5,1480,1490,1491,1498.5,1519,1517,1526,1559,1565.5,1545.5,1524,1540
5233,太平洋セメント,3925,3915,4070,4150,4160,4136,4102,4116,4122,4145,3935,3875,3952,3882,3822,3883,3938,3998,4061,4074,4001,3898,3866,3971,4018,4080,4089,4067,4124,4190,4280,4344,4302,4370,4301,4097,4000,4115,4204,4322,4361,4381,4291,4475,4213,4171,4048,4113,4028,3918,3883,3803,3959,4059,4053,3627,3541,3600,3608,3518,3523,3601,3537,3519,3486,3601,3657,3661,3646,3665,3664,3691,3672,3669
8308,りそなホールディングス,2191.5,2166.5,2158,2153,2174.5,2259.5,2344,2318,2306,2287.5,2219,2197,2358.5,2324.5,2340,2316.5,2332,2316.5,2314.5,2231.5,2185,2145,2085,2106,2074,2078.5,2098,2108.5,2162,2150,2193,2206,2160.5,2108.5,2201,2135.5,2089.5,2124,2043.5,2117,2049,2033.5,1958,2032,2003,2023,2096.5,2099.5,2068,2016,2033,2016.5,2006,2032.5,2022.5,1996.5,1933.5,1916.5,1980,1892.5,1885,1851,1786,1810,1796,1854,1905,1948.5,1926,1909.5,1904.5,1857.5,1871,1883
5938,ＬＩＸＩＬ,1705,1689,1711.5,1868.5,1900.5,1888,1830,1807,1840.5,1817,1856,1863,1870,1843.5,1828,1834,1858,1866,1876,1864,1832.5,1796,1784.5,1790.5,1765.5,1754.5,1739.5,1695,1706.5,1723,1718.5,1703.5,1717,1727.5,1726.5,1721,1704,1711.5,1701,1693.5,1690.5,1677.5,1652,1686.5,1670.5,1648,1644,1630,1635,1616.5,1646,1633.5,1655,1651,1673,1669.5,1662.5,1669.5,1639,1605,1571.5,1604,1595.5,1608,1585,1615,1636,1628,1615,1616.5,1610,1598,1589,1655
8570,イオンフィナンシャルサービス,1524,1519.5,1551.5,1552.5,1556,1563,1562,1547,1558.5,1556.5,1535.5,1515.5,1535,1521,1535,1508,1505,1515.5,1521.5,1502,1481,1474.5,1462,1463.5,1461.5,1458,1444,1443,1443,1446.5,1466.5,1473.5,1491.5,1485,1508,1493,1488,1486,1442,1441,1427.5,1447,1413.5,1496,1506,1526.5,1541,1550,1584,1562,1563,1560,1545.5,1547.5,1554.5,1545.5,1515,1499.5,1551.5,1532.5,1531,1531.5,1521.5,1544.5,1538,1536.5,1537,1558.5,1564.5,1609.5,1606,1586,1516,1523
5406,神戸製鋼所,2045,2001.5,2061,2043,2026.5,1984,1997.5,1965,1977,1963.5,1945,1912,1914.5,1876,1836.5,1860,1868.5,1880.5,1906,1906,1875,1789,1841,1855.5,1858,1865.5,1868,1873.5,1891.5,1942.5,1965,1950.5,1973,1981.5,1953,1918.5,1860,1888,1884,1932.5,1933,1953,1929,1952.5,1933,1965.5,1934,1930,1900.5,1857,1885,1873.5,1939.5,1961.5,1960.5,1955,1912,1914,1974,1895,1877,1870,1840,1843,1839,1870.5,1904,1927.5,1919,1941,1933.5,1944,1931,1950.5
8593,三菱ＨＣキャピタル,1407,1404,1458.5,1476.5,1484,1453,1444,1423.5,1432.5,1425.5,1400,1380,1406.5,1385.5,1369.5,1360.5,1362.5,1378.5,1379,1345,1346,1318.5,1301.5,1314,1310,1301,1293,1290,1289,1289,1300.5,1305,1318.5,1310,1326.5,1307,1303,1313.5,1267,1272,1254,1249,1239.5,1301.5,1300.5,1308,1305.5,1311,1333,1333,1337,1321.5,1410.5,1418,1430.5,1424,1401,1397.5,1393,1400,1412,1421.5,1398,1400.5,1399,1411,1432,1446,1460,1466,1462,1459.5,1456,1467
8604,野村ホールディングス,1493.5,1455.5,1483,1459,1545,1555,1597,1591.5,1591,1579.5,1515.5,1496.5,1581.5,1538.5,1542.5,1523,1500.5,1516,1504,1467,1452,1436,1420,1402,1396,1415.5,1400.5,1396,1401,1403,1397.5,1417,1428.5,1371.5,1399.5,1351,1333.5,1377,1328.5,1360.5,1336.5,1321.5,1285,1260.5,1237,1247.5,1264.5,1287,1263.5,1239.5,1256,1248,1256.5,1259,1242.5,1219,1210.5,1213.5,1224.5,1214,1236,1248,1227,1306,1315.5,1325,1334.5,1333.5,1329.5,1382,1351,1316.5,1295,1305
3861,王子ホールディングス,864.3,851,873.6,879.1,877.5,873.1,869.9,853,861,848.8,844,836.2,821,814.2,814.5,815,820.2,825,821.5,816,813.8,802.5,790.5,795.4,790.7,782.4,778.1,771.3,785,789.6,787.6,797.6,796.8,787.2,797.3,783.7,776.7,770.2,770.5,768.8,774,766.6,754.5,779.6,785.5,768.6,771,777.1,793.2,799,809.1,810,805.7,833.7,830.9,820,817.6,826.9,821.5,818.2,813.3,815.2,815.2,818.8,815,833.6,835.7,839.5,842.1,848,844.2,850,847.7,848.4
5947,リンナイ,3480,3517,3580,3722,3704,3660,3557,3528,3545,3566,3619,3613,3571,3570,3531,3543,3563,3621,3630,3589,3591,3554,3550,3536,3575,3553,3533,3464,3470,3423,3421,3420,3428,3392,3461,3483,3500,3522,3455,3450,3377,3326,3251,3393,3405,3403,3420,3475,3528,3522,3510,3427,3394,3322,3322,3211,3553,3574,3647,3553,3507,3536,3492,3481,3478,3479,3486,3518,3492,3523,3568,3557,3697,3720
8750,第一ライフグループ,1868.5,1835.5,1892.5,1872,1894.5,1894.5,1921.5,,1877.5,1860,1804,1775.5,1861.5,1810.5,1828,1845,1838,1850.5,1853.5,1840,1819,1804,1767,1743,1715,1708.5,1688,1722.5,1803.5,1790,1800,1786.5,1788.5,1756.5,1758.5,1734.5,1704,1726,1623,1657,1606,1626.5,1587,1605,1615,1648.5,1640,1625.5,1632,1619,1594.5,1594,1474,1479.5,1476,1471.5,1421.5,1416,1433,1408.5,1411,1395,1371,1396.5,1391,1424,1439,1446.5,1454,1490,1481,1476,1463,1482
3402,東レ,1127,1105,1135.5,1138.5,1140.5,1141,1160,1153.5,1170,1163.5,1153,1127.5,1156.5,1124,1128.5,1137,1139.5,1146,1140,1166.5,1139,1121,1113,1116,1124.5,1128.5,1152.5,1126,1136.5,1145,1154.5,1180,1170,1172,1188.5,1126,1097.5,1091.5,1081.5,1092,1100,1152,1107.5,1138,1116.5,1140.5,1099,1079.5,1084,1056,1071.5,1074.5,1142,1158,1102,1129.5,1119,1110.5,1118.5,1104,1101.5,1123,1094,1105,1100.5,1121,1145,1145.5,1153,1143,1143.5,1145,1150,1161
8306,三菱ＵＦＪフィナンシャルＧ,3444,3426,3523,3514,3560,3630,3760,3676,3625,3573,3473,3411,3642,3501,3486,3410,3381,3401,3426,3294,3298,3255,3215,3207,3180,3220,3211,3201,3265,3239,3258,3317,3260,3186,3225,3129,3080,3171,3135,3202,3081,3052,2972.5,2984,2964,3017,3043,3073,3067,3024,3026,2973,2877.5,2875,2863,2846,2801.5,2788,2817.5,2754,2785,2796.5,2715,2740,2728,2772,2830.5,2866,2847,2932,2865,2825,2829,2842
5401,日本製鉄,642.5,628.20000000000005,642.70000000000005,648.70000000000005,645.6,641,622.9,,598.29999999999995,590.9,586.29999999999995,579.4,569.5,559.29999999999995,553.1,549.9,552.1,554.20000000000005,555.6,552.29999999999995,546.9,530.5,531,536.1,541.6,539.5,545.29999999999995,544.6,550.1,558,558,558.29999999999995,556.6,564.5,556.4,540.1,531.1,535.4,533.29999999999995,543.5,537.9,538.1,536.4,565,559.6,556.4,550.4,547.29999999999995,542.5,539,547.29999999999995,548.79999999999995,550.20000000000005,553.4,555.20000000000005,553.4,559.79999999999995,568.1,577.70000000000005,566.29999999999995,570.70000000000005,571.1,568.6,571.29999999999995,577.6,586.79999999999995,592.20000000000005,595.5,590.6,594.79999999999995,595.1,592,592.79999999999995,597.29999999999995
8572,アコム,469.2,470.7,476.3,482.8,489.5,488,485,483.5,487.1,486.2,485.1,479.3,485.6,480.5,480.5,480,480.9,482.2,481,470.3,464.1,455.8,450.4,452.5,451.9,444,445.1,443.4,446.1,444.9,444.3,444.7,449,446.3,453.2,446.4,446.8,448.5,440.5,445,441.8,445.9,444.3,466.4,464.3,463.4,461.1,463.6,460.3,458.1,459.8,455.6,457,454.3,451.3,489.3,488,491.2,490.9,490.6,496.1,495.4,495.3,496,499.1,510.8,501.5,481.1,481.1,478.4,476.6,472.4,467.6,470
3941,レンゴー,1478,1462,1486.5,1501,1479.5,1498,1476,1440,1463,1451,1436.5,1415,1422.5,1399,1399,1402,1400.5,1401,1413.5,1410,1401,1396,1402,1397.5,1429.5,1408,1400,1393,1390,1398.5,1417.5,1403,1400,1400,1391,1374,1351,1386,1351,1383.5,1360.5,1394.5,1370,1422.5,1405.5,1400.5,1379.5,1390.5,1397.5,1376.5,1390.5,1372.5,1380,1251.5,1227.5,1214,1216.5,1223.5,1212.5,1204.5,1217,1252.5,1266,1263,1260.5,1290,1281.5,1252,1245.5,1255,1253.5,1258.5,1259,1264.5
5929,三和ホールディングス,3486,3464,3258,3889,3925,3875,3808,,3754,3748,3769,3712,3689,3672,3637,3656,3682,3682,3852,3833,3803,3742,3700,3768,3780,3711,3687,3632,3653,3655,3672,3709,3698,3642,3666,3599,3544,3577,3467,3502,3429,3306,3326,3512,3400,3307,3279,3258,3297,3265,3303,3315,3430,3445,3462,3508,3591,3599,3547,3529,3545,3625,3578,3578,3587,3624,3623,3615,3599,3632,3707,3677,3644,3660
8316,三井住友フィナンシャルＧ,6510,6420,6694,6666,6731,6923,7130,7055,6999,6972,6734,6576,6976,6843,6883,6772,6702,6785,6812,6632,6583,6469,6346,6329,6287,6311,6320,6338,6458,6456,6471,6573,6450,6363,6495,6309,6077,6207,6028,6213,6005,6012,5794,5819,5810,5933,5970,5978,6031,5842,5845,5703,5630,5644,5795,5676,5553,5498,5574,5431,5420,5437,5268,5298,5297,5388,5452,5568,5559,5660,5611,5522,5520,5536
5449,大阪製鐵,2334,2314,2424,2795,2722,2707,2629,2590,2588,2540,2563,2525,2471,2475,2511,2491,2442,2476,2390,2377,2345,2284,2255,2264,2342,2284,2284,2301,2330,2308,2293,2221,2238,2373,2363,2320,2284,2314,2245,2335,2280,2321,2307,2557,2557,2552,2381,2325,2308,2239,2245,2251,2318,2311,2288,2469,2505,2489,2518,2429,2443,2353,2306,2284,2297,2348,2384,2424,2383,2405,2435,2368,2364,2481
8766,東京海上ＨＤ,7693,7709,8033,8092,8196,8112,8073,7944,7921,7847,7640,7461,7734,7611,7450,7569,7648,7690,7716,7560,7546,7222,7074,7202,7077,6798,6847,6970,7288,7120,7186,7260,7252,7190,7210,7310,7326,7368,6952,6960,6891,7043,6976,7075,7141,7322,7306,7316,7623,7808,7795,7592,7512,7321,7145,7125,6950,7030,7166,7048,7125,7152,7081,7097,6934,7106,7159,7033,6839,6894,6822,6913,6996,7025
5201,ＡＧＣ,5581,5882,5980,5948,5951,6024,6144,6132,6282,6312,6110,5997,6417,6262,6293,6389,6422,6393,6475,6678,6715,6740,6851,6861,6851,7060,7221,7090,7250,7520,7561,7373,7190,7270,7156,6986,6636,6907,7130,7659,7659,7519,6990,6840,6772,7011,6480,6225,6067,5992,6177,5861,5923,6020,5929,5623,5573,5512,5550,5470,5559,5697,5577,5616,5546,5662,5739,5727,5669,5642,5585,5627,5682,5827
8630,ＳＯＭＰＯホールディングス,6763,6740,7060,7162,7234,7180,7062,6938,6866,6794,6720,6580,6613,6470,6468,6488,6544,6672,6642,6607,6584,6326,6214,6210,6107,6063,6050,6098,6320,6232,6292,6250,6194,6169,6150,6040,6112,6115,5880,5827,5736,5870,5868,5777,5813,5843,5523,5568,5562,6145,6286,6053,6007,5977,5965,5789,5670,5717,5774,5615,5676,5704,5620,5805,5734,5820,5870,5872,5898,5950,5884,5875,5878,5967
5901,東洋製罐グループＨＤ,3955,3956,3998,4097,4119,4104,4078,4021,4025,4064,4055,3986,3991,3981,3981,4026,4006,4090,4128,4110,4091,4060,4024,4057,4091,4073,4079,4038,4083,4076,3987,4050,3964,3958,3945,3861,3791,3804,3753,3741,3786,3750,3762,3870,3813,3885,3925,3961,4088,3952,3884,3740,3512,3393,3369,3357,3380,3531,3437,3305,3116,3150,3132,3175,3173,3288,3372,3335,3312,3409,3364,3331,3403,3471
9412,スカパーＪＳＡＴ,2141,2061,2066,2014,2007,2093,2171,2180,2240,2288,2243,2226,2417,2435,2452,2523,2529,2554,2551,2645,2645,2565,2529,2615,2469,2431,2592,2741,2859,3070,3135,3275,3295,3240,3195,3345,3085,3105,3350,3525,3290,3570,3595,4435,4265,4425,4365,4050,4090,3865,4035,3980,4085,4135,3835,3750,3705,3500,3470,3490,3330,3085,3060,3140,3100,3170,3260,3270,3215,3170,3125,3055,2980,3040
6203,豊和工業,1365,1350,1344,1296,1298,1362,1400,1420,1426,1421,1386,1372,1522,1532,1542,1573,1557,1584,1651,1641,1576,1500,1500,1485,1515,1558,1530,1547,1594,1610,1592,1635,1570,1480,1530,1500,1543,1625,1700,1688,1683,1820,1802,1704,1450,1340,1349,1327,1297,1262,1298,1272,1319,1380,1406,1450,1491,1441,1530,1503,1482,1496,1459,1457,1468,1417,1334,1357,1339,1336,1389,1445,1446,1468
4676,フジ・メディア・ＨＤ,3851,3856,3981,4136,4157,4131,4063,3975,4003,4038,4062,3989,4164,4132,4097,4080,4007,4065,4074,3985,3966,3967,3864,3821,3806,3835,3826,3796,3871,3976,3914,3960,3999,3952,4026,4014,4037,4092,4089,4033,3787,3793,3792,3703,3721,3639,3686,3799,3758,3767,3721,3615,3753,3728,3635,3861,3862,3874,3850,3826,3728,3868,3925,3932,3901,3867,3931,3831,3761,3718,4148,4171,4170,4244
1961,三機工業,2228,2182,2291,2127,2172,2329,2372,2350,2429,2475,2407,2426,2566,2452,2542,2645,2617,2640,2787,2796,2712,2764,2853,2958,3030,3080,3065,2979,3025,3020,3005,2719,2639,2556,2578,2453,2383,2450,2254,2287,2180,2116,2114,2235,2196,2227,2198,2170,2171,2221,2387,2388,2529,2486,2592,2636,2531,2474,2498,2352,2350,2264,2280,2266.6666,2216.6666,2320,2350,2326.6666,2356.6666,2360,2436.6666,2636.6666,2700,2680
3107,ダイワボウＨＤ,3542,3485,3538,3559,3602,3555,3515,3424,3439,3454,3416,3365,3377,3336,3326,3373,3390,3394,3447,3498,3469,3419,3408,3449,3412,3409,3347,3318,3320,3316,3311,3309,3325,3394,3412,3411,3392,3408,3461,3458,3451,3534,3500,3396,3346,3328,3329,3481,3523,3477,3489,3451,3381,3401,3386,3363,3372,3303,3211,3136,3149,3181,3122,3091,3064,3060,3083,3109,3163,3165,3150,3127,3071,3098
4045,東亞合成,1808.5,1787.5,1755,1768,1772.5,1780.5,1775,1743,1761.5,1757,1729,1702,1739.5,1709,1702.5,1723.5,1735,1737,1755,1768,1745,1740.5,1734.5,1736,1731.5,1764,1777.5,1727,1740.5,1759,1755,1763,1749,1745.5,1750,1722,1683,1688.5,1700,1728,1729.5,1738,1705.5,1748,1725,1722,1720,1705,1698.5,1681,1717,1734.5,1733,1747,1723.5,1718,1715,1707,1724.5,1690,1666,1663.5,1708,1743.5,1751,1748.5,1790,1783.5,1796,1783,1782.5,1772.5,1770.5,1780.5
5857,ＡＲＥホールディングス,3025,2964,3015,2965,2947,3005,3075,3060,3100,3035,2946,2863,3030,2949,2938,2930,2924,2967,3000,3055,2951,2921,2907,2907,2880,2838,2860,3060,3100,3190,3150,3175,3190,3155,3135,2947,2865,2982,3010,3150,3130,3230,3085,3260,3185,3305,3445,3430,3420,3420,3660,3695,3840,3860,3835,3855,3845,3880,3690,3485,3470,3610,3555,3625,3640,3755,3925,3720,3775,3735,3730,3710,3650,3670
8281,ゼビオホールディングス,1074,1078,1096,1115,1116,1107,1103,,1091,1092,1107,1099,1093,1085,1078,1085,1093,1107,1103,1080,1068,1063,1042,1052,1060,1059,1035,1025,1018,1024,1035,1038,1050,1044,1061,1052,1048,1036,1020,1018,999,1006,1013,1058,1040,1029,1029,1041,1044,1035,1021,990,960,954,957,954,959,962,951,984,986,990,987,991,997,1006,1020,1020,1015,1015,1013,1004,1001,1008
4540,ツムラ,3751,3730,3817,3904,3926,3906,3810,3777,3792,3843,3871,3814,3848,3824,3810,3775,3765,3786,3775,3756,3745,3711,3696,3698,3700,3701,3697,3723,3710,3709,3712,3713,3703,3687,3716,3715,3727,3700,3661,3670,3705,3672,3677,3784,3736,3723,3720,3796,3895,3898,3821,3780,3750,3668,3536,3513,3557,3569,3591,3615,3628,3630,3679,3659,3667,3664,3715,3742,3748,3753,3750,3735,3752,3778
9984,ソフトバンクグループ,5118,5060,5228,4500,4580,4982,5219,5411,5687,5690,5364,5191,6311,6018,6231,6004,5724,5567,5691,5866,5831,5741,5975,5711,5828,6114,6401,6356,6500,7104,7087,7051,6730,6854,7010,6373,5977,6315,6641,7105,7363,8180,8261,7321,6861,7262,6642,6614,5700,4880,5278,5430,5686,5714,5781,5812,5700,6008,5887,5249,4956,5227,5800,5743,5664,5114,4892,4556,4493,4437,4346,3903,3648,3711
4063,信越化学,5850,5674,5800,5696,5636,5846,6137,6603,6943,7072,7086,6984,7482,7256,7309,7216,6890,6920,7115,7050,6789,6992,6975,6932,6733,6835,7074,6955,7216,7139,7294,7407,7372,7435,7393,7025,6473,6570,6783,7233,7492,7526,7194,7451,7233,7219,6996,6834,6857,6766,6928,6945,7040,7363,7334,7455,7509,7451,7509,7054,7076,6940,6780,6722,6584,6634,6733,6730,6772,6654,6725,6573,6552,6490
4536,参天製薬,1826.5,1844,1858.5,1933.5,1968,1952,1951,,1950.5,1987,2014,2018,2095,2115.5,2122.5,2120,2160.5,2145,2218.5,2211,2195,2134,2100,2123.5,2133,2114.5,2042,1952.5,1901,1855,1835,1878,1863.5,1883,1899,1882.5,1916.5,1942,1936,1903,1856,1829,1841,1887,1879,1882,1919.5,1875,1872,1890.5,1799,1820,1829,1791,1652.5,1561.5,1602.5,1588,1622,1611,1595.5,1631,1643,1664.5,1649,1679.5,1712.5,1747,1772,1772.5,1790.5,1789,1803,1826.5
6503,三菱電機,5500,5357,5531,5071,5050,5291,5552,5586,5673,5629,5306,5203,5609,5512,5598,5800,5722,5699,5896,5938,5795,5845,5888,5782,5724,5790,5927,5882,6087,6065,6023,6040,5790,5820,5676,5455,5225,5471,5490,5797,5908,6030,5867,6290,6320,6488,6392,6080,5957,5623,6018,6200,6296,6382,6296,6373,6382,6401,6349,6061,6115,5955,5943,5814,5739,5845,6028,5866,5799,5878,5777,5835,5704,5664
4980,デクセリアルズ,3353,3246,3265,3100,3088,3344,3494,3484,3680,3679,3465,3402,3870,3788,3891,4139,3982,3887,4013,4176,3971,4025,4185,4178,4160,4354,4850,4817,4819,4872,4683,4582,4361,4280,4122,3950,3567,3653,3886,4217,4232,4448,4300,3965,3913,3965,4126,4081,3795,3512,3750,4056,3849,3149,2573.5,2656,2697,2601,2555,2435,2436.5,2452,2463,2415.5,2359.5,2443.5,2413,2436,2392.5,2383,2355,2352.5,2302,2348
9424,日本通信,114,113,112,111,112,112,110,,111,112,113,112,115,115,113,109,109,110,111,109,107,105,104,106,107,106,106,106,106,112,113,113,113,112,111,111,111,112,111,114,113,113,111,113,113,113,120,121,120,121,122,121,124,124,125,126,126,123,124,124,123,123,124,125,124,128,129,128,130,131,126,125,124,126
3854,アイル,2199,2208,2250,2306,2303,2286,2244,2215,2250,2277,2327,2343,2366,2375,2403,2412,2436,2463,2339,2317,2256,2208,2197,2199,2154,2120,2123,2156,2150,2171,2155,2172,2159,2160,2198,2210,2250,2390,2414,2490,2460,2600,2551,2551,2516,2471,2496,2476,2446,2425,2405,2384,2325,2307,2363,2368,2391,2371,2360,2334,2370,2384,2382,2395,2412,2427,2436,2420,2395,2381,2398,2371,2320,2341
6027,弁護士ドットコム,2255,2277,2291,2253,2211,2268,2204,2169,2203,2286,2307,2356,2360,2350,2351,2372,2340,2411,2406,2370,2370,2362,2293,2205,2057,2000,1998,2062,2086,2180,2115,2120,2097,2083,2080,2105,2104,2143,2200,2249,2212,2235,2305,2406,2394,2430,2486,2539,2554,2562,2733,2667,2623,2598,2643,2657,2731,2646,2550,2470,2461,2412,2410,2500,2560,2580,2557,2558,2570,2635,2609,2573,2480,2565
7806,ＭＴＧ,7400,7350,7170,7140,7110,7510,7480,7600,7560,7670,7420,7310,7230,7230,7230,7320,7460,7860,8060,8030,7960,7530,7340,7370,7200,7190,7410,7270,7320,7540,7560,7370,7150,7030,6940,6970,6800,6930,6680,6750,6650,7000,6880,7310,7000,6970,6260,6150,6300,6340,6210,6240,6620,6760,6540,6080,6280,6160,6050,5800,5720,5910,5960,6220,6350,6450,6470,6520,6430,6330,6280,6190,5900,5950
9202,ＡＮＡホールディングス,3078,3058,3087,3098,3111,3080,2991.5,2883,2978.5,2994,3025,2995,2998,3009,2991,3002,3038,3090,3140,3112,3107,3030,2933.5,2958.5,2984.5,2981,2986.5,2910,2916,2900.5,2943,2979,3026,2988,2920,2810,2780.5,2788,2783.5,2818,2795.5,2797,2844,2920.5,2871,2858.5,2804.5,2770.5,2762,2700,2727,2717,2731.5,2763,2765.5,2772,2805,2828.5,2734.5,2623,2582,2603,2666,2690,2713,2814.5,2852.5,2845,2820,2858.5,2847.5,2845.5,2844.5,2882
2802,味の素,4836,4791,4927,4721,4760,4840,5025,4978,5085,5248,5215,5114,5536,5515,5575,5633,5715,5683,5810,6046,5947,6015,6003,5778,5667,5657,5621,5400,5652,5719,5726,5379,5084,4979,5052,5095,4845,4674,4674,4936,5095,5147,5144,5101,5110,5261,5195,5183,5021,5006,5165,5103,5252,5521,5338,5425,5088,4712,4739,4792,4906,4750,4726,4699,4565,4621,4600,4582,4574,4623,4636,4596,4565,4652
7203,トヨタ自動車,2871,2885.5,3021,3106,3059,2934.5,2915,2877.5,2913.5,2897.5,2893.5,2857,2837,2815.5,2794,2817.5,2817,2884,2925,2839,2813,2750,2715,2708,2745,2696.5,2689,2686,2706,2741.5,2755,2774.5,2803.5,2826.5,2830,2756.5,2718.5,2787.5,2795.5,2837,2835,2833,2805,3022,3023,2998.5,3006,2975.5,2961,2942,2931,2940,2987.5,2943,2879,2820,2798,2874,2978,2971,2997,3079,3057,3062,3111,3191,3280,3380,3343,3392,3344,3288,3280,3295
6954,ファナック,6001,5808,6959,6360,6223,6321,6641,6577,6861,6856,6473,6394,6792,6674,6856,7037,6765,6700,7048,7318,6994,7082,7363,7170,6853,6995,7279,7261,7457,7705,7364,7538,7223,7275,7047,6914,6290,6674,6974,7441,7645,7665,7453,7892,7841,8154,8300,8013,7469,7279,7620,7933,8085,8036,7501,7570,7380,7093,7076,6693,6690,6937,6715,6158,6227,6415,6427,6229,6210,6138,6092,6201,6092,5950
6479,ミネベアミツミ,3752,3620,3687,3435,3429,3646,3814,3835,3959,3933,3787,3682,4120,4047,4153,4353,4307,4240,4322,4477,4588,4665,4787,4710,4628,4789,5045,4842,4928,4757,4547,4584,4553,4516,4392,4211,4090,4367,4480,4768,4791,4766,4452,4433,4152,4211,4002,3932,3731,3682,3791,3799,3904,3912,3610,3487,3323,3252,3129,3071,3073,3037,3062,3046,2993,3063,3084,3025,2949.5,2906,2835,2849,2812,2730
1833,奥村組,5710,5680,5750,5730,5710,5780,5780,,5680,5660,5600,5530,5610,5590,5560,5640,5670,5680,5770,5690,5670,5650,5610,5620,5640,5570,5580,5620,5600,5610,5670,5740,5700,5680,5730,5600,5470,5500,5430,5530,5460,5500,5420,5510,5490,5510,5490,5450,5560,5520,5680,5550,5870,5980,6140,6200,6030,6010,6160,6100,6020,6000,5880,5960,5900,6010,6100,6080,6110,6190,6230,6230,6190,6280
6841,横河電機,5653,5570,5580,5481,5472,5628,5881,5680,5720,5678,5496,5326,5519,5387,5535,5440,5401,5431,5637,5806,5530,5449,5646,5532,5420,5443,5480,5445,5535,5412,5374,5380,5150,5131,5044,4848,4584,4735,4890,5169,5274,5195,5053,4877,4832,4899,4895,4820,4669,4607,4760,4820,4937,5093,5112,5116,5175,5058,5528,5376,5376,5374,5247,5214,5218,5436,5509,5415,5371,5399,5375,5597,5526,5609
7167,めぶきフィナンシャルＧ,1470,1432,1460.5,1451.5,1459.5,1509,1525,1484,1486.5,1478,1430,1408,1507,1496,1527,1536.5,1536,1529.5,1527,1487.5,1483,1447.5,1413,1412,1395.5,1389,1380.5,1375,1410,1388.5,1403.5,1407.5,1388.5,1381,1413.5,1386,1348.5,1368.5,1325.5,1353.5,1285.5,1309,1255,1328,1338.5,1354,1378.5,1389.5,1405.5,1367,1357.5,1350.5,1360.5,1353,1336.5,1332.5,1300,1279,1320,1277,1269,1242,1192,1210,1215.5,1237.5,1281.5,1317,1339,1355,1350.5,1333.5,1331.5,1352
1925,大和ハウス,4528,4554,4665,4783,4789,4723,4601,4520,4537,4555,4599,4582,4577,4530,4481,4493,4487,4545,4546,4491,4480,4400,4366,4417,4407,4340,4340,4287,4275,4226,4319,4319,4358,4304,4349,4285,4272,4297,4180,4191,4208,4164,4081,4334,4374,4394,4405,4407,4453,4480,4501,4462,4509,4475,4754,4749,4744,4744,4747,4746,4730,4783,4740,4777,4811,4818,4896,4856,4852,4905,4880,4876,4904,4973
5411,ＪＦＥホールディングス,1766.5,1745,1802,1815.5,1794.5,1757,1750,1705.5,1699,1709.5,1711.5,1684.5,1663.5,1633,1616.5,1609,1615.5,1638.5,1643,1611.5,1585,1554.5,1546,1544.5,1547,1535,1546,1554.5,1561.5,1592,1613.5,1622,1630.5,1641.5,1624.5,1590,1556,1557.5,1573.5,1599,1587,1591.5,1596,1683,1663.5,1650.5,1626,1634.5,1645.5,1630.5,1658,1649,1664,1688.5,1694.5,1670.5,1676,1695,1712.5,1701,1685.5,1675,1667,1679.5,1691,1715,1747.5,1771.5,1795.5,1821,1818,1815.5,1835,1858.5
7182,ゆうちょ銀行,3066,2978,3066,3107,3134,3256,3364,3383,3386,3364,3145,3096,3288,3251,3281,3254,3270,3272,3303,3194,3156,3114,3074,3063,3031,3046,3042,3072,3210,3183,3186,3215,3125,3110,3198,3152,3060,3164,3049,3145,3104,3108,2952.5,2968,2901,2968,3061,3104,3140,3021,2991.5,2859,2766.5,2816,2812.5,2802,2735,2700.5,2730.5,2620,2613.5,2546.5,2461.5,2460.5,2513,2538.5,2600,2697.5,2731.5,2772.5,2753.5,2701,2685.5,2698.5
1963,日揮ホールディングス,2244,2193,2237,2200,2184,2274.5,2285,,2288.5,2275.5,2199,2149,2295,2261.5,2296.5,2315.5,2313.5,2342,2474,2519,2442.5,2470.5,2468,2485,2524,2494,2538.5,2530,2609,2597.5,2679,2764,2673.5,2622.5,2659.5,2512,2416.5,2495,2525.5,2589,2580.5,2615,2560,2636.5,2623,2712,2767,2683,2613.5,2597.5,2591,2512.5,2614,2380,2343.5,2406,2392.5,2436,2399,2342,2363,2368,2276,2331.5,2264,2313,2376.5,2423.5,2506,2497,2569,2604.5,2688.5,2758
2914,日本たばこ産業,6819,6870,7000,6619,6630,6550,6466,6362,6368,6325,6315,6240,6085,6115,6049,6105,6124,6166,6105,6063,6046,5996,5964,5968,5941,5946,5923,5918,5893,5941,6021,6046,6071,6040,6063,6177,6222,6101,6002,5971,6025,6083,6022,6088,6090,6062,6060,6126,6233,6308,6325,6313,6236,6172,6056,6044,5990,5769,5831,5795,5751,5696,5735,5822,5695,5646,5757,5790,5800,5826,5867,5874,5935,5971
3003,ヒューリック,1703.5,1704,1753.5,1819,1841,1793,1779,1759,1770,1795,1815.5,1783,1781.5,1753,1755.5,1744,1746.5,1779.5,1755,1737.5,1726.5,1688,1657.5,1694.5,1692,1699.5,1690.5,1687.5,1670,1672.5,1689,1695,1702.5,1698.5,1733,1711,1715.5,1689.5,1654,1647.5,1630,1643,1620.5,1671,1655,1662.5,1653,1641,1732.5,1716,1730,1712.5,1742,1744,1795,1790,1782.5,1785,1788,1763,1762.5,1777,1742.5,1810.5,1810.5,1818,1862.5,1890.5,1883.5,1888,1891,1882,1869,1877
5892,ＹＵＴＯＲＩ,2112,2060,2062,2023,2002,2001,1974,1904,1947,1975,2012,1974,2046,2010,2033,2038,2031,2040,2077,2080,2055,2024,2004,2000,2010,1946,1982,1969,1998,2021,2002,2072,2046,1935,1925,1979,2081,2162,2183,2229,2105,2081,2100,2268,2268,2373,2340,2371,2425,2505,2557,2447,2384,1946,1936,1863,1923,1951,1939,1947,1902,1991,2040,2049,2057,2149,2180,2167,2186,2185,2189,2213,2155,2135
6323,ローツェ,4030,3838,3754,3320,3331,3812,4251,4395,4587,4496,4200,4200,4501,4275,4575,4593,4471,4203,4363,4622,4331,4637,4967,4539,4317,4484,4624,4355,4580,4900,4790,4535,4305,4375,4286,4060,3659,3788,3807,4002,4213,3959,3616,3843,3742,3854,3982,3755,3604,3421,3538,3633,3688,3995,3882,3971,3952,3857,3896,3695,3643,3820,3868,3556,3491,3523,3582,3624,3615,3697,3759,3895,3841,3666
6501,日立,5312,5167,5170,4990,4885,4797,4910,4795,4813,4762,4675,4616,4651,4714,4686,4686,4703,4769,4790,4682,4571,4520,4476,4422,4435,4478,4554,4632,4750,4702,4690,4680,4670,4646,4703,4585,4579,4782,4968,5141,5131,5129,4987,5166,4962,4955,5000,4995,4882,4814,4863,4723,4683,4646,4702,4812,4795,4806,4850,4775,4828,4990,5258,5095,5130,5034,5097,5117,5109,5157,5025,4855,4826,4770
6134,ＦＵＪＩ,7955,7056,7013,6340,6234,6692,7311,7293,7511,7404,7110,6933,7696,7412,7764,8020,7661,7511,7771,8457,8081,8303,8649,8021,7623,7867,8343,8034,8142,8420,8379,8287,8162,8135,7827,7530,6890,7180,6879,7462,7509,7788,7637,7938,7568,7760,7980,7652,7550,7051,7385,7735,7694,7001,6712,6751,6559,6227,6188,6000,5867,5970,5875,5739,5659,5893,5851,5698,5625,5721,5678,5618,5416,5390
7746,岡本硝子,719,709,705,704,701,735,754,751,758,755,730,731,788,778,773,762,757,785,820,837,826,852,870,904,856,758,755,753,768,786,786,815,811,718,737,702,660,680,722,751,755,763,760,818,817,850,880,877,920,958,925,829,746,760,761,758,820,840,833,805,850,920,917,955,976,985,983,949,938,958,969,972,952,1010
3407,旭化成,1558.5,1618.5,1710,1785.5,1794,1800,1844.5,1837.5,1846,1852.5,1827,1804,1868,1813.5,1815.5,1831.5,1831.5,1832,1867.5,1850.5,1775,1761.5,1765,1776,1782.5,1779,1788.5,1750.5,1778.5,1795.5,1785,1774,1750,1730,1756,1770,1707.5,1732,1727,1762.5,1745,1743,1700.5,1765,1707,1742.5,1741,1695.5,1680.5,1671.5,1678.5,1667,1705.5,1708,1645.5,1541,1516.5,1506.5,1537,1503.5,1508.5,1527,1505,1508,1488,1528,1558.5,1556.5,1591,1560,1540.5,1564,1601,1634
4008,住友精化,1215,1199,1218,1206,1195,1227,1277,,1287,1291,1267,1242,1293,1263,1259,1265,1275,1287,1307,1343,1307,1295,1275,1258,1263,1281,1278,1256,1289,1325,1302,1312,1317,1313,1305,1277,1226,1250,1236,1265,1270,1297,1233,1320,1297,1260,1265,1240,1231,1201,1218,1237,1228,1229,1201,1151,1204,1189,1206,1182,1183,1191,1184,1193,1181,1196,1239,1267,1264,1274,1277,1257,1244,1251
4062,イビデン,15735,15165,16650,13095,12980,14470,16420,16825,17790,17965,15930,14860,17805,17030,18145,19945,19180,18635,19670,20915,20900,22955,25125,23315,22055,23975,24625,23860,24375,24205,24545,23850,21860,22250,20565,18905,16505,17110,16120,17950,19965,21125,20265,19505,19135,20110,19535,17960,16975,14650,15005,14970,15280,16625,15865,15235,15200,14820,14805,13035,13070,12355,12200,12090,10870,10395,9769,9068,9228,9401,9215,9672,9252,9772
4182,三菱瓦斯化学,4190,4084,4185,3711,3744,3973,4251,4349,4530,4525,4280,4168,4640,4433,4496,4660,4600,4544,4626,4757,4660,4822,5071,4978,4898,5021,5224,5159,5325,5418,5358,5222,4945,5012,4961,4744,4200,4406,4640,4916,5203,5325,5119,5450,5212,5283,5217,4946,4742,4389,4466,4443,4594,4799,4650,4795,4590,4477,4445,4296,4335,4320,4251,4351,4212,4268,4279,4231,4166,4156,4119,4190,4083,4160
4188,三菱ケミカルグループ,1104.5,1100.5,1101.5,1129,1129,1159.5,1197.5,,1201.5,1191.5,1180,1144.5,1203,1163,1156,1156.5,1155,1160.5,1181,1172.5,1126.5,1104,1109,1102.5,1105.5,1071,1088.5,1062.5,1081,1090.5,1089.5,1120,1093,1103,1120,1055.5,999,1010,1020,1052,1080,1078.5,1056.5,1117.5,1077.5,1109.5,1041.5,1004,999.2,986.9,1005,991.8,985.9,1000.5,928.6,919.4,910.1,902,913.8,896.2,898.1,910.6,899.4,909.6,901.6,937,965,960.3,983.5,992.8,991,963.9,964,982.8
4523,エーザイ,4566,4538,4805,4897,4846,4750,4636,4563,4515,4440,4452,4379,4238,4310,4222,4252,4263,4295,4269,4280,4242,4114,4050,4110,4006,3940,3881,3876,3894,3822,3872,3881,3813,3719,3779,3725,3660,3706,3772,3767,3785,3719,3737,3901,3901,3973,4120,4157,4206,4231,4426,4351,4615,4664,4653,4639,4511,4638,4640,4600,4583,4539,4554,4715,4729,4825,4808,4863,4891,5020,4890,4850,4935,5016
4528,小野薬品,2290,2287,2324,2404,2426.5,2408.5,2406,,2378,2384,2394.5,2354,2364.5,2389,2386,2422,2434.5,2449,2423,2425.5,2408.5,2352,2336,2379,2377,2326,2337.5,2323,2321,2318.5,2208,2248,2240,2245.5,2263.5,2187.5,2186.5,2189,2221,2186.5,2157,2114.5,2207,2385,2362,2270.5,2428.5,2466.5,2443.5,2415,2393.5,2432.5,2518,2508.5,2489.5,2454.5,2420.5,2251,2292.5,2268.5,2260,2272,2294,2316,2281,2304.5,2356.5,2398.5,2399,2444,2435.5,2470,2492,2507
4661,オリエンタルランド,2933,3015,2991,2908,2876,2843.5,2708,,2606.5,2582,2721,2709.5,2612.5,2672.5,2597,2581.5,2546,2584.5,2537.5,2502,2538,2455.5,2405.5,2462,2405,2376,2347,2358,2301,2308.5,2277.5,2244,2260.5,2242,2220,2239.5,2284,2211.5,2189,2180.5,2171.5,2139,2173.5,2257,2213.5,2116,2103,2111,2141.5,2199,2141.5,2115.5,2128,2131,2159,2168,2162,2223,2144,2191,2188,2395,2378,2390,2481.5,2577.5,2613,2640,2615,2638.5,2556.5,2548,2579,2584
5803,フジクラ,4268,4008,4130,3690,3665,4013,4233,4511,4652,4741,4472,4280,4834,4564,4915,5095,4904,4816,5050,5221,5006,5361,5802,6039,5611,6066,6302,6138,6314,6161,5161,4461,4562,4308,4301,4136,3888,4118,4337,4523,4610,4745,4351,4668,4803,5035,5151,4558,4315,4156,4660,5580,5725,6355,7303,7085,6634,6262,6225,5803,5916,6120,5993,5894,5780,5688,5574,5523,5756,5550,5625,5782,5647,5173
6178,日本郵政,2306.5,2267.5,2375,2401.5,2448.5,2448,2495.5,2426,2435,2400.5,2334.5,2313.5,2367.5,2321,2324,2218,2338.5,2338.5,2331,2275,2250.5,2196,2157,2148,2129.5,2148,2170,2212,2207,2194.5,2201,2203.5,2196.5,2213.5,2280,2257,2182.5,2189.5,2095.5,2106,2078.5,2062.5,1992.5,2037,1995,2051,2056.5,2088.5,2097,2068,2051,1986.5,1935.5,1929,1895,1869.5,1844,1824,1829.5,1789,1787.5,1766.5,1740,1761.5,1752.5,1788.5,1812.5,1858.5,1869,1880,1850,1836,1825,1852
6925,ウシオ電機,3844,3720,3744,3516,3513,3792,4067,4086,4209,4094,3822,3729,4126,4005,4151,4363,4195,4130,4335,4476,4438,4610,4817,4286,4181,4287,4458,4351,4523,4652,4608,4630,4405,4235,4145,3960,3771,3917,3883,4160,4036,4048,3914,4133,4016,4143,4084,4027,3812,3756,3889,4154,4239,3410,3415,3436,3370,3326,3199,3095,3080,3071,3136,3192,3098,3152,3191,3120,3133,3294,3282,3251,3216,3207
7021,ニッチツ,2030,1991,1950,1970,1977,1955,1936,1901,1890,1851,1867,1840,1836,1849,1825,1825,1825,1813,1821,1808,1788,1791,1785,1785,1775,1775,1771,1770,1761,1760,1753,1751,1800,1780,1780,1764,1746,1800,1763,1759,1749,1754,1800,1854,1854,1835,1805,1797,1809,1812,1878,1877,1971,2155,2118,2151,2121,2101,2142,2129,2151,2127,2212,2251,2249,2289,2312,2308,2313,2334,2335,2306,2314,2298
7729,東京精密,16950,16670,16560,14715,14390,15965,17315,17275,18390,18195,16770,16420,18325,17610,18625,18350,17595,17095,17720,18300,18050,19110,20520,19300,18370,18840,19365,18355,18900,19935,19900,19785,18485,19190,19085,18300,16235,16925,15850,17290,17310,16975,16240,17190,17135,17665,17580,16555,16235,15260,15475,16075,16425,17560,18510,18710,18780,17740,18255,17130,17095,17140,17225,16905,16745,16460,16270,16205,16400,16510,16300,15905,15415,15605
8424,芙蓉総合リース,4362,4390,4445,4464,4498,4482,4463,4372,4403,4402,4354,4312,4346,4289,4262,4256,4228,4260,4260,4188,4188,4174,4162,4220,4208,4215,4194,4175,4167,4205,4199,4228,4236,4236,4295,4228,4263,4253,4101,4072,4060,4036,4016,4154,4158,4151,4205,4255,4351,4310,4324,4304,4342,4308,4303,4270,4267,4251,4300,4245,4298,4261,4234,4237,4217,4239,4258,4303,4326,4329,4311,4302,4314,4338
9020,東日本旅客鉄道,3382,3407,3650,3780,3802,3754,3639,3548,3550,3555,3631,3593,3531,3558,3469,3457,3474,3536,3489,3460,3451,3338,3295,3408,3400,3338,3332,3352,3306,3314,3320,3313,3336,3356,3362,3389,3414,3373,3345,3279,3243,3262,3292,3412,3444,3458,3518,3603,3692,3729,3730,3682,3657,3661,3744,3588,3611,3600,3567,3602,3277,3415,3391,3418,3476,3511,3487,3491,3475,3525,3525,3505,3559,3545
9069,センコーグループＨＬＤＧＳ,2184.5,2172,2193,2214,2196.5,2195.5,2179.5,2141,2160,2187,2201,2132,2114,2101,2064,2032,2018,2004,1986,1976.5,1952.5,1903,1899,1927,1922,1898.5,1884,1865.5,1889.5,1878.5,1872,1888.5,1898,1932.5,1933.5,1908,1896.5,1940,1900,1897.5,1880.5,1873,1860,1902.5,1892.5,1897.5,1922,1938.5,1992.5,1987.5,2004,1979,1986.5,1901,1829.5,1808,1847.5,1847,1812,1824.5,1834,1834.5,1802.5,1847,1863,1882.5,1900,1891,1884.5,1888.5,1887,1870.5,1863,1867.5
9227,マイクロ波化学,846,818,837,864,841,787,787,,801,810,773,753,827,825,827,860,861,904,933,930,920,922,912,884,871,874,884,883,892,890,884,870,868,862,882,851,834,851,882,885,878,903,890,1025,1087,1133,1093,943,767,750,797,797,809,791,840,960,980,987,1004,1018,1018,1030,1030,1062,1082,1125,1166,1098,1019,1028,995,988,939,945
9348,ｉｓｐａｃｅ,404,398,404,404,397,405,411,,412,412,407,406,438,435,440,445,508,426,440,446,437,433,435,439,431,428,433,433,433,450,434,465,468,466,495,543,555,568,576,585,554,562,561,651,600,590,563,510,493,493,507,485,498,493,484,488,507,482,471,463,463,463,461,471,469,484,475,493,492,487,498,492,492,459
9449,ＧＭＯインターネットグループ,4132,4032,4096,4154,4120,4081,3987,3860,3896,3916,4023,4003,3951,3912,3870,3800,3731,3741,3651,3586,3571,3443,3343,3339,3312,3200,3205,3183,3242,3407,2974,3057,3063,3042,3080,3053,3105,3132,3120,3212,3221,3141,3304,3285,3242,3294,3310,3293,3260,3294,3264,3217,3051,3067,3115,3109,3150,3075,3034,3012,3012,3097,3072,3101,3168,3261,3222,3219,3230,3185,3037,3011,2927,2955
9501,東京電力ＨＤ,517.5,485.8,520,498.4,521.9,514.79999999999995,522.29999999999995,508.1,505.5,492.6,497.1,490.1,499.7,484,477.5,472,462.3,459.8,456,465.5,458.4,450.5,442.8,458.3,458.3,450.9,466.7,450.4,462,473,505.6,499.5,507.4,512.20000000000005,521.29999999999995,495.1,489.4,506.3,518.4,527,536,563.70000000000005,539.20000000000005,553,551.5,567,551,548.1,550.79999999999995,543.4,569.6,556.70000000000005,588.70000000000005,608.9,608.79999999999995,642,631.29999999999995,616.70000000000005,602.4,581.1,586.4,581.5,578.9,577,584.70000000000005,588.70000000000005,600.9,609.4,624,620.70000000000005,628,643.4,637.9,663.5
9531,東京瓦斯,6038,6007,6059,6150,6190,6182,6175,6108,6126,6089,6095,6035,6025,5973,5905,5952,6068,6092,6070,6028,6021,5977,5896,6102,6066,5968,6010,6089,6095,6157,6077,6141,6138,6178,6241,6268,6286,6273,6100,6163,6171,6246,6033,6196,6258,6406,6396,6501,6618,6401,6663,6480,6607,6517,6573,6623,6550,6530,6615,6419,6552,6543,6372,6392,6360,6460,6559,6627,6913,6972,6918,6920,7054,7225
9882,イエローハット,1716,1706,1800,1868,1846,1829,1795,1765,1782,1795,1816,1807,1809,1805,1806,1814,1822,1820,1814,1770,1769,1741,1737,1742,1765,1745,1748,1731,1735,1737,1740,1738,1735,1711,1731,1721,1698,1700,1663,1655,1643,1618,1601,1625,1622,1613,1605,1612,1622,1608,1625,1611,1595,1585,1613,1633,1622,1487,1502,1503,1502,1504,1504,1506,1509,1538,1561,1555,1554,1549,1553,1561,1565,1590
5838,楽天銀行,5314,5192,5268,5238,5418,5440,5543,5550,5544,5270,5269,5173,5637,5734,5670,5731,5691,5697,5519,5314,5290,5123,5083,5109,5032,4980,4961,4995,5020,4998,5084,5145,5158,5102,5085,5051,4938,4688,4764,4903,4742,4500,4390,4653,4751,4782,4821,4779,5480,6463,6611,6234,5902,5998,5997,6198,6193,6128,6191,6183,6195,6136,6062,6110,6040,6061,6411,6488,6552,6656,6724,6731,6621,6662
5844,京都フィナンシャルＧ,4482,4375,4430,4402,4439,4578,4572,4583,4562,4509,4397,4300,4697,4645,4651,4643,4715,4717,4719,4641,4626,4573,4525,4465,4411,4446,4473,4529,4628,4791,4661,4600,4519,4375,4485,4456,4390,4485,4511,4580,4268,4271,4193,4312,4386,4437,4489,4430,4443,4344,4366,4282,4231,4380,4393,4381,4341,4338,4396,4285,4251,4218,4143,4227,4126,4258,4305,4292,4361,4392,4350,4315,4295,4330
9404,日本テレビＨＬＤＳ,2768,2804,2890.5,2988,2981,2925,2861.5,2785.5,2793,2832,2869,2876,2854,2875.5,2865,2870,2885,2914,2890,2856,2844,2839,2775.5,2751.5,2695,2652,2697.5,2705,2683,2745.5,2770,2816,2834,2812,2816.5,2806.5,2858,2857.5,2811.5,2780.5,2749.5,2716,2782,2836,2838.5,2829,2825.5,2874,2917.5,2909.5,2873.5,2860,2790,2880.5,2934,2922.5,2924,2951.5,2971.5,2936,2935.5,3000,2975.5,2954,2990.5,3057,3111,3150,3155,3136,3152,3128,3098,3109
6744,能美防災,4435,4370,4340,4310,4355,4320,4320,,4235,4265,4205,4050,4250,4230,4210,4260,4280,4265,4375,4360,4235,4095,4080,4090,4090,4075,4135,4160,4165,4205,4195,4200,4155,4180,4195,4185,4165,4260,4310,4490,4480,4505,4540,4780,4695,4770,4700,4575,4575,4505,4635,4640,4620,4330,4220,4250,4320,4275,4255,4090,4005,3970,3855,3885,3930,4010,4035,4050,4080,4215,4260,4360,4365,4375
7685,ＢＵＹＳＥＬＬＴＥＣＨ,2954,2910,2910,2926,2996,3050,3015,,3085,3190,2980,3350,3450,3485,3505,3450,3560,3540,3405,3400,3450,3335,3265,3225,3310,3250,3400,3570,3515,3410,3430,3480,3500,3570,3500,3680,3680,3650,3530,3705,3670,3855,3815,3990,3785,3790,3700,3570,3605,3725,3330,3300,3300,3300,2960,3075,3295,3195,3075,3160,3210,3100,3070,3105,3230,3240,3370,3320,3510,3605,3565,3445,3390,3370
8334,群馬銀行,2481.5,2440,2462,2442.5,2460.5,2571,2616,2544.5,2565,2543.5,2447,2407,2572,2513,2497,2478.5,2469,2442,2436,2408,2400,2377,2336.5,2324,2314,2313.5,2289.5,2276,2307,2285,2271,2304.5,2307,2285,2358,2323.5,2269.5,2302,2227,2254,2151,2166.5,2093,2207,2190.5,2231,2272,2295,2337,2267,2274.5,2205,2178,2174,2169,2171.5,2169,2120.5,2189.5,2102,2113.5,2052,1970,2005,2014.5,2046.5,2113,2180,2214,2250,2246,2225,2245.5,2266
8359,八十二長野銀行,2462,2397.5,2476.5,2469,2478,2594.5,2650.5,2600,2620.5,2564,2461.5,2412.5,2575,2536.5,2553,2551,2544.5,2548,2549,2505,2480,2428.5,2390,2384,2361.5,2364.5,2328.5,2345,2387.5,2320,2307,2290,2287,2313.5,2380,2336.5,2296.5,2331,2314,2379,2262.5,2296,2235.5,2286,2248,2257,2325,2318,2335,2260.5,2230,2205,2334.5,2320,2314,2293.5,2209,2159.5,2137,2069.5,2088,2044.5,1964,2016.5,1981.5,2000.5,2026.5,2080,2085,2102,2074.5,2048.5,2063,2105
8801,三井不動産,1473,1479,1553.5,1600,1585,1574,1559.5,1526,1535,1540,1542.5,1534.5,1540,1510,1508,1504.5,1504.5,1544.5,1558.5,1541.5,1529.5,1484,1457,1499,1487,1430,1467,1448,1446.5,1473,1475,1481,1516.5,1527,1563,1548,1533.5,1505.5,1443.5,1480,1450,1476.5,1455,1498.5,1496.5,1530.5,1500.5,1461.5,1520,1497,1512,1498,1489.5,1528,1661,1663,1650,1646.5,1699,1674.5,1687,1702.5,1681.5,1696,1716,1710,1741.5,1745.5,1728,1747.5,1773.5,1747,1700,1710
8934,サンフロンティア不動産,2406,2431,2498,2528,2531,2545,2505,2471,2501,2527,2519,2498,2529,2483,2461,2479,2498,2521,2500,2475,2431,2412,2385,2429,2410,2364,2339,2333,2327,2329,2330,2325,2353,2352,2383,2349,2326,2375,2288,2297,2245,2251,2195,2360,2321,2320,2339,2320,2372,2330,2412,2390,2443,2413,2413,2407,2539,2560,2621,2634,2675,2620,2612,2626,2660,2710,2736,2729,2785,2790,2815,2814,2810,2766
9416,ビジョン,1008,1015,1020,1031,1026,1017,996,979,987,994,1001,993,1006,1016,1011,1008,995,1003,1009,998,984,970,949,967,969,966,975,978,985,1006,1021,1017,1012,1009,1013,1001,1001,1005,1020,1010,1002,1007,1007,1056,1044,1046,1060,1008,1015,1000,1004,1000,994,1091,1089,1094,1105,1104,1100,1085,1083,1093,1082,1075,1100,1114,1140,1155,1179,1190,1194,1186,1185,1193
9532,大阪瓦斯,5332,5304,5474,5340,5491,5479,5493,5398,5392,5337,5373,5315,5343,5300,5264,5353,5354,5493,5430,5366,5354,5277,5289,5430,5406,5350,5349,5393,5401,5374,5304,5422,5420,5450,5493,5589,5497,5476,5421,5454,5410,5475,5241,5270,5362,5455,5556,5601,5659,5705,5726,5570,5654,5696,5677,5594,5560,5540,5650,5626,5590,5803,5766,5795,5745,5815,5927,5958,6105,6142,6179,6192,6218,6448
6330,東洋エンジニア,1890,1885,1898,1851,1870,1974,1971,,1866,1850,1733,1712,1893,1895,1908,1935,1935,1973,2041,2073,1976,1944,1913,1981,2040,1903,1875,1863,1886,2004,2037,2107,2091,1985,1987,1844,1790,1878,1960,1940,1946,1864,1830,2009,2056,2072,2127,2004,1990,1966,2064,2014,2020,2085,2133,2158,2220,2237,2266,2254,2266,2300,2270,2329,2348,2424,2533,2551,2455,2348,2281,2161,2265,2281
4082,第一稀元素化学工,1794,1714,1717,1668,1648,1760,1826,1787,1819,1819,1731,1702,1914,1909,1881,1946,1950,1992,2000,2055,1993,2010,2001,2010,2032,2010,2025,1993,1993,2050,2008,1996,1941,1919,1936,1839,1765,1815,1928,2041,2089,2135,2087,2236,2150,2153,2016,1975,1935,1927,2133,2105,2111,2480,2583,2520,2484,2388,2338,2239,2285,2241,2227,2290,2251,2305,2341,2314,2202,2140,2072,2046,2031,2065
4519,中外製薬,6575,6608,6873,6910,6922,6941,6795,,7163,7303,7246,7210,7105,7168,7136,7312,7313,7345,7545,7514,7641,7265,7249,7488,7441,7434,7463,7466,7434,7442,7386,7480,7532,7442,7376,7390,7270,7331,7430,7504,7357,7387,7488,7677,7726,7625,8003,7795,7815,7864,7843,7787,7925,7777,7691,7752,7740,7865,7727,8245,7833,7570,7402,8702,8681,8663,8467,8580,8306,8583,8511,8425,8512,8538
2160,ジーエヌアイグループ,2486,2446,2396,2250,2275,2443,2562,2539,2491,2492,2435,2396,2542,2562,2550,2569,2566,2598,2811,2812,2814,2800,2746,2741,2602,2492,2509,2495,2454,2464,2481,2557,2500,2428,2463,2482,2589,2661,2763,2779,2600,2477,2501,2533,2495,2631,2784,2813,2779,2706,2673,2668,2905,3005,3105,2953,2955,2962,3055,2952,2920,3100,3090,3060,3110,3260,3380,3355,3290,3340,3220,3175,3055,3150
6227,ＡＩメカテック,6310,6310,6220,5490,5440,5920,6620,,6830,6470,6520,6510,7370,7100,6800,6790,5650,5580,5930,6260,6630,6620,7050,6580,6260,6330,7370,6850,7230,7090,6880,7210,7920,7730,8030,6700,6400,6820,6440,6200,5820,5930,5660,5380,5240,5470,5800,5560,6060,6350,6510,6560,6120,6560,6410,6440,6320,6490,6440,6080,6040,6100,6240,6420,6160,6630,6870,7470,7800,8020,7750,6960,6000,5980
6327,北川精機,2836,2660,2791,2615,2615,2941,3540,,3965,4030,3650,3870,5120,4840,5180,5330,4815,5060,5760,6740,6520,7600,8070,6900,5910,6250,5440,5400,5500,5360,5150,5260,4450,3920,3195,2990,2863,3015,3305,3455,3820,4470,4385,4615,3675,3520,2920,2396,2260,2240,2363,2452,2510,2441,2597,2855,3260,3080,2887,2716,2585,2169,2048,2043,2040,2124,1998,1996,2020,2011,1995,1965,1887,1826
6232,ＡＣＳＬ,2836,2660,2791,2615,2615,2941,3540,1734,3965,4030,3650,3870,5120,4840,5180,5330,4815,5060,5760,6740,6520,7600,8070,6900,5910,6250,5440,5400,5500,5360,5150,5260,4450,3920,3195,2990,2863,3015,3305,3455,3820,4470,4385,4615,3675,3520,2920,2396,2260,2240,2363,2452,2510,2441,2597,2855,3260,3080,2887,2716,2585,2169,2048,2043,2040,2124,1998,1996,2020,2011,1995,1965,1887,1826
7794,イーディーピー,849,820,820,812,827,885,898,,935,919,897,884,1003,1007,1032,1051,1054,1072,1094,1158,1184,1189,1186,1125,1060,1015,1033,1043,1102,1105,1068,1060,1062,1050,1073,1070,1048,1077,1040,1005,976,1070,1073,1120,1261,1088,1133,1081,1050,1062,1108,1085,1095,1116,1310,1318,1400,1302,1280,1282,1307,1302,1325,1391,1411,1458,1450,1504,1215,1183,1166,1181,1165,1182
6085,アーキテクツＳＪ,69,68,85,84,84,97,106,,110,126,166,151,198,203,199,218,212,226,250,233,205,237,237,265,270,291,291,298,300,324,312,321,308,301,301,324,383,370,293,266,228,224,281,303,343,423,503,445,412,405,463,520,493,498,471,540,521,550,536,515,554,551,510,460,415,393,370,364,340,296.5,277.5,285.3,270.10000000000002,251
3103,ユニチカ,862,804,810,741,744,816,826,818,887,888,832,834,902,853,873,932,909,930,977,1002,965,980,967,1007,1001,1009,1035,1041,1096,1123,1090,1152,1125,1096,1131,1006,1121,1180,1145,1177,1165,1193,1181,1312,1354,1406,1500,1254,1234,1283,1303,1315,1415,1815,2136,2240,2294,2373,2200,2310,2214,2180,2185,2524,2657,2662,3045,3155,2656,2111,1781,1900,1417,1160
4422,ＶＡＬＵＥＮＥＸ,521,501,492,468,474,508,532,517,530,535,517,504,542,535,543,553,555,547,564,580,554,553,550,554,559,550,544,550,575,590,588,607,632,619,612,628,720,706,687,665,657,668,678,692,708,733,792,757,751,752,800,828,828,859,935,982,905,986,963,975,1045,1122,1172,1248,1155,1094,1262,1325,1073,962,894,972,1050,812
6740,ジャパンディスプレイ,45,46,46,43,44,46,47,,46,46,46,45,50,51,51,50,50,51,52,53,51,51,54,54,55,54,55,49,49,51,49,49,44,44,48,51,52,53,50,52,52,51,53,54,50,55,62,62,61,62,66,65,68,70,71,75,77,80,86,87,99,91,91,93,94,100,103,110,100,96,91,81,77,82
6613,ＱＤレーザ,1497,1437,1475,1246,1208,1382,1511,1626,1671,1645,1617,1600,2370,2360,2261,2501,2535,2488,2572,2628,2423,2578,2752,2700,2602,2766,2822,2704,2843,2906,2470,2410,2335,2613,2730,2387,2250,2280,2338,2381,2433,2540,2642,2266,2400,2620,3130,2570,2406,2203,2024,1836,1671,1547,1565,1641,1684,1490,1458,1415,1390,1450,1317,1446,1449,1474,1538,1275,1270,1313,1315,1255,1079,999
4568,第一三共,2500,2541,2562,2830,2828,2845.5,2776.5,2725.5,2744,2751,2800.5,2742,2636.5,2672,2671,2697,2682.5,2689,2715.5,2674.5,2638.5,2576.5,2565,2564,2590.5,2531.5,2510.5,2490.5,2499,2519,2537,2635,2545,2489.5,2534.5,2487.5,2472,2436,2488,2390,2392,2488,2548,2700.5,2655,2668,2680,2617.5,2617,2558,2573,2586,2531.5,2560.5,2673.5,2655.5,2560,2552,2443,2567.5,2559,2545.5,2463,2488,2775,2817,2906.5,2920,2865.5,2837.5,2739,2704.5,2727,2753.5
6522,アスタリスク,1460,1454,1500,1490,1429,1422,1591,1482,1426,1311,1228,1291,1711,1811,1953,1818,1900,2181,2096,1687,1760,1581,1361,996,968,941,1007,1030,1033,929,843,727,716,705,693,683,724,726,720,751,765,776,795,789,771,804,934,920,910,940,987,965,1000,1003,1013,1056,1156,1187,1129,1109,1121,1156,1151,1157,1210,1320,1026,1011,1023,941,893,996,971,975
6777,ＳＡＮＴＥＣＨＯＬＤＩＮＧＳ,18200,16660,16740,15120,14830,16450,17710,,18880,19090,17680,17680,21070,20000,20380,20710,20290,19870,21010,22660,21430,23400,25510,26260,24920,27040,27200,26760,27180,28800,28500,26510,25600,25690,24520,22850,22070,23320,21710,24600,25300,26120,23910,24120,23900,24270,28250,26990,25720,26450,27620,31250,28940,31950,29700,29000,27050,26450,27550,27140,27830,27860,27110,27850,29430,28600,28540,26250,24120,23600,24350,24230,21410,20650
6787,メイコー,21540,19900,20520,18250,17830,20610,21860,22690,23650,24100,22260,21810,25710,24690,25540,25930,25300,25140,25950,27260,27010,27620,28560,29920,30000,29840,31350,31750,32550,37050,37400,34950,33600,30150,30400,29860,29160,30600,32500,34150,35400,37100,36400,37100,36450,37150,41500,40300,36500,34300,36400,36400,35300,38650,29220,30650,31500,30550,30950,29520,30600,30150,29560,28770,27720,28070,27300,27010,28480,27910,27720,27580,25300,26410
4888,ステラファーマ,311,295,297,294,299,309,306,300,305,303,303,295,320,320,320,303,301,300,306,309,300,302,298,306,304,297,312,313,315,327,346,348,333,322,325,321,299,303,288,340,341,330,328,352,378,363,429,438,419,403,425,408,405,399,461,469,466,518,513,520,500,510,525,531,519,558,620,709,709,670,650,702,686,707
6387,サムコ,8520,8000,8200,7130,7310,8300,9260,,10080,10360,9640,9430,11900,11910,12530,12280,11560,11170,11530,11990,12510,12830,13660,13710,13020,13510,14230,13910,14590,14610,14250,15180,14700,15120,13670,11760,10840,11620,11060,11820,12110,12220,10510,10080,9900,10390,11580,10910,10500,10520,10910,11870,11890,13130,12340,12210,12800,12880,12520,11240,11120,10840,10620,10550,10380,9350,9400,9400,9600,9760,9600,10180,9090,8980
6838,多摩川ホールディングス,1370,1254,1249,1168,1161,1234,1347,1329,1385,1370,1318,1300,1430,1400,1453,1525,1491,1521,1631,1723,1665,1682,1678,1736,1750,1883,1912,1877,1980,2001,1940,2086,2122,2280,1788,1720,1655,1800,2086,2320,2220,2235,2144,2062,2080,2201,2029,1950,1788,1870,1932,1984,1930,1873,1911,1954,1941,1714,1663,1623,1583,1581,1571,1700,1757,1722,1704,1615,1391,1268,1257,1278,1265,1262
4307,野村総合研究所,4562,4583,4650,5424,5332,5192,4986,4871,4868,4901,5056,5050,4787,5063,4926,4973,4910,5000,5050,4850,4884,4836,4510,4546,4473,4201,4253,4281,4144,4228,4358,4551,4475,4401,4550,4464,4562,4605,4692,4780,4638,4780,5009,4938,4700,4570,4532,4571,4653,4668,4640,4415,4201,4126,4230,4148,4280,4270,4113,4054,4098,4286,4357,4974,4951,5050,4967,4926,4885,4861,4757,4613,4374,4392
6516,山洋電気,5520,5210,5490,5000,5040,5400,5580,,5720,5710,5420,5280,5810,5720,5860,6010,5850,5920,6070,6300,6370,6300,6540,6460,6480,6740,7050,6910,7000,6820,6720,6760,6430,6500,6490,6220,6000,6180,6230,6470,6600,6430,6290,6700,6570,6790,7020,7080,6960,6740,6960,7240,7280,7460,7390,7320,7380,7070,7010,6650,6900,6740,5630,5190,5110,5130,5210,5100,5100,5170,5160,5060,4960,4940
7381,ＣＣＩグループ,1115,1071,1057,1040,1063,1137,1151,1136,1154,1141,1061,1054,1087,1048,1038,1030,1034,1063,1053,1038,1017,1029,1021,1010,978,967,945,944,949,951,945,970,975,975,1003,983,956,976,969,1028,1002,1011,967,1034,1010,1038,1038,1052,1047,1008,1009,1024,1033,1020,1011,1003,997,986,975,937,921,907,896,900,909,923,964,997,1009,1034,1029,1012,1008,1021
4417,グローバルセキュ,4030,4100,4285,4370,4405,4340,4285,4155,4075,4265,4205,4310,4180,4010,3840,3860,3885,3815,3910,4150,4115,3840,3780,3730,3500,3190,3185,3140,3120,3240,3215,3225,3070,3030,3055,2958,2958,3075,2958,3040,2991,3115,3230,3285,3165,3280,3260,3080,2988,2851,2839,2710,2702,2721,2914,2881,2836,2705,2678,2660,2411,2452,2450,2450,2438,2440,2423,2483,2464,2456,2281,2228,2232,2450
6981,村田製作所,6770,6923,7416,6022,5861,7000,7963,8030,8507,8225,7336,7270,8745,8469,8795,9582,9265,8823,9181,9901,9951,10765,11530,10450,10355,10580,11125,10780,11005,12120,11280,11715,10200,10320,9415,8521,8083,8550,8624,9225,9858,9928,9700,9033,7700,7750,7315,6659,6316,5825,6128,5930,6035,6138,5900,6040,5808,5551,5398,4905,4750,4810,4770,4890,4672,4821,4736,4658,4600,4537,4431,4205,4042,3975
6754,アンリツ,3444,3428,3428,3387,3344,3621,3798,,3910,3902,3611,3533,4056,3913,4026,4149,4035,3919,4052,4141,4245,4401,4590,4268,4166,4270,4503,4357,4449,4245,4196,4010,3968,3935,3931,3865,3621,3749,4180,4402,4603,4619,4401,4434,4429,4546,4621,4511,4340,4090,4054,4111,4181,4140,3969,3993,4122,4003,3914,3821,3902,3870,3613,3569,3524,3521,3529,3373,3400,3337,3381,3374,3341,3252
4088,エア・ウォーター,2512,2493,2494,2526,2566,2582,2591,2545,2544,2547,2480,2496,2542,2512,2501,2543,2600,2654,2715,2751,2687,2737,2736,2759,2732,2745,2740,2622,2596,2451,2458,2445,2478,2517,2441,2386,2393,2436,2416,2420,2460,2447,2430,2562,2551,2554,2513,2556,2481,2456,2402,2270,2166,2100,2044,1966,1903,1894,1856.5,1718.5,2207.5,2231.5,2210.5,2211.5,2176,2215.5,2254,2248.5,2253,2289,2276,2243,2219,2220
4091,日本酸素ＨＬＤＧＳ,5619,5521,5731,5739,5616,5825,5906,5772,5906,5960,5988,5946,6070,5970,5970,6063,6075,6145,6141,6255,6126,6070,5878,5850,5863,5838,5616,5531,5495,5468,5501,5533,5480,5522,5462,5293,5164,5248,5334,5550,5581,5657,5693,6150,6203,6319,6227,6100,5820,5799,5879,5927,6077,5966,5709,5650,5680,5538,5468,5485,5492,5615,5569,5597,5600,5637,5772,5731,5886,5845,5759,5898,5783,5846
6857,アドバンテスト,30080,31100,31570,27380,24135,25250,27800,28445,30320,29535,27530,26000,29730,28230,28415,29640,28785,27545,28625,28735,27665,28815,32000,31510,30450,31720,32820,30420,31430,31120,31070,29720,29585,29510,28450,26940,24150,24910,24860,26415,27160,26620,25275,25670,25915,27015,27150,26460,25995,25020,24860,25475,26140,28360,27665,28335,28780,29310,29715,27800,28190,29335,29390,27920,27615,27050,27120,27100,27870,27710,27440,25860,24545,24990
3891,ニッポン高度紙工業,6740,6460,6370,5340,5310,6010,6680,6940,7250,7420,6760,6600,7570,7190,7450,7990,7550,7690,8070,8520,8520,9320,10060,9670,9480,9820,9680,9400,9520,10080,10220,9720,8780,8300,8580,8370,8090,8980,8100,8140,8030,8020,7690,7170,6660,6870,7420,6980,6680,6070,6410,6110,5960,6190,6300,6260,6420,6270,6180,6050,6210,6080,5860,4350,4290,4425,4405,4280,4275,4450,4415,4230,4045,4025
4373,シンプレクスＨＤ,1067,1080,1123,1148,1114,1128,1080,1030,1002,1042,1067,1045,1005,1041,1030,1046,1036,1035,1036,1012,998,968,930,937,926,896,914,895,908,928,909,934,950,934,960,975,1013,1029,1063,1075,1075,1077,1108,1039,1020,996,1007,1013,1000,985,1008,941,932,931,947,942,925,915,889,867,868,870,876,905,923,944,927,939,899,899,862,836,802,809
8892,エスコン,1062,1047,1072,1084,1060,1112,1100,,1096,1108,1106,1098,1115,1117,1111,1113,1100,1098,1095,1096,1090,1077,1072,1077,1064,1056,1055,1050,1055,1056,1062,1070,1077,1093,1107,1090,1087,1092,1077,1069,1060,1066,1058,1087,1096,1094,1100,1107,1129,1104,1130,1107,1124,1146,1155,1166,1160,1152,1150,1156,1163,1179,1140,1126,1121,1123,1136,1135,1128,1135,1138,1121,1121,1120
9687,ＫＳＫ,4375,4420,4450,4445,4445,4560,4615,,4435,4420,4390,4355,4395,4380,4375,4375,4335,4350,4315,4350,4355,4350,4310,4300,4310,4310,4370,4355,4335,4330,4245,4315,4325,4295,4295,4290,4260,4300,4300,4335,4335,4325,4325,4325,4325,4330,4350,4355,4350,4350,4330,4305,4290,4330,4335,4350,4350,4390,4360,4210,4350,4350,4335,4315,4350,4350,4350,4350,4360,4315,4250,4320,4350,4375
1930,北陸電気工事,1461,1435,1459,1431,1459,1467,1596,1581,1584,1580,1558,1529,1588,1569,1580,1627,1606,1613,1637,1659,1643,1654,1663,1646,1675,1695,1680,1659,1693,1689,1696,1700,1664,1651,1655,1585,1548,1577,1561,1567,1551,1560,1538,1677,1654,1681,1644,1582,1590,1565,1600,1585,1647,1683,1739,1721,1692,1635,1665,1688,1616,1454,1438,1434,1423,1437,1468,1452,1452,1451,1438,1439,1434,1468
8704,トレイダーズＨＬＤＧＳ,1292,1255,1225,1172,1196,1228,1248,1259,1241,1241,1245,1225,1274,1227,1231,1225,1206,1213,1241,1217,1215,1210,1182,1127,1116,1139,1155,1149,1198,1155,1153,1168,1145,1137,1158,1113,1050,1091,1103,1111,1105,1174,1158,1148,1121,1136,1129,1117,1120,1087,1131,1135,1151,1169,1174,1208,1197,1155,1130,1096,1038,1025,1013,1015,1024,1037,1055,1038,1042,1045,1034,1028,1027,1042
4733,オービックビジネスＣ,7618,7764,7889,8241,7952,7887,7718,7257,6626,6455,6584,6563,6411,6598,6516,6485,6418,6505,6506,6429,6425,6230,5975,6074,5999,5706,5697,5666,5564,5650,5643,5842,5824,5796,5870,5785,5880,5874,5977,6006,5961,6130,6369,6071,6040,5965,5897,6033,6038,6086,6137,6059,5940,5943,6042,6016,6153,6191,6055,6029,6121,6156,6144,6167,6231,6694,6293,6671,6619,6598,6584,6510,6087,6121
9733,ナガセ,2291,2312,2326,2321,2307,2296,2272,2201,2332,2344,2332,2326,2337,2349,2361,2356,2362,2386,2389,2354,2328,2310,2291,2284,2278,2212,2204,2208,2201,2201,2188,2195,2201,2203,2222,2215,2196,2223,2169,2187,2180,2191,2200,2266,2241,2225,2269,2279,2290,2290,2275,2267,2261,2264,2260,2263,2280,2263,2273,2275,2300,2297,2286,2311,2339,2351,2358,2405,2447,2427,2412,2481,2496,2493
9551,メタウォーター,3140,3000,3030,2838,2996,3065,3140,,3200,3205,3100,3040,3175,3160,3180,3220,3210,3175,3265,3310,3260,3285,3320,3310,3345,3535,3555,3455,3480,3460,3450,3435,3350,3320,3205,3130,3045,3125,3190,3280,3235,3265,3205,3525,3200,3225,3265,3235,3255,3195,3260,3335,3450,3410,3380,3345,3415,3370,3400,3355,3325,3315,3255,3580,3545,3610,3640,3680,3685,3665,3645,3670,3595,3655
2359,コア,2011,1999,2022,2013,2019,1996,1985,,1982,1976,1983,1966,2000,1995,1984,1955,1948,1951,1955,1949,1937,1940,1924,1952,1969,1999,2004,2019,2010,2030,2026,2020,2007,1979,2008,1991,2005,2017,2024,2059,2020,2016,2015,2020,2014,2013,2075,2081,2102,2075,2050,2035,2041,2042,2015,2009,1990,1993,1983,2013,2010,2165,2144,2137,2137,2206,2235,2239,2248,2232,2241,2215,2210,2236
8103,明和産業,885,877,887,917,914,909,910,900,908,905,893,889,905,897,898,909,905,908,910,906,890,883,876,868,865,855,860,853,869,869,867,868,872,872,872,861,853,854,862,879,876,870,864,880,875,880,903,891,884,876,903,887,892,900,879,877,885,878,857,832,752,764,760,762,758,764,773,778,778,773,773,777,785,795
4709,ＩＤホールディングス,1007,1000,999,1142,1133,1121,1114,1087,1091,1090,1104,1110,1114,1105,1099,1095,1089,1081,1078,1064,1062,1057,1051,1058,1059,1044,1030,1037,1039,1050,1042,1064,1091,1068,1061,1035,1054,1042,995,998,981,990,1015,1020,1001,996,1019,1033,1045,1022,1017,1016,1018,1007,1060,1066,1044,1015,1035,1006,885,892,883,881,881,905,919,917,932,935,918,913,911,927
7981,タカラスタンダ－ド,2985,2960,2962,3020,3230,3215,3180,3080,3060,3080,3050,3020,3090,3060,3040,3030,3040,3060,3120,3095,3075,3035,3035,3070,3070,3080,3095,3055,3060,2995,3015,3005,2994,2979,3000,2967,2891,2937,2912,2941,2909,2899,2882,2935,2930,2940,2973,2877,2895,2882,2907,2883,2983,2941,2992,3020,3045,3050,3045,2961,2782,2731,2670,2628,2626,2649,2671,2713,2717,2746,2693,2646,2740,2925
8303,ＳＢＩ新生銀行,1428.5,1437.5,1405.5,1407,1414,1430,1423,1411,1435.5,1439,1414,1392,1452,1448,1439,1442,1431.5,1445,1488.5,1449,1430.5,1386,1358,1380,1394,1382,1394.5,1404,1396,1422.5,1427,1440.5,1445,1435,1473.5,1393,1417.5,1444,1362,1396,1377,1333,1325,1365,1348,1361.5,1457.5,1474,1494.5,1555.5,1571,1619.5,1615,1607,1649,1635,1626,1673,1669,1710,1785,1753,1678,1673.5,1614.5,1611.5,1655,1673,1685,1698.5,1680,1670,1666,1693.5
4382,ＨＥＲＯＺ,700,691,699,693,693,693,699,,700,701,701,698,705,694,690,691,691,715,717,715,713,709,714,718,720,710,715,710,707,728,723,770,781,762,788,771,751,752,694,696,693,699,701,713,717,748,755,760,760,762,762,760,760,770,782,781,783,804,809,804,802,810,831,834,845,851,858,854,879,877,862,860,850,850
2327,日鉄ソリューションズ,3655,3696,3764,3887,3926,3884,3808,3678,3676,3718,3854,3823,3741,3800,3714,3739,3605,3770,3670,3566,3571,3411,3318,3359,3288,3196,3184,3182,3164,3180,3075,3110,3086,3086,3215,3201,3210,3224,3320,3404,3325,3415,3520,3485,3490,3515,3562,3501,3535,3480,3530,3499,3422,3481,3558,3630,3580,3580,3570,3530,3598,3505,3578,3631,3698,3881,3825,3810,3895,3858,3793,3735,3702,3754
1942,関電工,5321,5150,5033,5451,5496,5847,5830,5840,5962,5933,5811,5712,6136,6019,6105,6281,6323,6468,6757,6790,6594,6530,6675,6694,6682,6608,6613,6660,6635,6634,6589,6467,6388,6185,6163,5711,5692,5907,5700,5794,5777,5762,5932,6488,6459,6433,6008,5913,6037,6028,6330,6441,6741,6912,7190,7209,7014,6841,6818,6729,6522,6022,5892,5989,5908,6007,6120,6111,6118,6052,6110,6266,6205,6288
1938,日本リーテック,2389,2330,2411,2344,2351,2436,2461,2470,2506,2509,2431,2422,2549,2537,2550,2557,2550,2588,2669,2697,2653,2646,2655,2661,2700,2701,2685,2695,2712,2759,2780,2775,2767,2751,2727,2669,2590,2698,2659,2759,2668,2697,2620,2785,2731,2738,2666,2591,2600,2672,2772,2800,2877,2919,3025,2913,2919,2857,2833,2699,2665,2575,2490,2537,2490,2476,2564,2519,2526,2586,2582,2557,2604,2641
6436,アマノ,3860,3875,3818,3818,3822,3672,3882,,3797,3799,3805,3781,3767,3727,3721,3728,3724,3720,3725,3697,3683,3661,3650,3636,3636,3604,3598,3571,3565,3561,3551,3548,3546,3543,3577,3578,3592,3566,3453,3517,3482,3506,3486,3557,3556,3537,3571,3593,3630,3617,3651,3624,3641,3642,3635,3657,3666,3600,3575,3524,3583,3648,3580,3793,3801,3821,3824,3876,3877,3869,3846,3858,3868,3863
5410,合同製鐵,2812,2827,2749,2866,2856,2804,2799,2737,2743,2697,2671,2660,2673,2665,2686,2668,2652,2673,2694,2663,2624,2546,2545,2577,2588,2562,2566,2566,2571,2576,2594,2580,2609,2591,2610,2561,2506,2489,2513,2543,2528,2554,2558,2704,2681,2634,2644,2669,2707,2664,2771,2756,2820,2820,2809,2819,2849,2819,2877,2802,2800,2905,2956,3400,3425,3475,3530,3525,3535,3550,3540,3545,3535,3570
5440,共英製鋼,1850,1826,1935,1952,1934,1908,1908,,1885,1867,1838,1817,1834,1810,1793,1792,1781,1790,1805,1781,1764,1732,1716,1737,1733,1692,1707,1703,1716,1722,1743,1732,1742,1745,1771,1728,1698,1703,1711,1740,1730,1738,1712,1808,1809,1810,1834,1843,1821,1784,1821,1817,1846,1824,1802,1811,1796,1781,1795,1821,1899,2161,2189,2216,2226,2240,2274,2288,2285,2320,2314,2339,2326,2363
9505,北陸電力,928.9,928,955.7,968.8,962.5,943.9,947.8,930.7,936.6,929,915.3,901.4,905,889.1,881.1,900.3,906.2,909.6,902,890,882.3,874,860.9,861.6,868.7,861.9,854,849.9,845.5,839,839.1,843.4,840.1,844.1,872.4,848.2,840.7,838.6,804.5,806.1,793.9,811,782.2,821,838.9,853.1,844.3,860.6,868.5,860.9,863.7,866.4,897,904,906,901.1,871,878.6,856.6,856,871.3,984,973.5,989.3,978.5,994.5,1010.5,1025.5,1058.5,1077,1073.5,1073.5,1082.5,1100.5
8091,ニチモウ,2356,2334,2365,2359,2341,2334,2331,2312,2312,2328,2319,2298,2279,2271,2269,2268,2250,2262,2321,2300,2280,2274,2264,2277,2265,2261,2277,2265,2261,2240,2261,2211,2211,2183,2184,2154,2162,2166,2159,2187,2128,2092,2111,2162,2132,2122,2111,2130,2150,2133,2161,2114,2270,2265,2245,2240,2240,2215,2227,2205,2229,2260,2257,2430,2438,2464,2488,2500,2509,2520,2520,2520,2509,2533
6507,シンフォニアテクノロジー,13340,12790,12710,11710,11530,12500,13460,13970,13920,13860,13210,12960,14150,13880,14150,14870,14640,14500,15380,15700,14700,15230,16170,15460,14790,15240,15800,15340,15550,16470,16120,15850,14590,13710,13640,13190,12350,13170,13940,14700,13710,13730,13430,13580,13760,14420,14240,13790,13220,12740,13520,14850,14930,14140,14320,14670,14720,14400,14870,14090,13660,13530,13200,13050,12950,13070,13320,13490,13440,13560,13080,13280,13030,12960
9022,東海旅客鉄道,3797,3801,3988,4121,4072,4017,3910,3788,3774,3735,3803,3709,3666,3663,3627,3586,3586,3618,3543,3515,3501,3403,3376,3460,3430,3335,3322,3343,3238,3202,3222,3276,3284,3268,3331,3349,3401,3436,3337,3300,3277,3304,3334,3452,3469,3482,3496,3512,3535,3521,3553,3545,3563,3591,3603,3551,3564,3569,3552,3570,3691,4063,4027,4062,4010,4135,4206,4188,4192,4251,4291,4183,4160,4196
9536,西部ガスＨＬＤＧＳ,2372,2371,2361,2354,2316,2343,2377,2343,2351,2328,2339,2291,2323,2302,2295,2303,2335,2324,2296,2275,2245,2220,2216,2248,2247,2221,2211,2216,2201,2205,2226,2224,2237,2225,2248,2223,2215,2221,2170,2184,2168,2165,2154,2187,2172,2196,2187,2196,2201,2191,2219,2182,2242,2225,2218,2222,2220,2208,2205,2188,2236,2422,2423,2445,2430,2452,2514,2523,2585,2600,2577,2556,2552,2541
9506,東北電力,1183,1139.5,1174.5,1166.5,1162.5,1156.5,1156,1133.5,1141.5,1126.5,1130,1114,1111.5,1092,1077,1088,1091.5,1084.5,1073,1073.5,1060.5,1052.5,1048,1050,1039,1032.5,1035.5,1027.5,1030.5,1033,1041,1039,1032.5,1039.5,1033,1008,1013,1006,989.4,993,989.6,987.1,972.2,985.9,993.2,996.5,1004,1006,1012,1002,1012.5,1006.5,1040,1050,1061,1058,1050,1051.5,1060.5,1053.5,1080.5,1124,1115.5,1127.5,1110,1126.5,1144.5,1166,1173,1171.5,1170,1162.5,1157,1159.5
2127,日本Ｍ＆Ａセンターホールデ,630.70000000000005,620.6,612,697.4,677.5,679,670.3,653.9,658.9,663.5,674,666.1,673.3,675.1,667.5,670.5,676.1,679.1,680,656.8,650.6,644.29999999999995,629.1,632.1,622,616.20000000000005,623.79999999999995,625.1,627.1,632.29999999999995,642.29999999999995,650,640.79999999999995,632.70000000000005,636,633.1,632.5,633.20000000000005,627,620,621.20000000000005,628,643.5,650.5,644.70000000000005,660.2,645.79999999999995,655.4,648.6,640.29999999999995,639.79999999999995,631.1,633.4,634.4,634.1,636.4,650.5,637,607.70000000000005,615.1,654,683.8,669,668.5,676.5,688.8,685.8,681,687.4,682,670.5,662.5,652.29999999999995,654
6753,シャープ,617.29999999999995,608.79999999999995,607.70000000000005,625.1,615.4,599.1,592.5,586.5,609.6,621.4,619.6,620.9,634.5,638.4,635,638.79999999999995,636,635.70000000000005,637.20000000000005,631.9,634.5,633.5,619.5,632.5,602.4,587,593,575,570.1,569,570.20000000000005,584,589,590.70000000000005,610,604,614.1,628.79999999999995,647,654.29999999999995,652.70000000000005,650,614,603.79999999999995,612.6,605.70000000000005,620.6,613.29999999999995,600,601,609.20000000000005,603.4,574.9,567.6,550,554,554.29999999999995,550.79999999999995,559.4,554.20000000000005,553.5,552,534.4,555,588.29999999999995,604.5,605,612.6,604,597.5,590.20000000000005,585.29999999999995,587.79999999999995,601.70000000000005
9064,ヤマトホールディングス,1890,2012.5,2060,2129,2116.5,2072,2026,2000,2010.5,1978.5,2021,1990,1958,1958.5,1937.5,1930.5,1945.5,1956.5,1955.5,1936.5,1923.5,1844,1821.5,1823.5,1810,1810,1761,1748,1757,1746,1740,1734,1763,1760,1768,1783.5,1790,1785.5,1775.5,1790.5,1794.5,1803.5,1781.5,1794,1765,1749,1752.5,1758,1756,1735.5,1750,1718,1714,1745,1744.5,1722,1725.5,1776.5,1735,1719.5,1756.5,1781.5,1748.5,1761,1758.5,1809,1826,1818.5,1845,1856,1865,1848,1830,1832.5
7181,かんぽ生命保険,1686,1686.5,1742.5,1746,1732,1750.5,1769,1724,1720.5,1672.5,1628,1597,1647,1612,1613,1607,1622.5,1615,1656.5,1602,1602,1541.5,1514,1500,1483,1466.5,1473.5,1479,1511.5,1495,1515.5,1524,1516,1532.5,1529.5,1519.5,1529,1555,1415,1419,1381.5,1416,1367,1391,1411,1461.5,1470.5,1511.5,1527,1515.5,1474.5,1450,1604.5,1594.5,1565,1540.5,1525,1540.5,1543,1508.5,1497.5,1491.5,1466.5,1474,1458.5,1497.5,1542.5,1573.5,1600.5,1650.5,1640.5,1608,1576,1589.5
6485,前澤給装工業,1555,1540,1572,1577,1567,1561,1552,1529,1537,1528,1531,1519,1539,1536,1539,1549,1537,1506,1524,1520,1518,1524,1496,1487,1494,1483,1473,1456,1449,1468,1459,1454,1454,1434,1430,1418,1405,1418,1410,1420,1388,1374,1360,1417,1407,1409,1410,1410,1410,1412,1445,1442,1486,1462,1500,1506,1508,1496,1505,1488,1492,1484,1486,1497,1501,1525,1554,1551,1555,1567,1568,1574,1591,1607
4887,サワイグループＨＤ,1591.5,1595,1648,1678.5,1676,1673.5,1660,1645,1655.5,1667.5,1675.5,1670,1655.5,1663.5,1655.5,1663.5,1687,1716,1736,1710,1712,1683,1667,1664.5,1639,1591,1642.5,1637,1610.5,1621.5,1619,1619,1646.5,1642.5,1648,1688,1695,1713.5,1673,1703,1707.5,1664.5,1683,1731,1726,1745,1766,1740.5,1751,1778.5,1741,1730.5,1972.5,2055,2063.5,2053,2085,2083,2081,2057.5,2083,2068,2069.5,2087,2073,2094,2149,2173,2208,2233.5,2177,2172.5,2224.5,2229.5
5243,ＮＯＴＥ,1997,1982,2028,2015,1990,2021,2008,1987,1875,1909,1982,1941,2040,2033,2100,1990,1982,2155,2115,2114,1973,1905,1863,1819,1738,1683,1693,1733,1731,1740,1730,1803,1720,1672,1655,1635,1604,1635,1732,1815,1810,1862,1881,2031,2027,2051,2181,2172,2150,2145,2188,2181,2235,2272,2271,2135,2102,2134,2240,2363,2396,2330,2265,2380,2467,2432,2535,2520,2586,2563,2515,2853,2681,2629
2702,日本マクドナルドＨＬＤＧ,8100,8080,7970,8070,7910,7710,7590,,7440,7460,7520,7520,7570,7680,7680,7680,7700,7720,7600,7580,7610,7410,7250,7450,7420,7410,7210,7100,7020,7130,7220,7250,7350,7320,7410,7330,7320,7160,7340,7320,7290,7440,7540,7700,7760,7870,8030,8010,7960,7960,7800,7780,8110,8290,8320,7650,7740,7870,7960,8090,8110,8150,8070,8070,8090,8150,8200,8170,8160,8160,8050,8000,8020,8240
6890,フェローテック,8270,7860,8160,7100,6950,7460,8470,8580,8940,7440,6850,6750,7930,7770,8420,8690,8260,8060,8410,8750,8400,8870,9370,9200,8740,9230,10060,9650,10590,10470,10300,9530,8990,9010,9030,8760,7430,7730,8120,8450,7950,7840,7520,8480,8270,8490,9060,8850,8630,8550,8430,8850,9220,9600,9020,9540,9570,9010,8330,7600,7490,7090,7200,7160,7030,6560,6640,6670,6610,6720,6670,6930,6870,6920
4966,上村工業,22500,21960,21520,19610,19520,21400,22720,22930,23890,23070,22960,22000,23870,22860,23280,24430,23980,23150,23980,25500,24800,25510,27530,26710,25910,26600,27570,26700,26810,27040,26660,26220,25750,25890,24840,23710,21820,22000,20850,22270,22800,23060,22060,23020,22900,23540,23860,23440,23000,21940,22650,23450,23540,25000,21500,24360,23400,23060,23120,22550,23120,22910,23100,23160,22770,22580,22840,22660,23140,23340,23680,23750,22780,22560
6146,ディスコ,58770,57840,57430,49400,50200,54870,60110,59420,69260,67520,63000,62260,71480,68730,70330,71620,69230,68030,71600,75230,72750,76770,83720,79760,75330,78180,83650,77830,82870,85630,84800,82440,80000,81210,80450,73310,66440,69320,66440,70440,68080,65130,61530,63580,64800,67340,67180,65090,63220,59650,60650,62280,64300,70000,70330,71370,73100,74830,75800,72200,72910,73600,72800,71090,71230,74180,72000,71800,72020,70640,70170,69970,66200,65530
8035,東京エレクトロン,53400,52550,54220,48650,48580,55400,61660,61210,65910,65550,64200,63150,70780,68680,69940,71610,69300,66560,69130,70670,68970,72940,76690,74730,70670,71120,71900,68620,72960,73980,73920,73100,69850,70820,72760,68000,60210,60810,54650,58750,59900,56390,52180,52030,51150,52500,50030,48730,47450,45030,47160,48810,49480,51200,50830,51630,51870,51220,50240,46710,43980,45010,46300,45410,44950,45020,44670,43620,44010,44100,43360,42890,42300,42620
6920,レーザーテック,40870,37200,37190,33200,33330,37110,42800,42630,44740,42720,40050,39850,46830,43400,44020,43470,41810,42000,43420,45550,44340,46950,50380,48710,46570,49260,50870,49990,51840,54370,53860,51910,45770,46450,45460,41820,37780,39660,38760,41020,41230,39340,37850,38930,38860,41530,40290,37870,36720,34620,35550,38080,38030,40540,41400,42700,43480,42760,44380,40500,42520,44060,45000,44350,43100,44110,42340,40530,39950,40630,41210,41630,40480,39000
5801,古河電工,3205,2929.5,3095,2678,2646,2928,3170,3340,3460,3518,3208,3079,3550,3357,3566,3719,3507,3442,3656,3793,3711,3925,4218,4589,4254,4462,4798,4600,4848,5428,5276,4629,4490,4358,4397,4087,3808,4022,4360,4812,5005,5272,4802,4915,5065,5557,5592,5101,4913,4650,4960,5374,5333,5625,5105,4366,4343,4373,4459,4119,4158,4113,4209,4253,4153,4309,4360,4307,4433,4350,4424,4618,4493,4435
6506,安川電機,4942,4726,4744,4507,4465,4732,5171,5078,5289,5152,4926,4900,5288,5205,5972,6900,6741,6550,6900,7309,6711,6820,7158,6871,6560,6710,7103,6905,7140,7295,7044,7116,6718,6655,6483,6281,5598,5880,6234,6658,6788,6888,6484,7049,6860,7085,7316,6740,6229,6025,6309,6643,6895,6977,6712,6686,6240,5951,5868,5450,5436,5335,5192,5106,5121,5304,5411,5356,5087,5201,5194,5136,4896,4806
2768,双日,5141,5087,5267,5279,5243,5304,5387,5372,5386,5301,5103,4996,5140,5039,5021,5085,5118,5199,5236,5250,5226,5193,5118,5141,5186,5234,5191,5149,5187,5226,5278,5285,5239,5250,5223,5011,4944,5040,5040,5165,5125,5095,5015,5391,5372,5500,5508,5462,5541,5512,5655,5693,5837,5794,5845,5745,5628,5636,5909,5790,5845,5853,5746,5870,5794,5874,6051,6013,6077,6145,6118,6235,6321,6374
6305,日立建機,5243,5209,5233,5543,5333,5400,5399,5322,5269,5269,5080,5042,5189,5171,5136,5217,5228,5284,5353,5384,5207,5133,5193,5218,5212,5273,5280,5249,5330,5307,5380,5353,5306,5395,5414,5191,5034,5196,5177,5340,5273,5139,4890,5142,5109,5172,4991,4960,4939,4882,5001,5052,5205,5298,5143,5180,5607,5494,5407,5419,5422,5485,5223,5398,5419,5361,5428,5420,5365,5522,5579,5595,5621,5650
8015,豊田通商,6655,6476,6562,6486,6395,6336,6455,6378,6453,6375,6159,5939,6070,5965,5963,5988,6044,6142,6264,6169,6169,5972,5923,5922,5903,5952,6000,6037,6130,6055,6053,6217,6295,6394,6410,6112,5816,5984,6114,6388,6372,6431,6369,6683,6574,6790,6852,6781,6770,6700,6917,6976,7351,7202,7130,7057,6723,6699,6691,6329,5921,6310,5998,6044,6060,6049,6278,6275,6202,6274,6218,6376,6386,6566
9101,日本郵船,5933,5903,6020,6025,6024,5934,6004,5747,5771,5740,5668,5591,5480,5356,5296,5271,5362,5300,5070,5194,5211,5086,5062,5181,5174,5178,5252,5299,5212,5093,5144,5210,5281,5427,5466,5588,5556,5520,5536,5590,5388,5250,5208,5277,5252,5190,5317,5362,5497,5483,5485,5503,5356,5310,5262,5301,5381,5478,5474,5541,5552,5590,5580,5825,5740,5808,5850,5870,6052,5989,6013,6045,6074,6128
7011,三菱重工業,3712,3621,3745,3702,3701,3736,3875,3898,3851,3804,3717,3626,3716,3718,3693,3783,3785,3821,3986,3839,3766,3752,3711,3606,3621,3536,3611,3716,3715,3825,3830,3943,3796,3670,3591,3486,3404,3548,3644,3688,3551,3481,3415,3744,3766,3863,3860,3905,3885,3940,4080,4060,4027,4096,4271,4084,4326,4451,4483,4543,4519,4676,4590,4704,4571,4362,4381,4504,4371,4496,4541,4715,4675,4704
1812,鹿島建設,5245,5121,5331,5300,5316,5422,5545,5542,5586,5573,5438,5389,5600,5504,5540,5747,5715,5840,6073,6158,6051,5831,5931,5766,5761,5636,5617,5651,5725,5857,5903,5910,5871,5890,5778,5515,5363,5480,5296,5425,5410,5470,5401,5745,5725,5754,5546,5451,5562,5518,5685,5545,5812,6152,6327,6185,6001,6030,6110,6061,6031,6037,5793,5843,5821,5871,6015,5962,5891,6017,6104,6130,6103,6187
6861,キーエンス,80950,78910,79720,77780,75920,69950,71690,70800,72000,72020,70340,68930,75500,74520,74900,75860,75000,74610,78180,79380,78130,79470,81000,79800,76510,76220,76500,75420,75460,77000,75810,76420,73490,74810,74410,71700,69000,72020,73000,77400,79020,78410,77510,79060,74270,75390,77690,77880,75250,72310,74910,75540,76230,77310,78100,78740,81670,81010,78960,72470,71070,72930,72730,63000,63090,62820,63170,63000,62800,62530,61420,62740,61350,61520
6324,ハーモニック・ドライブ・シス,6460,5850,5880,5270,5260,5660,6360,6490,6850,6730,6180,6330,7100,6810,6990,7610,7440,7530,7890,8430,7470,7690,7680,7280,6650,7070,7720,7420,7650,8170,7630,7770,7190,6730,6760,6520,5770,6100,6420,6550,6830,7110,6890,7540,7320,7730,7420,6640,6150,5800,5920,6640,6680,6430,6440,6390,6300,5590,5420,5070,4745,4705,4380,4190,4245,4315,4455,4470,4420,4520,4220,4080,3990,3920
6273,ＳＭＣ,71240,67650,68660,63930,62840,65190,70930,70680,71980,71850,67930,67250,73140,70160,72630,73270,71010,69460,72540,74940,71140,71860,72650,70760,69520,70270,70630,68440,71220,72070,72600,72250,70450,68420,67650,65400,58310,60060,61150,63690,64120,63890,63460,67550,65980,66450,65030,64390,64090,63160,66660,65250,67550,79470,82120,82710,80830,79340,77440,74920,75220,75660,72100,68850,69400,70330,71300,70510,69890,71400,70950,70840,69600,68100
4502,武田薬品,5275,5293,5438,5657,5753,5681,5645,5521,5467,5471,5471,5410,5249,5325,5292,5300,5367,5442,5404,5397,5355,5190,5112,5132,5100,5053,5032,5000,4944,4897,4909,4950,4938,4954,5069,5031,4998,5013,4896,4909,4766,4710,4784,5074,5113,5056,5077,5109,5180,5187,5244,5221,5252,5039,5174,5138,5151,5205,5195,5191,5170,5224,5187,5306,5258,5316,5457,5545,5585,5639,5598,5582,5630,5696
4004,レゾナック・ホールディング,13870,13250,13525,11810,11820,12285,13660,14335,15295,15230,14070,13410,15595,14880,15120,15925,15575,14780,15620,16340,16400,17460,17965,17280,16635,16675,17705,17400,18350,18340,18380,18250,17630,18000,17780,16950,14505,15170,15540,16765,17520,18660,16930,17840,17760,18955,18510,17255,16160,15780,15805,16690,17010,18050,17080,17165,16245,15180,15010,13920,13820,13630,13725,13755,13475,13750,12710,12440,12425,12945,12775,13440,12935,13350
9519,レノバ,907,884,915,911,955,978,1003,980,965,974,970,971,974,945,910,917,929,933,964,959,967,962,940,974,937,882,879,888,893,834,812,831,857,865,885,888,874,884,988,945,966,1018,1105,1201,1159,1264,1291,1316,1233,1245,1293,1262,1287,1242,1188,1209,1160,1129,1103,1089,1100,1078,1005,991,957,947,977,997,1008,1059,1016,977,952,935
6752,パナソニックホールディンク,4130,4159,4284,3364,3430,3592,3830,3843,4008,4075,3911,3900,4178,4093,4354,4476,4376,4250,4353,4493,4362,4456,4580,4366,4275,4451,4455,4195,4220,4376,4326,4216,4152,3993,3914,3762,3571,3712,3431,3638,3633,3680,3487,3529,3416,3544,3491,3420,3214,3183,3300,3221,3263,3295,3121,3333,3221,3222,3297,3232,3071,3036,2931,2836.5,2877,2957.5,2999,2880,2897,2927.5,2889.5,2870,2810,2855
6622,ダイヘン,14140,13270,13190,11460,11610,12950,14000,14440,14900,14810,14030,13540,15030,14540,14820,15440,15130,14710,15920,16660,15830,16940,18290,17680,17140,17800,18680,18140,18570,17870,17630,17290,16030,16050,15490,14700,13690,14580,14440,15310,15300,15130,14840,15750,15840,16560,16710,16220,15360,14980,15650,16510,16670,17250,17500,17640,17370,16570,16500,15150,15000,14500,13940,13650,13420,13750,13940,13820,13820,14090,13880,14270,13810,13760
1407,ウエストホールディングス,2612,2434,2514,2466,2572,2614,2733,2616,2560,2621,2673,2675,2339,2234,2165,2134,2231,2236,2240,2308,2318,2310,2328,2350,2362,2275,2290,2290,2280,2207,2196,2285,2220,2211,2240,2290,2191,2251,2307,2290,2436,2503,2430,2691,2845,3075,2877,2833,2892,2903,2839,2901,2985,2980,2790,2917,3050,2830,2714,2820,2702,2620,2495,2383,2310,2211,2274,2161,2206,2090,1903,1730,1802,1827
285A,QPS研究所,47290,44370,46500,36020,37650,44550,50400,55080,61150,62750,51370,52110,71200,63060,66100,75880,75700,69300,71120,78200,67190,75000,87120,85300,82100,89600,97310,86550,91150,104250,99970,95800,92320,90920,85200,78920,67600,70130,69010,73290,75000,76240,70230,61110,56900,60170,58090,56280,51120,48270,48000,51450,42100,45110,44740,43630,45690,41900,43410,36050,36920,36200,35030,34150,33750,32400,30710,30090,30460,31010,32100,33820,29530,28890
141A,トライアルホールディングス,3125,3065,3025,3000,3015,3000,2998,,2970,2974,2983,2973,3005,3030,2960,3010,2983,2976,3070,3025,3055,2917,2880,2988,2988,2939,2957,2793,2725,2700,2721,2717,2768,2721,2746,2789,2811,2725,2716,2669,2667,2506,2545,2865,2813,2617,2874,2952,2929,3085,2921,2887,3570,4205,4280,4265,4090,4090,3875,3870,3845,3810,3850,3970,4135,4490,4610,4455,4440,4350,4310,4125,4115,4445
464A,QPSホールディングス,1540,1470,1423,1371,1351,1480,1415,1485,1604,1617,1580,1577,1800,1763,1811,1797,1770,1789,1947,2026,1974,1976,1871,1906,1841,1854,1945,1960,2011,2170,2151,2215,2166,2247,2307,2685,2430,2461,2695,2833,2600,2894,2900,3915,4075,4080,3780,3385,3175,3220,3320,3170,3230,3175,2868,2840,2949,2635,2631,2493,2473,2432,2404,2477,2501,2652,2650,2596,2581,2530,2496,2543,2732,2660
1570,ＮＦ日経レバ,62940,62580,64980,59850,58280,61210,65760,65930,70150,69630,66110,62900,73980,70640,71480,75460,73370,72330,74600,76630,73830,76190,79440,77640,74770,76040,80860,75950,79140,82340,81150,80310,76880,77580,76230,70550,63340,66310,65660,71000,73330,74440,70450,70540,66970,69560,66840,63840,61640,57900,59830,60050,61210,64770,63870,63710,64200,63700,63130,58360,57500,59080,58860,58180,56960,57740,57800,57230,57070,56910,55960,54700,52570,53010
6135,牧野フライス,14270,14060,12620,13880,13810,14220,14540,14640,14450,14450,14280,14110,14720,14570,14530,14800,14510,14530,14830,15050,15010,14990,15250,14980,14990,15060,15370,13770,14070,14450,14280,14230,14110,14060,14030,13970,13930,14420,13730,14000,13840,13530,13700,13210,12920,12960,13190,12850,13180,13110,13620,13510,13400,13390,13580,13510,12930,13190,12950,11920,11730,11640,11640,11700,10370,11590,11610,11600,11600,11580,11580,11580,11550,11590
6055,ジャパンマテリアル,2270,2167,2154,1945,1939,2103,2219,2218,2320,2313,2212,2151,2525,2495,2582,2620,2498,2469,2482,2377,2301,2460,2655,2541,2518,2566,2622,2470,2553,2451,2427,2368,2325,2391,2388,2251,2051,2087,2051,2155,2117,2039,1956,2030,2000,2041,2016,1981,1963,1885,1938,2065,1953,2006,2052,2095,1996,1922,1914,1778,1768,1794,1838,1786,1751,1803,1834,1836,1850,1886,1880,1840,1768,1789
6862,ミナトホールディングス,2124,1938,1973,1543,1521,1671,1800,1821,1880,1863,1748,1710,2000,1949,1968,2015,1951,1931,2000,2051,2031,2043,2110,2072,2046,2131,2278,2143,2210,2327,2276,2214,2050,2036,1980,1900,1891,1915,2040,2103,2097,2202,2068,2180,2130,2232,2541,2513,2335,2320,2500,2680,2671,2853,2930,3505,3450,3550,3640,2752,2622,2585,2480,2379,2390,2430,2498,2417,2367,2380,2360,2420,2171,2145
2267,ヤクルト,2743.5,2718,2679,2844,2830,2798,2740.5,2675,2744,2738.5,2774.5,2797,2808.5,2827.5,2836,2803,2824.5,2878.5,2850,2850,2807.5,2716,2689,2727.5,2725.5,2717.5,2705,2700,2693.5,2656,2669.5,2604.5,2612.5,2619,2645.5,2640,2648,2656,2633.5,2626,2669,2685,2630.5,2664.5,2706,2660,2752,2704.5,2754,2757.5,2714,2700,2730,2760,2642,2620,2844.5,2885,2911,2798,2706.5,2711,2701.5,2615.5,2583.5,2598.5,2604.5,2618.5,2641,2645.5,2625.5,2604,2637,2647
1618,ＮＦエネ資源Ｔ１７,32390,32130,33470,33280,32870,32910,33710,33960,33560,33000,32030,31540,32260,32010,32390,32280,32450,32190,31910,31480,31460,30820,30980,30970,30630,31090,30970,31750,32250,32500,31810,32120,31780,32100,32730,32420,32350,32130,33010,33910,33790,34100,32760,33520,33490,33570,33740,34370,34870,35400,35710,35800,35530,35000,35800,35720,34580,34250,35260,35650,35700,35220,34600,35510,35000,35340,35630,35950,37150,37580,37650,37800,38820,38340
4222,児玉化学,570,546,552,538,545,567,579,,610,610,591,585,633,639,645,647,632,643,655,678,648,642,630,628,642,646,662,666,700,709,698,701,683,677,664,642,653,648,673,699,693,687,681,726,728,753,790,774,800,800,846,851,894,1161,1189,1241,1169,1130,1121,1084,1101,1115,1132,1110,1116,1145,1151,1145,1137,1142,1130,1124,1082,1105
7013,ＩＨＩ,2782.5,2677.5,2804,2701,2704,2742.5,2799.5,,2798,2747,2672.5,2626,2733,2773.5,2725.5,2770,2803,2833,2955.5,2890,2741,2712,2637,2641.5,2653,2639.5,2719,2700.5,2703.5,2794,2748,2862,2800,2762,2498,2371,2245,2416.5,2475.5,2542.5,2452,2411,2526.5,2718,2694,2809,2738,2711,2598.5,2468,2561,2664.5,2635,2642,2735.5,2778.5,2803.5,3001,2838,2827.5,2832.5,2905,2811,2969,3001,2912,3041,3099,3081,3141,3145,3241,3260,3271
8793,ＮＥＣキャピタルソリューション,4020,3980,4140,4120,4105,4060,4065,4050,4090,4075,4035,3990,4100,4130,4135,4120,4080,4105,4090,4020,3990,3970,3970,3975,3965,3970,4010,3995,4010,4050,4090,4060,4100,4070,4135,4105,4075,4105,3985,3950,3900,3850,3850,3960,3915,3930,3950,3960,3950,3910,3925,3905,3940,3975,4015,4000,4005,4020,3970,4000,4025,4180,4165,4200,4175,4190,4240,4255,4235,4265,4240,4150,4145,4145
9962,ミスミグループ本社,3952,3827,3624,3413,3395,3428,3583,3570,3683,3709,3625,3515,3781,3703,3819,3994,3902,3787,3982,4075,3974,3901,3959,3886,3770,3797,3743,3612,3675,3829,3815,3861,3832,3806,3746,3680,3505,3530,3547,3669,3726,3678,3559,3683,3506,3505,3405,3376,3184,3053,3071,3104,3205,3348,3248,3356,3356,3386,3400,3246,3350,3309,3044,2982,2963.5,3048,3107,3062,3000,3006,2982.5,2938,2935.5,2995.5
6762,ＴＤＫ,3002,3052,2982.5,2727,2651,2898.5,2949,2982.5,3084,3095,2936,2847,3195,3130,3166,3359,3328,3241,3332,3444,3514,3575,3604,3510,3489,3535,3820,3766,3943,3961,3867,3835,3728,3802,3638,3469,3415,3587,3637,3851,3872,3895,3822,3958,3572,3608,3473,3132,2962.5,2836,2947,2929,2965.5,2975,2851,2906,2913.5,2890.5,2817.5,2775,2839,2659,2636.5,2674,2621,2546,2498,2518.5,2491.5,2270.5,2226,2259.5,2261.5,2226
4392,ＦＩＧ,842,826,855,812,830,888,941,988,1052,1059,1027,1014,1046,1002,1017,1063,1026,1025,1086,1121,1094,1081,1090,1065,1066,1070,1112,1133,1106,1165,1138,1250,1210,1190,1315,1305,1407,1470,1251,1300,1340,1499,1668,1617,1880,2071,1980,1684,1701,1261,1360,1060,910,742,720,727,509,429,346,339,344,350,351,341,342,344,337,327,326,325,320,321,316,320
8005,スクロール,1796,1787,1693,1713,1717,1701,1688,1690,1706,1713,1710,1708,1725,1726,1707,1704,1701,1712,1696,1657,1645,1625,1616,1622,1628,1627,1633,1620,1629,1620,1630,1626,1639,1609,1617,1612,1610,1612,1613,1621,1620,1632,1634,1626,1616,1625,1624,1628,1642,1631,1642,1610,1618,1618,1631,1652,1705,1597,1291,1286,1312,1310,1313,1311,1310,1325,1341,1342,1346,1347,1329,1309,1309,1323
2326,デジタルアーツ,4270,4075,3980,4050,4070,4020,3980,3900,3990,3950,4050,3975,3965,3980,3930,3900,3855,3850,3880,3855,3795,3715,3615,3685,3675,3550,3545,3505,3520,3520,3505,3575,3585,3500,3565,3540,3575,3575,3690,3700,3585,3595,3660,3980,3990,4040,4055,4080,4105,4105,4235,4105,4015,3945,3925,3955,4240,4940,5730,5500,5420,5450,5400,5500,5650,5950,5880,5760,5760,5740,5520,5470,5340,5280
6809,ＴＯＡ,1592,1582,1615,1623,1617,1620,1614,,1606,1606,1584,1561,1599,1590,1583,1605,1615,1632,1630,1605,1579,1551,1550,1559,1564,1557,1568,1554,1552,1551,1560,1556,1563,1551,1566,1546,1527,1548,1533,1547,1533,1536,1522,1535,1514,1530,1557,1530,1525,1512,1577,1567,1584,1562,1554,1555,1566,1565,1760,1707,1702,1699,1700,1713,1725,1752,1759,1769,1774,1770,1768,1774,1782,1803
3984,ユーザーローカル,1799,1762,1770,1776,1759,1779,1727,,1712,1774,1781,1761,1772,1793,1776,1760,1732,1759,1762,1770,1727,1707,1620,1605,1578,1587,1646,1680,1685,1726,1725,1782,1763,1755,1760,1746,1728,1777,1811,1836,1795,1772,1772,1697,1652,1689,1711,1755,1746,1719,1709,1693,1679,1691,1721,1723,1786,1723,1576,1532,1532,1540,1547,1554,1555,1586,1569,1556,1567,1554,1495,1452,1428,1448
7609,ダイトロン,3805,3390,3235,3030,3030,3265,3410,,3515,3430,3265,3205,3360,3290,3385,3490,3440,3395,3475,3560,3500,3610,3700,3605,3575,3645,3740,3670,3770,3890,3855,3750,3525,3545,3580,3380,3260,3380,3490,3570,3635,3585,3440,3550,3425,3530,3585,3560,3535,3415,3575,3825,3740,3915,3785,3860,3805,3660,3215,2912,2854,2860,2851,2848,2815,2822,2862,2833,2852,2885,2868,2832,2798,2775
7972,イトーキ,2864,2830,2870,2822,2864,2870,2894,2820,2814,2845,2663,2672,2808,2754,2749,2797,2791,2853,2833,2751,2670,2627,2596,2635,2620,2570,2556,2525,2534,2499,2476,2421,2429,2417,2445,2409,2386,2392,2381,2389,2355,2389,2412,2544,2551,2677,2581,2580,2573,2619,2684,2652,2690,2789,2791,2783,2760,2775,3160,3120,3080,3210,3170,3160,3185,3250,3285,3275,3265,3330,3355,3530,3490,3465
6521,オキサイド,2929,2781,2836,2625,2734,2902,3160,3230,3315,3330,3275,3265,3755,3680,4080,4235,4140,4000,4160,4400,4205,4380,4565,4530,4530,4610,4930,4840,4835,4935,4795,4635,4455,4390,4415,4265,4255,4290,4670,4855,4790,5040,4785,5270,5550,5520,5900,5740,5420,5540,5780,6260,5910,6300,5930,6400,6310,5110,4770,4545,4590,4545,4355,4610,4600,4800,4555,4055,4040,4250,4315,4745,4620,4515
9165,クオルテック,1696,1683,1690,1685,1670,1681,1688,1678,1711,1703,1689,1676,1711,1708,1746,1758,1720,1713,1733,1746,1682,1727,1733,1640,1680,1725,1730,1723,1754,1721,1670,1685,1686,1680,1702,1676,1625,1678,1690,1801,1776,1755,1720,1800,1757,1890,2140,1790,1725,1779,1763,1708,1650,1716,1708,1723,1761,1680,1476,1470,1458,1456,1460,1457,1445,1458,1450,1446,1443,1427,1446,1425,1422,1420
6902,デンソー,1884,1909.5,1944.5,2165.5,2098.5,2038,1988.5,1963.5,1967,1980,1978,1951,1939,1931,1917,1924,1917,1945,1972,1961.5,1941,1892,1844.5,1867.5,1860.5,1858,1854,1864,1881.5,1877.5,1887,1905.5,1900.5,1882.5,1876.5,1841,1813,1865,1872,1870,1901.5,1861.5,1824.5,1868,1871.5,1852,1817,1833.5,1843.5,1814.5,1835.5,1838.5,1885,1850,1872,1867,1873,1912.5,1848,1850,1827,1801,1874,1864,1885,1918,1936,1942,1921.5,1917.5,1915,1918.5,1909,1933
6928,エノモト,2420,2316,2296,2134,2130,2338,2444,2516,2557,2582,2492,2492,2820,2817,2865,2838,2760,2725,2791,2851,2804,2900,3015,3035,3015,3125,3370,3305,3380,3465,3435,3365,3275,3270,3230,3160,3270,3350,3270,3540,3615,3655,3635,3735,3425,3505,3595,3500,3485,3355,3380,3420,3405,3425,3380,3400,3355,3500,3480,3200,3105,3160,3075,3140,3090,3170,3205,3190,3210,3280,3230,3170,3105,3085
5632,三菱製鋼,2135,2096,2119,2085,2078,2109,2159,,2159,2147,2101,2055,2146,2088,2059,2107,2091,2120,2170,2183,2151,2111,2140,2128,2158,2158,2217,2202,2257,2315,2287,2167,2141,2162,2169,2130,2041,2072,2037,2115,2044,2079,2042,2128,2094,2115,2102,2104,2047,1993,2061,2037,2054,1994,1819,1857,1800,1815,1817,1774,1782,1780,1774,1776,1788,1802,1823,1829,1821,1821,1813,1798,1782,1790
6098,リクルートホールディングス,12190,12085,12385,12710,12640,12305,12280,11905,12190,12250,12500,12605,12335,12545,11990,12105,12150,12180,11975,11720,11820,11585,11455,11240,11055,10915,11025,10865,10945,10770,10685,11165,10505,10520,10700,10760,10990,11125,10635,10555,10560,10540,10695,10325,9933,9907,9537,9401,9504,9600,9308,8800,7670,7542,7660,7508,7680,7781,7358,7163,7102,7324,7273,7211,7382,7826,7572,7482,7270,7241,6960,6985,6902,6995
6361,荏原製作所,5523,5252,5436,4768,4708,5108,5547,5590,5682,5578,5292,5210,6039,5586,5856,5975,5804,5638,5845,5986,5677,5989,6226,6006,5984,6101,6251,6218,6342,6555,6477,6538,6089,6074,5719,5471,5011,5171,4969,5342,5375,5237,5247,5490,5361,5467,5651,5278,4951,4870,5121,5279,5445,5727,5644,5797,5624,5637,5651,5242,5272,5422,5231,5269,5223,5171,5114,5050,4933,4965,4988,5166,5016,4940
155A,情報戦略テクノロジー,823,805,823,813,807,825,843,,847,858,828,824,893,902,885,878,870,878,896,897,857,857,860,858,835,826,835,813,889,888,874,872,830,816,832,830,853,860,828,834,827,828,803,866,849,851,858,824,837,823,855,867,831,727,751,785,798,813,803,796,789,803,807,820,825,844,832,833,830,829,813,806,794,817
278A,ＴＥＲＲＡＤＲＯＮＥ,12230,10090,9820,9780,9610,10350,11830,11700,13770,15400,14190,12170,10690,10480,10520,9240,8610,8700,8990,8820,7870,7710,7640,7580,7650,7570,7860,7920,7920,7830,7820,7840,7940,8350,7050,8100,8080,8520,7930,7890,7820,8230,8350,9690,8900,8660,10440,10550,10270,11030,12350,11220,10930,10500,9420,12400,15060,12020,11100,9960,8000,7030,7230,7780,7170,6830,6100,6390,6320,6230,5510,5460,5310,4370
300A,ＭＩＣ,2960,2921,2985,2956,2950,2903,2860,,2958,2900,2885,2847,2820,2821,2831,2873,2860,2882,2871,2902,2909,2917,2887,2900,2850,2766,2765,2751,2792,2790,2773,2725,2810,2797,2775,2764,2737,2797,2719,2754,2733,2753,2752,2835,2810,2833,2869,2864,2836,2874,2848,2748,2904,2595,2753,2731,2777,2709,2733,2687,2747,2783,2720,2859,2931,3045,3005,2982,2964,2964,2879,2868,2828,2853
4776,サイボウズ,2663,2613,2660,2733,2660,2613,2516,2431,2440,2518,2606,2539,2514,2580,2548,2586,2490,2565,2569,2490,2484,2373,2231,2253,2265,2106,2151,2181,2212,2280,2307,2301,2266,2285,2306,2235,2274,2309,2361,2425,2385,2468,2572,2537,2506,2523,2500,2474,2469,2416,2372,2320,2265,2086,2126,2115,2150,2108,2047,2076,2050,2099,2098,2095,2086,2136,2133,2177,2226,2185,2064,2014,1948,1965
4704,トレンドマイクロ,6398,6228,6320,6607,6589,6501,6301,6121,6138,6200,6364,6390,6310,6275,6127,6175,6165,6174,6309,6236,6255,6181,5885,5917,5750,5500,5566,5528,5419,5606,5606,5727,5717,5662,5833,5900,6092,6113,6302,6615,6040,6103,6310,5977,5865,5993,6072,6009,5861,5854,6024,5682,5307,5375,5605,5569,5612,5581,5259,5226,5386,5468,5476,5560,5682,5853,5863,5756,5965,5826,5424,5267,5065,5094
6370,栗田工業,8585,8366,8536,8060,8015,8268,8740,8844,8870,8825,8590,8383,9114,8820,8982,8973,8759,8615,8939,9382,8876,9012,9336,9024,8726,8949,9328,9000,9274,9486,9476,9325,9206,8700,8524,8267,7740,8125,8148,8660,8702,8653,8327,8662,8535,8725,8735,8684,8456,8276,8738,8661,8910,8802,8713,8936,8786,8278,8209,8044,8372,8251,7811,7767,7708,7818,8015,8065,8010,7882,7860,7915,8031,8014
7014,名村造船所,4070,4055,4240,4060,3995,4325,4320,4150,4130,3930,3720,3650,3880,3660,3760,3740,3720,3890,4085,3660,3535,3510,3505,3520,3540,3620,3605,3630,3620,3705,3750,3835,3750,3720,3655,3425,3250,3385,3525,3645,3420,3405,3325,3605,3755,4030,3925,3725,3660,3655,3835,4055,4030,3570,4015,4020,3970,3970,4050,3980,3970,4025,3950,3995,3990,3970,3920,4045,3995,3935,4000,4130,4025,4035
9880,イノテック,3455,3280,3240,3000,2906,3070,3190,3255,3350,3360,3190,3115,3465,3405,3450,3570,3495,3410,3540,3710,3570,3750,3865,3895,3835,4010,4255,4105,4310,4330,4230,4175,3840,3930,4035,3950,3875,4045,4040,4180,4300,4285,4100,4185,4105,4300,4330,4225,4230,3995,4230,4225,3745,3265,3215,3325,3270,3120,2950,2741,2767,2721,2710,2633,2613,2657,2728,2746,2806,2860,2809,2639,2560,2556
5253,カバー,1440,1387,1460,1500,1452,1570,1464,,1511,1586,1627,1619,1650,1645,1591,1583,1533,1569,1581,1544,1446,1381,1315,1310,1215,1141,1164,1163,1197,1259,1280,1424,1403,1381,1412,1418,1422,1505,1585,1618,1586,1586,1537,1576,1513,1527,1654,1726,1631,1642,1587,1498,1323,1402,1403,1374,1403,1408,1371,1365,1350,1365,1350,1377,1390,1418,1440,1442,1451,1441,1452,1427,1402,1409
9104,商船三井,5803,5658,5801,5848,5880,5782,5860,5750,5743,5690,5611,5534,5522,5370,5330,5318,5425,5328,5171,5195,5170,5045,5010,5212,5218,5195,5210,5350,5254,5231,5233,5330,5372,5547,5570,5681,5630,5613,5677,5650,5431,5382,5361,5371,5397,5430,5507,5589,5703,5680,5813,5823,5809,5794,5762,5751,5676,5676,5723,5789,5765,5775,5761,6064,5921,6051,6018,6090,6305,6267,6231,6248,6382,6423
6366,千代田化工建,642,626,632,620,622,693,701,690,685,687,641,624,680,652,654,681,685,701,725,714,665,652,636,667,659,666,687,695,704,715,744,769,773,736,753,702,644,667,687,712,687,695,685,725,725,771,796,685,703,704,759,751,790,803,791,746,843,982,1020,994,1008,1027,977,1018,1028,1037,1061,1109,1131,1113,1100,1117,1108,1131
6140,旭ダイヤモンド,1102,1075,1072,1028,1017,1068,1112,,1132,1141,1124,1125,1185,1132,1152,1176,1163,1158,1191,1238,1190,1202,1221,1196,1186,1186,1205,1197,1228,1310,1302,1298,1281,1281,1262,1230,1170,1212,1269,1299,1297,1310,1273,1343,1306,1342,1347,1268,1272,1245,1244,1267,1302,1356,1331,1326,1309,1296,1286,1271,1271,1286,1275,1292,1250,1271,1301,1308,1260,1159,1157,1167,1137,1157
1514,住石ホールディングス,573,569,566,557,566,575,584,589,592,588,560,551,577,573,565,559,554,549,550,555,532,525,520,516,517,517,517,524,532,531,520,537,541,543,545,547,542,550,563,564,550,558,557,585,585,599,580,593,582,586,615,617,693,708,723,724,738,736,735,749,765,768,762,774,802,823,848,850,838,871,837,837,853,819
5631,日本製鋼所,7352,7243,7415,7011,6989,7302,7512,7664,7500,7488,7307,7182,7591,7450,7627,7810,7891,8140,8200,8020,7754,7770,7730,7515,7516,7600,7700,7831,7714,7906,7742,8247,7839,7669,7600,7411,6694,7063,7341,7486,7172,7280,7115,7656,7615,7950,7860,7728,7612,7638,7678,7650,7757,8032,8652,8771,8915,8951,9165,9273,9444,9600,9485,9695,9431,9217,8968,9080,9061,9032,9032,9726,9520,9815
6674,ジーエス・ユアサコーポ,5454,5260,5471,5095,5044,5427,5693,5733,5988,5853,5638,5388,5877,5836,5944,6152,6113,6156,6396,6468,6446,6500,6547,6451,6535,6683,7034,7021,7087,7452,6665,6630,6580,6265,6196,6197,5971,6369,6595,7080,7143,7031,6618,6470,6284,6298,6268,6017,5956,6044,6154,6180,6251,6130,6130,6605,6499,6412,6457,6224,6080,6080,6160,6223,6244,6354,6602,6540,6703,6578,6550,6435,6258,6200
6955,ＦＤＫ,384,377,377,375,380,389,396,,412,409,401,396,422,421,434,435,428,429,443,452,478,471,482,472,485,492,513,502,506,521,504,502,488,467,471,495,488,513,591,488,481,453,426,422,422,407,400,407,404,402,412,410,418,420,426,430,425,433,449,425,415,445,450,450,445,442,450,448,445,450,445,452,441,447
281A,インフォメティス,450,420,417,406,411,422,441,442,460,456,451,443,495,497,515,481,471,519,614,620,603,617,607,666,680,665,715,677,600,562,565,616,602,604,634,526,518,515,568,606,650,665,679,759,802,811,840,758,722,754,790,730,749,712,715,726,782,753,680,710,683,712,755,738,764,757,870,803,731,712,661,643,631,620
6356,日本ギア工業,1295,1242,1243,1220,1235,1294,1325,1350,1393,1368,1328,1385,1523,1490,1455,1455,1412,1492,1575,1708,1521,1455,1472,1475,1458,1431,1472,1456,1452,1476,1476,1525,1393,1360,1402,1393,1329,1416,1431,1517,1451,1448,1442,1633,1622,1670,1496,1361,1345,1341,1403,1361,1366,1403,1397,1457,1474,1464,1434,1485,1586,1628,1550,1452,1411,1225,1258,1304,1293,1319,1254,1271,1195,1232
7711,助川電気工業,4270,4120,4070,4030,4030,4200,4365,,4625,4640,4380,4320,5080,4865,4690,4635,4620,4835,4920,5060,4815,4800,4825,4820,4825,4885,4980,5030,5050,5470,5260,5470,5160,4705,4805,4665,4515,4645,5030,5250,5010,5080,5080,5300,5300,5400,5320,5080,5040,4955,5160,5250,5360,5370,5620,5610,5820,6000,6060,5870,5960,6100,6170,6310,6340,6200,6120,6230,6230,6150,6080,6240,6200,6240
6376,日機装,3780,3605,3590,3500,3480,3730,3965,3935,3975,3940,3880,3685,3795,3575,3580,3685,3660,3710,3825,4000,3840,3815,3815,4020,3990,4140,4095,3930,3980,3905,3850,3860,3715,3665,3690,3565,3450,3390,3130,3160,3035,3065,3015,3105,3140,3255,3255,3025,2988,2794,2863,2781,2530,2614,2582,2643,2614,2585,2628,2600,2590,2552,2574,2581,2526,2493,2570,2622,2653,2714,2747,2807,2802,2788
9115,明海グループ,825,798,770,756,780,848,876,852,839,830,821,816,828,817,811,809,815,811,822,836,817,810,791,790,800,779,778,782,760,753,757,779,790,815,807,838,883,892,958,981,955,1002,1026,1087,1078,1140,1131,1101,1096,1081,1095,1192,1175,1159,1147,1216,1215,1236,1284,1230,1220,1174,1169,1151,1171,1212,1240,1221,1241,1284,1263,1236,1286,1225
3864,三菱製紙,1114,1085,1103,1081,1100,1090,1122,1131,1158,1124,1093,1077,1035,1056,1007,1001,992,993,997,1008,1001,1000,1001,1003,1001,1030,1026,1008,1029,1023,1026,1026,1058,1060,1074,1056,1046,1052,1032,1038,1025,1025,1038,1100,1102,1091,1062,1080,1051,997,1007,971,950,898,909,910,927,934,918,924,924,933,934,937,940,959,956,970,961,956,915,918,892,892
6997,日本ケミコン,3145,2946,2819,2515,2466,2788,3075,3185,3275,3285,2990,3025,3585,3425,3620,3935,3815,3920,4215,5020,4745,5140,5480,5340,5350,5470,5520,5240,5330,5590,5380,5110,4350,4505,4085,4070,3890,4050,4280,4385,4510,4450,4635,4665,3685,3630,3595,2973,2834,2926,2890,2869,2980,3230,3065,3110,3100,2873,2736,2549,2397,2277,2205,2224,2186,2292,2354,2169,2102,2057,1965,1780,1637,1656
4544,ＨＵグループＨＤ,3304,3291,3406,3448,3474,3432,3348,3273,3282,3326,3360,3359,3321,3348,3320,3320,3322,3470,3390,3385,3382,3266,3249,3219,3234,3202,3124,3141,3128,3089,3108,3071,3170,3211,3234,3352,3381,3424,3262,3333,3232,3083,3117,3117,3105,3111,3138,3153,3147,3190,3185,3163,3067,3050,3100,3086,3056,3095,3112,3060,3078,3133,3163,3128,3126,3125,3104,3134,3143,3175,3156,3133,3077,3122
6848,東亜ディーケーケー,852,853,855,850,850,852,852,,850,852,854,850,854,854,849,851,850,854,860,853,852,850,853,860,858,853,854,851,860,857,852,857,855,852,852,850,848,850,851,851,852,860,855,855,853,853,854,850,848,843,869,862,858,863,865,864,869,870,863,862,870,863,866,872,868,870,876,875,872,860,870,873,872,871
5702,大紀アルミニウム,1516,1442,1451,1433,1421,1450,1466,1476,1484,1476,1447,1414,1491,1457,1458,1463,1442,1454,1465,1503,1483,1479,1477,1483,1465,1503,1526,1570,1600,1636,1646,1698,1701,1724,1817,1813,1781,1783,1797,1823,1900,1979,1867,1923,1911,1972,1909,1875,1809,1785,1786,1781,1836,1554,1562,1576,1591,1547,1515,1463,1444,1459,1425,1431,1435,1464,1493,1473,1515,1551,1551,1584,1527,1539
7952,河合楽器,3540,3345,3365,3340,3235,3200,3275,3260,3265,3250,3250,3150,3145,3195,3110,3205,3180,3215,3255,3245,3190,3195,3140,3050,3135,3305,3290,3250,3275,3310,3195,3225,3175,3150,3070,2989,2958,3095,3075,3140,3145,3145,3135,3240,3030,3000,2950,2942,2937,2910,3095,3070,3025,2981,2924,2797,2719,2707,2774,2733,2737,2817,2800,2786,2868,3010,3055,3045,3045,3040,3020,3000,2995,2986
3002,グンゼ,3970,3960,4020,4025,4015,4005,3990,,3955,3960,3970,3900,3970,3955,3945,3960,4015,4020,4020,4000,3945,3860,3845,3835,3835,3815,3840,3800,3820,3815,3810,3810,3795,3790,3815,3790,3695,3725,3635,3695,3665,3655,3630,3700,3670,3665,3625,3650,3670,3605,3695,3660,3655,3545,3570,3575,3615,3555,3620,3590,3600,3665,3625,3665,3670,3740,3835,3915,3890,3880,3845,3875,3900,3930
8871,ゴールドクレスト,3200,3230,3245,3295,3350,3340,3330,,3335,3325,3350,3300,3360,3345,3325,3335,3355,3385,3330,3295,3280,3250,3210,3230,3290,3215,3215,3215,3210,3230,3210,3220,3245,3280,3335,3280,3310,3275,3220,3220,3220,3305,3400,3535,3475,3500,3455,3485,3525,3530,3660,3615,3525,3225,3275,3320,3305,3295,3320,3310,3310,3320,3285,3285,3290,3295,3380,3405,3410,3460,3440,3435,3460,3500
6918,アバールデータ,3115,3000,3000,2880,2815,3060,3120,,3270,3220,2999,2916,3235,3165,3165,3200,3130,3115,3210,3325,3215,3215,3290,3220,3150,3220,3395,3275,3375,3345,3290,3370,3190,3200,3135,3030,2824,2866,3005,3145,3160,3260,3285,3430,3290,3265,3405,3345,3360,3285,3485,3560,3320,3435,3510,3605,3375,3230,3135,2908,2883,2886,2952,2986,2966,2992,2907,2813,2800,2816,2800,2820,2747,2727
6488,ヨシタケ,981,980,974,978,977,980,977,980,976,980,970,960,970,975,968,956,953,957,961,961,954,943,936,933,931,925,932,921,930,939,930,923,920,917,915,913,910,921,928,933,928,923,920,925,920,930,950,950,960,953,961,951,958,938,931,932,935,934,930,934,940,935,933,934,931,925,940,942,952,930,937,940,926,942
8007,高島,790,793,809,805,801,800,797,790,792,785,780,770,780,773,772,774,769,770,769,764,756,753,751,757,753,742,738,739,738,743,741,741,746,741,746,735,729,737,725,732,724,720,715,753,747,747,737,736,733,723,741,746,755,696,680,764,768,776,786,782,781,775,766,768,770,776,786,793,804,809,808,809,808,814
4218,ニチバン,1918,1911,1942,1946,1935,1931,1919,1897,1899,1897,1910,1924,1905,1905,1894,1897,1906,1900,1886,1885,1881,1875,1870,1873,1860,1855,1845,1830,1817,1816,1829,1833,1834,1829,1840,1829,1816,1803,1790,1795,1790,1781,1790,1825,1844,1856,1857,1854,1859,1851,1864,1857,1870,1822,1823,1821,1817,1825,1833,1810,1809,1808,1811,1823,1842,1856,1872,1884,1884,1881,1882,1876,1885,1890
7735,ＳＣＲＥＥＮホールディングス,12250,12015,12385,11430,11370,14025,15550,15815,16505,16470,16375,16030,18100,17270,17645,17805,17315,16265,16750,17295,16920,17840,18385,16960,15740,16350,16810,15900,16125,16450,16435,15390,14550,14750,14410,13730,12460,12560,11275,12395,12955,12305,10685,10850,10775,10880,10860,10670,10650,10310,10290,10710,11155,11955,11050,11250,11275,10910,10930,10390,10190,10380,10630,10390,10130,10310,10650,10490,10510,10720,10820,10970,10440,10335
3905,データセクション,2145,2040,2037,1860,1877,2070,2224,2250,2362,2407,2475,2440,2761,2760,2792,2766,2746,2673,2755,2914,2941,3070,3310,3340,3510,4160,4565,4340,4510,4835,5090,4700,4780,4585,4525,4225,4260,4130,4480,4810,4715,5000,4310,5360,4335,4325,4100,4200,3260,2945,3345,2843,2194,2107,2105,2200,1946,1668,1514,1469,1460,1441,1406,1464,1462,1486,1568,1501,1551,1442,1434,1380,1343,1346
3397,トリドールホールディングス,4149,4246,4322,4480,4308,4193,4103,4009,4016,4031,4169,4116,4038,4049,3992,3961,3972,3967,3890,3835,3835,3842,3772,3844,3760,3727,3652,3600,3492,3540,3552,3552,3650,3702,3739,3800,3858,3768,3700,3676,3727,3780,3787,3783,3736,3648,3850,3787,3800,3858,3775,3715,3628,3880,3957,3913,3901,3956,3950,3996,4040,4051,4053,4067,4108,4142,4157,4175,4165,4215,4246,4225,4258,4286
7270,ＳＵＢＡＲＵ,2568,2566.5,2699,2762,2713.5,2658,2589,2544.5,2579,2578,2525,2505,2484,2470,2475,2480.5,2473,2518,2556.5,2525,2508,2437.5,2399,2369.5,2371,2370,2365,2371.5,2391.5,2400.5,2436.5,2539.5,2569,2506.5,2505,2467.5,2472,2523.5,2462,2444,2453,2436.5,2359.5,2442,2441.5,2424,2445,2439,2450,2430.5,2357,2362,2435.5,2337.5,2266,2265,2247.5,2348,2327,2334.5,2338,2438,2425,2447.5,2477.5,2500.5,2535,2542,2527.5,2534.5,2498.5,2516.5,2501.5,2530
6736,サン電子,9650,9580,9300,8950,8920,9120,9140,8870,8800,8890,9000,8740,8780,8720,9390,9860,10470,10280,10950,9390,9290,8800,8520,8420,8570,9000,8600,8490,8890,9000,9010,9030,9030,8910,8980,8630,8680,8950,8380,8500,8600,8920,8950,9090,9020,9030,8990,9100,8800,8690,8640,8910,8760,8440,8340,8470,8860,8580,8520,8520,8210,8190,7990,7970,7970,7950,7920,7920,7910,7670,6970,7250,7480,8240
2933,紀文食品,1092,1094,1088,1095,1092,1090,1078,,1080,1072,1080,1081,1076,1076,1075,1073,1073,1080,1066,1065,1064,1064,1055,1055,1064,1061,1050,1053,1055,1053,1052,1046,1050,1039,1045,1040,1043,1040,1033,1027,1022,1013,1018,1036,1033,1031,1033,1038,1040,1037,1038,1033,1028,1027,1030,1023,1024,1021,1030,1027,1025,1025,1026,1030,1033,1040,1052,1059,1058,1055,1051,1049,1056,1055
4047,関東電化,2780,2612,2590,2387,2369,2488,2670,2751,2876,2879,2678,2556,3005,2860,2900,3050,3035,3045,3135,3330,3225,3300,3500,3420,3390,3640,3940,3635,3665,3830,3870,3840,3610,3650,3780,3750,3580,3765,3535,3945,3705,3685,3330,3550,3210,3275,3125,2879,2703,2611,2668,2550,1951,2102,1951,1962,1853,1775,1782,1650,1650,1666,1611,1623,1601,1620,1642,1624,1629,1650,1650,1655,1603,1587
6482,ＹＵＳＨＩＮ,654,652,668,660,659,664,685,683,685,682,676,657,665,661,671,678,673,691,694,696,683,688,689,686,703,699,707,706,733,732,732,741,714,687,680,673,659,665,646,657,648,638,638,666,655,657,709,703,705,705,706,711,730,720,724,710,678,674,683,663,658,656,651,656,655,668,677,669,670,676,673,677,672,678
6706,電気興業,3060,3030,3060,2963,2924,2953,2903,,2995,2936,2898,2836,3000,2981,2954,3005,2977,2930,2972,2933,2955,3025,3020,3010,3075,3065,3110,3035,3090,3105,3160,3115,3105,3160,3230,3095,3130,3275,3315,3455,3465,3455,3425,3510,3415,3435,3410,3395,3400,3370,3345,3300,3415,3420,3465,3420,3385,3375,3380,3285,3280,3290,3285,3285,3260,3265,3270,3270,3265,3255,3250,3190,3025,3075
8141,新光商事,1557,1548,1549,1526,1566,1578,1578,,1581,1579,1576,1595,1597,1583,1581,1584,1585,1585,1587,1586,1587,1585,1585,1586,1580,1564,1566,1575,1576,1580,1580,1581,1580,1578,1577,1579,1577,1576,1579,1582,1579,1577,1576,1575,1577,1589,1593,1598,1601,1594,1595,1590,1494,1480,1440,1655,1651,1676,1675,1580,1585,1546,1522,1507,1512,1542,1527,1487,1441,1443,1362,1340,1419,1386
8344,山形銀行,3610,3600,3680,3665,3770,3995,4040,3810,3830,3750,3615,3555,3765,3610,3645,3690,3715,3815,3870,3935,3810,3670,3500,3465,3360,3270,3250,3205,3330,3300,3305,3450,3440,3445,3505,3400,3305,3200,2982,3025,2919,2972,2923,3085,3000,2988,2914,3025,3025,2948,2891,2666,2593,2579,2539,2538,2504,2469,2557,2486,2450,2405,2357,2415,2457,2521,2628,2718,2769,2751,2720,2666,2628,2666
7414,小野建,1403,1402,1438,1439,1445,1426,1437,,1424,1405,1401,1400,1385,1382,1378,1374,1367,1370,1368,1361,1341,1329,1320,1330,1326,1319,1320,1322,1320,1315,1310,1324,1329,1315,1323,1309,1295,1299,1306,1314,1301,1293,1289,1344,1332,1330,1315,1319,1325,1320,1336,1330,1350,1429,1428,1435,1423,1418,1414,1385,1381,1373,1372,1371,1365,1380,1394,1395,1393,1400,1401,1402,1398,1407
6407,ＣＫＤ,5880,5690,5800,4975,4975,5470,6170,,6650,6570,6140,6080,6770,6440,6780,6960,6720,6640,6770,7300,6850,7340,7640,7360,7050,7210,7720,7300,7600,7780,7620,7700,7290,7270,6890,6490,5760,5980,5680,6090,6240,6290,6090,6490,6360,6650,6740,6740,5950,5750,5830,5930,6730,6890,6700,6760,6460,6240,6470,5960,5870,5750,5480,5430,5450,5570,5560,5560,5540,5500,5580,5690,5520,5420
7048,ベルトラ,157,154,156,154,155,156,156,,152,158,164,174,175,171,170,165,161,156,161,166,166,163,162,162,163,161,159,171,166,148,144,130,124,122,120,116,115,116,125,129,126,126,126,130,130,132,136,141,143,141,145,144,143,159,161,159,161,160,161,158,158,160,161,162,167,172,178,182,184,176,175,172,169,173
1808,長谷工コーポレーシヨン,2655,2701,2780,2811.5,2833.5,2826,2783.5,2736.5,2742,2787.5,2812,2799,2807,2766.5,2731,2755.5,2761.5,2836,2841,2826,2825,2776,2758,2822.5,2834,2767,2754,2701.5,2711.5,2663.5,2628,2653,2695.5,2673,2699.5,2690.5,2706.5,2679,2619,2633,2592,2599.5,2555,2686,2679.5,2692.5,2665,2686.5,2714.5,2687,2754,2825.5,2657.5,2688,2770.5,2721.5,2732,2698.5,2732.5,2680,2692.5,2735,2650.5,2680.5,2693,2738,2750,2762.5,2730,2760,2732,2706,2861.5,2893
4208,ＵＢＥ,3130,3089,3137,3149,3139,3192,3288,,3244,3228,3215,3166,3214,3100,3096,3141,3146,3166,3189,3243,3175,3166,3137,3146,3119,3115,3140,3085,3116,3190,3191,3221,3148,3168,3120,3022,2964,2962.5,2883,2897,2937.5,2951,2857,2930.5,2892.5,2960,2969.5,2956.5,2900,2660,2364,2376.5,2365.5,2432,2325.5,2313.5,2376.5,2358.5,2379.5,2351.5,2334.5,2358,2333.5,2337.5,2327.5,2375.5,2413,2412.5,2424.5,2421,2410,2400.5,2415,2440
186A,アストロスケールホールディンク,1066,988,953,925,897,982,1002,1008,1020,1005,951,945,1055,1046,1093,1078,1053,1067,1141,1208,1128,1102,1108,1151,1083,1084,1104,1151,1150,1201,1158,1304,1304,1328,1505,1836,1690,1718,1910,2020,1788,2002,2015,2614,2633,2616,2612,1988,1832,1863,1914,1865,1873,1770,1696,1703,1651,1388,1328,1237,1251,1220,1219,1285,1360,1431,1449,1353,1327,1354,1335,1292,1276,1232
6965,浜松ホトニクス,2320,2281.5,2260.5,2129,2100.5,2181.5,2316,,2408.5,2376,2276,2224,2444,2374,2420.5,2491,2396.5,2387,2442,2546,2543,2635.5,2682.5,2629.5,2530.5,2585.5,2663.5,2623.5,2646.5,2804,2757,2745,2594,2560.5,2521.5,2459.5,2281.5,2320,2572,2788,2820,2806,2617,2807,2660,2669,2964,2727,2635,2555,2627,2661.5,2577,2154,2073,2145,2133,2070,1992,1988,1971.5,1990,1935,1894.5,1879.5,1926.5,1930.5,1918,1912.5,1903,1889.5,1933.5,1907,1926
6331,三菱化工機,3050,2937,3050,3020,2975,3205,3325,3360,3325,3290,3180,3075,3415,3355,3395,3540,3490,3600,3840,3825,3640,3675,3680,3650,3680,3745,3810,3770,3880,3980,3950,4010,3900,3825,3730,3635,3515,3470,3445,3465,3455,3425,3300,3590,3585,3630,3420,3390,3470,3365,3550,3545,3270,3290,3255,3270,3260,3210,3270,3200,3115,3180,3195,3130,3040,2993,3020,3020,3005,3020,3005,3080,3075,3175
7741,ＨＯＹＡ,25030,23955,23985,23615,23340,23640,24585,24420,24650,24900,25160,24625,25305,25340,24975,24795,24230,23910,25220,25475,25565,25500,25560,25625,25170,25020,26120,25875,26485,26860,27035,27770,26900,26510,26445,25965,25165,25265,25100,26155,26280,26360,25990,26985,26740,27025,25870,26225,26580,26220,26705,27255,27630,27380,27300,27220,27050,27405,26805,27750,27665,28945,28785,28300,28180,28625,28970,29290,28995,29405,29620,29205,28965,28925
1321,ＮＦ日経２２５,65050,64840,66070,63400,62580,64100,66330,66450,68500,68210,66470,64880,70180,68580,69000,70850,69830,69530,70560,72170,71000,71950,73420,72580,71230,71850,73910,71630,73150,74510,73960,73550,71960,72290,71530,68870,65270,66720,66370,68940,70040,70520,68610,68610,66850,68120,66750,65190,64060,62080,63070,63190,63790,65600,65120,65040,65280,65010,64660,62110,61640,62450,62330,61980,61330,61720,61750,61450,61360,61220,60700,60010,58830,59050
1944,きんでん,6957,6852,7051,6991,7114,7548,7459,7269,7340,7211,7036,6951,7377,7277,7316,7634,7667,7754,7972,7957,7799,7597,7777,7920,7930,8041,8155,8133,8061,8073,8030,7707,7650,7243,7080,6750,6653,6900,6495,6471,6451,6533,6571,7090,7027,7050,6850,6720,6793,6650,6790,6905,7354,7695,7973,8133,8180,8173,8218,8082,7824,7932,6830,7116,6986,6911,6998,7004,7009,6905,6902,7323,7222,7372
7532,パンパシフィックＨＤ,881.3,887.4,897.3,927.9,925,896.7,862.1,843.8,846.2,853.5,877,881.3,853,873,846.5,848.9,860.3,856.2,838.1,816.8,815.1,808.2,793.6,821,820.1,815.4,813.5,815.1,806.1,809.8,811,825.3,833.8,822.5,837.2,851.6,860.6,836.4,829,822.2,820.2,807.3,794.7,856.4,836.8,801,818.4,854.9,859.6,865.3,866,868.9,842.1,841,878.5,887.5,881.7,882.1,869.3,879,872.7,898.1,906.1,910.1,914.5,941.5,942,946.3,940,954.1,954.7,947,938,931.1
