コード,銘柄名,2026/08/04,2026/08/03,2026/07/31,2026/07/30,2026/07/29,2026/07/28,2026/07/27,2026/07/26,2026/07/23,2026/07/22,2026/07/21,2026/07/17,2026/07/15,2026/07/14,2026/07/13,2026/07/10,2026/07/09,2026/07/08,2026/07/07,2026/07/06,2026/07/03,2026/07/02,2026/07/01,2026/06/30,2026/06/29,2026/06/26,2026/06/25,2026/06/24,2026/06/23,2026/06/22,2026/06/19,2026/06/18,2026/06/17,2026/06/16,2026/06/15,2026/06/12,2026/06/11,2026/06/10,2026/06/08,2026/06/05,2026/06/04,2026/06/03,2026/06/02,2026/05/29,2026/05/28,2026/05/27,2026/05/25,2026/05/22,2026/05/21,2026/05/20,2026/05/19,2026/05/18,2026/05/15,2026/05/14,2026/05/13,2026/05/12,2026/05/11,2026/05/08,2026/05/07,2026/05/01,2026/04/30,2026/04/28,2026/04/27,2026/04/24,2026/04/23,2026/04/22,2026/04/21,2026/04/20,2026/04/17,2026/04/16,2026/04/15,2026/04/14,2026/04/13,2026/04/10
TOPX,TOPIX,3961.78,3960.03,4003.3,3952.5,3974.03,3963.59,4066.07,4011.31,4053.88,4033.13,4014.95,4014.95,3919.21,4088.12,4038.98,4007.49,4036.08,4020.37,4006.43,4062.26,4101.96,4064.6,4014.98,4011.5,3994.76,3982,3963.36,4016.47,3963.76,3990.38,4095.05,4044.96,4068.18,4013.23,3991.14,3881.96,3830.35,3847.6,3852.38,3949.09,3951.85,3996.2,3924.24,3940.7,3957.17,3902.01,3918.01,3942.57,3892.46,3853.81,3791.65,3850.67,3826.51,3863.97,3879.27,,,,,,,,,,,,,,,,,,,
5706,三井金属,31900,30890,30950,27095,25665,28010,31230,31910,33900,33600,31290,29980,34980,34390,35280,36460,35090,33730,35930,37520,38740,38250,43160,42550,41940,42390,46390,46040,46250,52930,48820,48100,47600,48500,44690,43900,37330,36980,41350,44490,46050,47600,49550,51630,48750,51800,53330,49610,46670,44360,44790,47320,46640,50660,54900,50850,51250,50000,48060,41060,42350,41370,39300,38660,36830,38260,37390,35480,36500,37750,35690,38260,36430,37200
5423,東京製鐵,1689,1695,1772,1761,1782,1784,1742,1687,1715,1708,1721,1748,1767,1763,1726,1717,1722,1744,1750,1749,1750,1714,1705,1685,1691,1679,1678,1715,1739,1799,1761,1776,1771,1742,1760,1717,1689,1671,1699,1698,1703,1703,1702,1756,1712,1707,1708,1725,1745,1704,1758,1798,1825,1844,1701,1663,1656,1657,1682,1677,1697,1693,1697,1703,1736,1805,1827,1780,1768,1782,1733,1725,1723,1745
5713,住友鉱山,8058,7961,8185,7430,7315,7364,7785,7460,7902,7521,7317,6794,7404,7329,7156,7275,7190,7305,7462,7924,7930,7521,7336,7469,7492,7635,7653,7955,8251,8834,8607,9273,9155,8863,9200,8638,7735,7844,7996,8578,8654,9099,8779,9093,8910,9608,9800,9504,9193,8980,9280,9560,10275,10565,10820,10725,10155,10615,10085,9532,9423,9664,9599,9713,9740,10030,10290,10070,10150,11020,10645,10400,9867,9986
5711,三菱マテリアル,4144,4151,4193,3971,3944,4034,4224,4166,4294,4204,4124,3970,4242,4160,4047,4087,3960,4254,4359,4626,4555,4452,4387,4315,4322,4363,4424,4559,4630,4889,4836,4901,4882,4898,5005,4640,4443,4471,4595,4904,4973,5187,5050,5153,5128,5271,5255,5038,4890,4786,4959,5057,5428,5362,6100,5817,5584,5562,5340,5080,5092,5215,5157,5261,5292,5419,5548,5500,5528,5774,5652,5688,5460,5560
5714,ＤＯＷＡホールディングス,8197,8159,8235,7990,7907,8089,8432,8276,8542,8457,8271,7946,8443,8369,8280,8376,8257,8425,8586,8963,8834,8790,8602,8666,8770,8744,8735,8984,9184,9670,9480,9745,9839,9685,9870,9377,8905,8997,9257,10005,9834,10370,10150,10300,10530,10845,10935,10390,10165,10125,10370,11125,11640,10025,10655,10350,10360,10180,9848,9492,9476,9730,9500,9640,9667,9782,9937,9792,9962,10355,10055,10055,9677,9758
6701,日本電気,4598,4733,4740,5002,4613,4490,4445,4249,4240,4352,4407,4354,4270,4463,4339,4333,4386,4349,4348,4347,4168,4200,3981,3925,4047,3795,3757,3838,3683,3752,3756,3973,3852,3849,3847,3879,4000,4010,4096,4253,4224,4273,4434,4103,4086,4146,4106,4105,4125,4140,4297,4162,4004,4049,4190,4130,4101,4200,4028,4035,4101,4444,4625,4513,4292,4524,4431,4327,4328,4328,4269,4083,3882,3860
1605,ＩＮＰＥＸ,3492,3519,3627,3628,3616,3566,3652,3761,3697,3615,3580,3401,3450,3524,3391,3361,3427,3388,3281,3309,3242,3204,3205,3265,3278,3351,3287,3401,3456,3448,3500,3429,3406,3378,3495,3559,3607,3483,3641,3685,3648,3707,3567,3604,3693,3689,3658,3839,3885,3990,3993,3934,3921,3920,3930,3944,3848,3788,3850,4118,4150,4123,3930,4074,3969,3807,3830,3843,3985,3948,4035,4190,4277,4147
5703,日本軽金属ＨＤ,2793,2835,2715,2589,2584,2621,2685,2644,2711,2702,2711,2638,2750,2756,2682,2707,2636,2622,2693,2752,2764,2726,2742,2721,2795,2819,2822,2869,2910,3010,2983,2970,2958,3010,3105,3040,2986,3065,3135,3255,3175,3270,3165,3165,3190,3200,3245,3050,3065,3050,3085,3150,3120,3040,2951,2960,2902,2928,2930,2823,2853,2868,2886,2858,2855,2908,2963,2948,2982,3045,3010,3040,2999,2983
8002,丸紅,4937,5132,5201,5196,5205,5272,5450,5370,5384,5260,5194,4988,5110,4920,4862,4879,4924,4961,5048,5026,4963,4806,4668,4690,4713,4692,4607,4687,4793,4913,4895,4909,4949,4921,5042,4899,4812,4795,4870,5044,4968,4993,4910,5196,5224,5220,5312,5271,5325,5374,5553,5638,5856,5898,5740,5520,5418,5418,5495,5755,6072,6084,5910,5936,5929,5908,6001,5885,5853,6040,5909,6018,5932,5950
5021,コスモエネルギーＨＬＤＧＳ,3786,3836,3984,3988,3988,3947,3976,3975,3975,3944,3930,3776,3867,3904,3845,3861,3868,3869,3885,3964,3889,3875,3813,3788,3775,3757,3674,3706,3688,3721,3775,3729,3669,3676,3684,3571,3503,3462,3586,3611,3663,3833,3717,3739,3700,3685,3680,3701,3700,3739,3774,3733,3832,3867,3760,3969,3958,3951,3909,3982,4003,3985,3906,3943,4021,4067,4197,4267,4355,4357,4374,4357,4385,4431
8058,三菱商事,4738,4787,4776,4777,4819,4776,4847,4918,4916,4888,4664,4447,4585,4496,4440,4409,4411,4464,4500,4507,4457,4385,4344,4347,4414,4403,4400,4530,4591,4609,4540,4570,4610,4595,4728,4683,4605,4615,4833,4859,4896,4979,4924,5065,5038,5124,5320,5432,5411,5436,5519,5500,5849,5882,5864,5500,5252,5249,5398,5219,4990,4913,4810,4950,4792,4746,4844,4910,4952,5086,4989,5193,5275,5307
5333,ＮＧＫ,5603,5532,5594,5245,5180,5538,6063,6085,6213,6219,6109,6005,6759,6617,6664,7061,7051,6856,7125,7391,7473,7392,7660,7532,7441,7509,7853,7478,7424,7695,7332,7308,6972,6747,6635,6117,5957,5933,6092,6575,6356,6483,6170,6316,6120,6069,6210,5861,5700,5456,5493,5609,5696,5787,5731,5614,5550,5374,5345,5121,4961,4670,4613,4428,4379,4481,4543,4521,4473,4561,4444,4449,4412,4441
1662,石油資源開発,1701,1710,1767,1765,1766,1732,1744,,1770,1734,1718,1664,1705,1729,1668,1661,1684,1670,1644,1669,1613,1604,1570,1601,1605,1610,1569,1611,1614,1627,1636,1639,1645,1648,1655,1658,1668,1639,1734,1730,1721,1760,1761,1789,1868,1872,1840,1900,1883,2021,1955,1933,1965,2012,1998,2198,2164,2155,2117,2233,2275,2295,2181,2253,2315,2127,2131,2168,2348,2396,2400,2491,2524,2387
8411,みずほフィナンシャルＧ,8131,8094,8167,7818,8112,8210,8631,8652,8766,8529,8302,7930,8624,8480,8417,8307,8214,8250,8227,8195,8078,7973,7814,7743,7652,7794,7725,7722,7820,8043,7884,8249,8006,7757,7793,7563,7394,7614,7562,7716,7645,7633,7346,7195,7065,7217,7304,7457,7301,6982,6886,6525,6912,6984,7050,6970,6890,6771,6926,6704,6722,6936,6598,6427,6482,6613,6647,6775,6768,6872,6955,6790,6735,6786
5541,大平洋金属,2493,2430,2469,2379,2361,2361,2413,,2333,2300,2289,2271,2295,2273,2249,2259,2206,2220,2271,2346,2313,2283,2235,2164,2157,2150,2171,2196,2215,2320,2269,2276,2285,2271,2325,2175,2109,2134,2200,2273,2263,2319,2230,2311,2248,2294,2220,2166,2165,2138,2231,2254,2404,2380,2472,2312,2664,2649,2627,2580,2522,2656,2431,2442,2463,2487,2554,2520,2582,2726,2649,2677,2619,2673
5332,ＴＯＴＯ,6295,6171,7010,6717,6707,6937,7453,,7561,7606,7533,7451,7946,7973,7888,8059,8119,8076,8435,8551,8586,8461,8263,8611,8490,8533,8868,8701,8853,9315,8390,8262,8297,8144,8190,7681,7450,7500,7664,8003,8026,7926,7284,7678,7381,7290,7057,6820,6570,6399,6689,6929,7127,7235,6906,6896,7175,7083,6740,6425,5425,5425,5373,5346,5221,5242,5384,5547,5522,5578,5500,5421,5322,5732
8725,ＭＳ＆ＡＤ,4742,4820,4924,4988,5050,5039,5029,4898,4873,4801,4740,4483,4574,4513,4431,4428,4505,4520,4534,4552,4454,4395,4281,4240,4260,4241,4252,4450,4616,4640,4551,4588,4557,4616,4673,4597,4552,4597,4402,4325,4247,4294,4266,4287,4245,4290,4216,4245,4350,4420,4503,4420,4391,4399,4414,4285,4024,3978,4003,3996,4034,4019,3931,3946,3974,3996,4014,4026,4055,4121,4046,4046,4064,4077
8795,Ｔ＆Ｄホールディングス,4969,4969,5088,5020,5080,5032,5176,,5049,5068,4996,4793,5050,4952,4928,4916,4947,4934,4953,5053,4954,4904,4815,4807,4680,4682,4690,4627,4909,4984,4894,4930,4746,4902,4802,4712,4656,4686,4395,4390,4125,4231,4250,4194,4095,4151,4091,4118,4075,4140,4151,4001,3949,4002,3987,3957,3986,3878,3939,3782,3792,3773,3655,3680,3704,3767,3820,3921,4000,4083,4012,4068,4005,4024
5019,出光興産,1249.5,1267,1311,1308.5,1321,1307,1314,1333.5,1325,1316,1292.5,1241,1279.5,1270.5,1246.5,1240,1243,1236.5,1235.5,1243.5,1214.5,1203,1186.5,1198,1206.5,1223.5,1209.5,1233,1250,1254,1259.5,1246,1284.5,1287.5,1331.5,1314.5,1344,1332,1348.5,1381,1397,1407.5,1354.5,1398.5,1314.5,1326.5,1313,1332,1346,1374.5,1376.5,1365.5,1428,1417.5,1389,1394,1360,1340.5,1370,1370,1348.5,1348,1315,1336,1345.5,1385,1411.5,1444.5,1487.5,1505,1509,1536,1545.5,1544
8591,オリックス,6328,6348,6410,6315,6496,6400,6673,6535,6617,6582,6502,6203,6593,6430,6391,6469,6449,6377,6418,6388,6331,6278,6199,6149,6138,6140,6169,6207,6334,6485,6325,6462,6336,6305,6170,6092,6050,6167,6101,6113,6250,6300,6220,6237,6124,6156,6286,6230,6241,6052,5914,5778,5772,5787,6018,5986,5514,5277,5252,5209,5275,5350,4871,4846,4850,4897,4947,5040,5010,5069,5033,4982,4835,4879
3436,ＳＵＭＣＯ,6328,6348,6410,6315,6496,6400,6673,3623,6617,6582,6502,6203,6593,6430,6391,6469,6449,6377,6418,6388,6331,6278,6199,6149,6138,6140,6169,6207,6334,6485,6325,6462,6336,6305,6170,6092,6050,6167,6101,6113,6250,6300,6220,6237,6124,6156,6286,6230,6241,6052,5914,5778,5772,5787,6018,5986,5514,5277,5252,5209,5275,5350,4871,4846,4850,4897,4947,5040,5010,5069,5033,4982,4835,4879
5020,ＥＮＥＯＳホールディングス,1281.5,1294,1327.5,1304,1310.5,1296,1323.5,1320,1337,1320,1300.5,1243.5,1283,1264.5,1254.5,1252,1256,1243.5,1248.5,1260,1221,1219.5,1205.5,1197,1200,1214.5,1191,1207,1242.5,1251.5,1264,1226.5,1246.5,1241,1246,1235.5,1222.5,1208.5,1250,1277,1287,1327.5,1286.5,1305.5,1291.5,1296,1289.5,1300,1307.5,1313.5,1360,1358,1386,1315.5,1351.5,1371,1305,1289.5,1311,1325.5,1320.5,1300.5,1284,1299.5,1298,1319,1325.5,1337.5,1375,1406.5,1413.5,1430,1427.5,1425.5
6254,野村マイクロ・サイエンス,4210,3970,4010,3550,3440,3680,4140,4120,4300,4100,4115,3850,4385,4375,4335,4625,4340,4220,4390,4700,4915,4700,5190,4920,4980,4645,4940,4740,5030,5450,4805,5070,4900,4600,4565,4320,3940,3965,4015,4255,4455,4385,4360,4590,4725,4695,5130,4980,4585,4415,4675,4860,4950,4355,4325,4490,4630,4480,4070,3675,3655,3765,3735,3660,3720,3720,3850,3845,3715,3770,3650,3650,3565,3565
3863,日本製紙,1338,1345,1376,1446,1474,1505,1502,1509,1590,1518,1518,1460,1403,1360,1342,1327,1319,1344,1339,1337,1309,1323,1297,1276,1270,1249,1246,1203,1192,1199,1198,1190,1242,1231,1235,1218,1210,1214,1253,1220,1188,1198,1222,1259,1367,1351,1360,1364,1371,1397,1437,1474,1450,1476,1474,1510,1443,1451,1412,1371,1312,1266,1302,1432,1418,1481,1484,1451,1431,1404,1361,1335,1318,1322
8601,大和証券Ｇ本社,1765.5,1812,1807,1792.5,1838.5,1836,1871.5,1857,1867.5,1852.5,1847,1779.5,1879,1802,1777,1768.5,1739.5,1777.5,1762.5,1713.5,1684,1647,1631.5,1595.5,1588.5,1596.5,1589.5,1581,1594.5,1626,1606,1630,1607.5,1602.5,1595,1569.5,1538,1563,1535.5,1561,1532.5,1532.5,1499,1500.5,1472,1466,1495,1490,1509,1472.5,1491.5,1467,1482.5,1478,1495,1468.5,1464,1445,1518.5,1453,1467.5,1466.5,1516.5,1505,1496,1505.5,1523,1523.5,1531,1559,1571.5,1547.5,1532,1545.5
5233,太平洋セメント,4000,3959,4074,4174,4224,4211,4208,4121,4177,4203,4092,3921,3984,3965,3869,3904,3940,4000,4090,4174,4088,3937,3891,3971,4052,4087,4092,4081,4133,4206,4280,4376,4425,4370,4407,4201,4075,4130,4265,4348,4425,4460,4359,4530,4289,4225,4140,4137,4078,3970,3915,3818,3967,4059,4213,3781,3634,3618,3690,3577,3568,3639,3622,3558,3537,3615,3657,3681,3669,3714,3668,3704,3691,3701
8308,りそなホールディングス,2191.5,2246.5,2191.5,2178,2245.5,2265,2393.5,2365.5,2350,2322,2286,2224.5,2379.5,2370,2362.5,2335.5,2364.5,2358,2326,2283,2245.5,2197,2114.5,2106,2104.5,2102,2107,2121,2162,2230,2196,2256,2161.5,2144.5,2203,2147,2116,2139,2085.5,2118,2097,2052.5,2023,2039.5,2036,2045.5,2124,2139.5,2120,2028.5,2078,2020,2042,2047,2061.5,2054,1998,1940,2010,1927,1938.5,2006,1838,1820.5,1810,1855.5,1913.5,1953.5,1966,1914,1930.5,1866,1881.5,1888.5
5938,ＬＩＸＩＬ,1720,1719,1735,1886,1931,1896.5,1900,1813.5,1847,1830.5,1861.5,1874.5,1889,1875.5,1838.5,1838.5,1867,1893.5,1891.5,1880,1865.5,1832,1791.5,1804,1797.5,1771,1757.5,1701.5,1706.5,1741.5,1732.5,1721,1721.5,1736,1736,1721,1728,1739,1723,1710,1700,1706.5,1674,1686.5,1694.5,1681.5,1658,1645,1639,1622,1657,1634,1672.5,1665.5,1674,1678.5,1670,1701.5,1679.5,1662,1619,1628,1603.5,1611,1612,1617,1638,1643.5,1615.5,1625,1615.5,1608,1606.5,1668
8570,イオンフィナンシャルサービス,1528,1544,1570.5,1564.5,1583,1574,1580,1562,1568.5,1580.5,1569.5,1527,1542.5,1554.5,1544.5,1518,1532.5,1533.5,1524,1521.5,1507,1481.5,1470.5,1466,1469.5,1465,1465.5,1445,1443,1463.5,1476.5,1474,1491.5,1499.5,1515.5,1509.5,1506,1506,1458.5,1461.5,1434,1459,1460,1510,1518,1540.5,1550.5,1560,1592.5,1572.5,1584,1583.5,1560,1560,1560,1551,1532.5,1504.5,1551.5,1560,1558.5,1557.5,1529.5,1549.5,1555.5,1537,1548.5,1560,1564.5,1610,1606,1597,1588,1523.5
5406,神戸製鋼所,2050.5,2073,2077,2070.5,2072,2008,2044.5,1984.5,1991.5,1984.5,1969.5,1934,1936.5,1917,1847.5,1860,1881.5,1883,1909.5,1924,1905.5,1857.5,1849,1872.5,1867.5,1876,1875,1883.5,1891.5,1966,1966,2004.5,1978,1989.5,1997,1936.5,1900,1902,1910,1935.5,1940.5,1976.5,1950,1980,1948.5,1965.5,1960.5,1946.5,1930,1881.5,1920.5,1881.5,1962.5,1979.5,1960.5,1980,2012,1937,1980.5,1941,1926.5,1895.5,1860.5,1853.5,1845.5,1875.5,1905.5,1933.5,1931.5,1947.5,1944.5,1950,1947,1953.5
8593,三菱ＨＣキャピタル,1409.5,1430.5,1473,1490.5,1518,1467,1470,1439,1439.5,1437,1440,1390,1414,1399,1378,1364.5,1372,1385,1382,1372,1351,1330,1308,1314,1319.5,1309,1302.5,1294.5,1289,1307.5,1312,1317,1325,1314.5,1334.5,1319,1315.5,1325.5,1298.5,1272.5,1258.5,1265,1265,1301.5,1308.5,1310,1316,1315,1333,1340.5,1344,1336.5,1426,1433.5,1435.5,1440,1414.5,1403,1412.5,1405.5,1423.5,1443,1415.5,1414,1408,1412,1432,1450,1460,1473.5,1465.5,1468,1459.5,1469.5
8604,野村ホールディングス,1515,1505.5,1520,1470,1572.5,1571,1605.5,1600,1624.5,1603,1586.5,1520,1626,1553,1542.5,1543,1526,1543,1535,1490,1471.5,1458,1439.5,1413.5,1415,1423.5,1413.5,1407,1401,1436.5,1408.5,1435,1451,1415,1414,1364.5,1352.5,1387,1359.5,1361,1349.5,1350.5,1324,1285,1250.5,1260,1273,1287,1290.5,1250.5,1276,1248,1273,1265,1273.5,1235,1228.5,1228.5,1250.5,1220,1256.5,1274,1230.5,1312,1332.5,1331.5,1334.5,1341,1334,1387.5,1363,1318,1300.5,1305
3861,王子ホールディングス,872.6,876.3,879.8,892.7,896.5,883,882.4,860.9,869.2,857.9,853.8,837.3,827.5,825,815.3,816.1,824.8,829.8,831,829.7,814.2,812.3,794.6,795.4,805.3,789.4,781.5,775.2,785.5,799.8,804.7,800.3,799.6,793.9,797.3,791,783,785.2,780.6,778.9,774,782.6,767.9,782.2,790.5,780.3,775.8,777.1,793.2,806.6,815.1,810,857,841.8,835.8,830,822,829.2,833.6,824.7,822.5,825.8,815.2,822.2,820.4,833.6,837.1,841.4,842.1,850.6,849.7,852.1,852.8,849
5947,リンナイ,3486,3544,3580,3747,3781,3685,3656,3557,3578,3587,3623,3628,3592,3615,3563,3561,3582,3621,3665,3622,3598,3570,3565,3559,3600,3588,3543,3516,3477,3485,3438,3433,3465,3421,3479,3483,3536,3536,3504,3500,3420,3392,3342,3393,3426,3452,3434,3506,3537,3550,3556,3467,3462,3377,3346,3431,3579,3603,3690,3588,3562,3606,3549,3513,3511,3511,3492,3537,3541,3523,3594,3557,3697,3754
8750,第一ライフグループ,1881,1888.5,1918.5,1898,1936,1902.5,1959,,1905.5,1897,1877.5,1799,1884,1856,1828,1861,1877,1864,1859.5,1875.5,1843,1824.5,1791,1778.5,1739,1726.5,1705.5,1728,1812,1834.5,1814.5,1820.5,1793,1789.5,1776,1753.5,1730.5,1732,1667.5,1662.5,1647.5,1650,1622,1636,1627.5,1664,1666,1650.5,1669,1656,1654,1615,1618,1500,1502,1479,1466.5,1438.5,1464,1423,1440,1444,1398.5,1410.5,1415.5,1437,1444.5,1459,1459.5,1503,1481,1483.5,1474.5,1482
3402,東レ,1146.5,1129.5,1158,1155.5,1163,1150,1178.5,1154,1179.5,1169.5,1165,1148.5,1172,1154.5,1138,1142.5,1146,1166,1170.5,1175,1173.5,1133,1125,1127.5,1138.5,1138.5,1158,1147,1141,1171.5,1159,1192.5,1190,1177,1197.5,1145,1118.5,1113,1094.5,1121.5,1105.5,1152,1121.5,1192,1133,1143.5,1135.5,1085.5,1085.5,1076.5,1082,1076.5,1150,1163.5,1167.5,1145.5,1133,1129,1138,1106,1121,1140.5,1119.5,1110.5,1112.5,1126,1145,1147,1156.5,1171.5,1144,1151.5,1150.5,1175.5
8306,三菱ＵＦＪフィナンシャルＧ,3470,3567,3571,3525,3647,3661,3799,3754,3750,3668,3580,3473,3697,3600,3541,3461,3414,3433,3446,3370,3326,3306,3247,3207,3211,3245,3233,3205,3267,3333,3278,3374,3272,3228,3242,3162,3141,3183,3168,3219,3169,3137,3046,2999,2982,3031,3066,3091,3067,3030,3108,2995,2929,2877,2926.5,2886,2856.5,2806.5,2863,2798,2817,2875,2788,2755.5,2752,2794,2830.5,2870.5,2870,2946.5,2913.5,2850,2860,2842
5401,日本製鉄,646,647,649.6,660,672.8,654,636.9,,607.79999999999995,599,598.6,585.6,574.29999999999995,567.6,560,550.20000000000005,556,556,560.29999999999995,559,548.20000000000005,542,531,536.1,546.1,543.29999999999995,547,547.20000000000005,551,562.29999999999995,559.79999999999995,565.4,557.5,566,574.20000000000005,551.6,535,542.29999999999995,538.79999999999995,547,540.5,546.70000000000005,536.6,566.6,563.6,563.20000000000005,556.20000000000005,553.5,546,540.70000000000005,550,549,559.9,556.20000000000005,559.4,559.4,561.1,570.9,582.70000000000005,571.9,572.29999999999995,577.79999999999995,569,573.1,580.1,587.6,593.20000000000005,599.79999999999995,595,598,598,595,595.79999999999995,600.20000000000005
8572,アコム,469.8,475.4,476.7,489.6,494,488.6,493.6,485.3,489.4,492.1,489.5,484.1,488.5,484,481.8,480,483.7,486.3,482.1,485,470.3,462.3,455.7,453.8,454.4,449.5,445.5,443.4,447.3,447.3,448.6,447.6,450.6,449.3,453.2,451.1,449.3,451.9,445.2,446.6,442.1,450.5,448.5,467.5,466.2,463.6,462.9,464.1,468.8,460,465.3,456.9,464.3,458.9,455.7,489.3,489,494.1,492.1,492.7,500.8,504.5,495.4,500.2,500.5,515.29999999999995,517.29999999999995,482.9,484,480.1,477.1,474.6,468.4,471.5
3941,レンゴー,1493.5,1490,1492,1519.5,1534.5,1519.5,1528,1461.5,1480,1464.5,1463.5,1430.5,1435.5,1419.5,1405,1412.5,1410.5,1448,1419.5,1428.5,1411,1406.5,1415.5,1417.5,1437.5,1435.5,1407.5,1393,1404.5,1401,1430.5,1424,1408,1413,1420.5,1383.5,1372,1389.5,1377.5,1389,1379,1401,1397,1458,1424.5,1419.5,1387,1396,1411,1392,1409,1384.5,1404,1385,1244,1218.5,1228.5,1240,1236.5,1227,1228.5,1256,1269.5,1274,1271.5,1292.5,1306,1265,1251.5,1282,1263,1263.5,1264,1268
5929,三和ホールディングス,3498,3530,3442,3945,3953,3953,3899,,3791,3764,3776,3768,3708,3689,3660,3670,3722,3708,3866,3874,3808,3800,3742,3789,3847,3729,3749,3660,3660,3675,3672,3725,3713,3702,3747,3618,3598,3646,3504,3538,3463,3425,3337,3645,3475,3400,3299,3306,3339,3283,3389,3315,3455,3646,3536,3508,3602,3643,3614,3540,3569,3653,3596,3591,3617,3652,3675,3663,3600,3632,3707,3698,3681,3691
8316,三井住友フィナンシャルＧ,6515,6614,6814,6666,6876,6934,7214,7161,7167,7072,6951,6721,7121,6967,6925,6814,6816,6811,6812,6800,6672,6573,6433,6346,6344,6391,6340,6356,6458,6645,6482,6728,6450,6409,6519,6406,6203,6227,6105,6230,6129,6148,5951,5819,5849,5950,6056,6006,6031,5882,5942,5732,5702,5675,5852,5789,5661,5546,5689,5541,5512,5648,5404,5347,5350,5442,5471,5575,5598,5690,5650,5539,5577,5536
5449,大阪製鐵,2448,2368,2506,2814,2875,2785,2709,2649,2620,2568,2581,2539,2537,2486,2532,2526,2478,2513,2510,2405,2421,2328,2265,2278,2387,2291,2284,2301,2331,2342,2358,2286,2238,2406,2401,2336,2306,2321,2296,2358,2359,2405,2321,2593,2597,2680,2508,2381,2377,2272,2263,2251,2375,2343,2315,2469,2555,2545,2607,2518,2459,2469,2318,2312,2315,2349,2398,2428,2416,2409,2450,2456,2393,2481
8766,東京海上ＨＤ,7709,7885,8114,8202,8393,8234,8243,8116,7958,7971,7874,7526,7772,7720,7613,7609,7870,7700,7716,7810,7584,7511,7112,7202,7248,6903,6850,6970,7288,7298,7194,7324,7252,7288,7301,7325,7404,7406,7232,6996,6940,7098,7046,7111,7189,7367,7387,7381,7697,7817,7949,7627,7568,7362,7369,7140,7150,7030,7210,7093,7202,7238,7164,7176,7072,7218,7159,7175,6933,6972,6836,6915,7000,7095
5201,ＡＧＣ,5585,6063,6079,5975,6060,6168,6260,6187,6315,6344,6257,6135,6516,6422,6339,6426,6479,6418,6578,6737,6885,6780,6957,6965,6914,7146,7264,7178,7250,7551,7616,7564,7421,7270,7382,7023,6964,6941,7214,7735,8117,8221,7643,6938,6883,7020,6657,6495,6216,6049,6226,5957,5999,6033,6065,6014,5636,5580,5683,5574,5589,5754,5689,5629,5597,5664,5769,5739,5717,5750,5618,5643,5682,5827
8630,ＳＯＭＰＯホールディングス,6811,6872,7113,7219,7361,7264,7261,7051,6946,6906,6946,6630,6637,6584,6478,6513,6645,6714,6642,6770,6635,6486,6250,6238,6214,6126,6105,6151,6352,6459,6342,6380,6194,6248,6242,6149,6174,6146,5992,5898,5774,5900,5900,5958,5902,5933,5575,5676,5568,6238,6435,6134,6100,5998,6084,5893,5821,5762,5857,5705,5797,5771,5695,5837,5833,5820,5888,5876,5898,5974,5900,5902,5915,5976
5901,東洋製罐グループＨＤ,3995,4007,4072,4106,4186,4150,4146,4097,4061,4119,4120,4053,4027,4005,3999,4027,4046,4105,4149,4162,4111,4074,4079,4083,4141,4167,4111,4068,4096,4121,4127,4106,4076,3991,3979,3933,3837,3846,3842,3772,3795,3872,3778,3890,3864,3949,3973,3996,4344,4018,4003,3822,3706,3433,3445,3363,3388,3531,3531,3438,3239,3207,3152,3220,3226,3288,3397,3383,3353,3409,3399,3349,3414,3474
9412,スカパーＪＳＡＴ,2214,2156,2102,2048,2040,2173,2216,2213,2260,2299,2285,2277,2435,2481,2487,2530,2576,2556,2660,2664,2766,2610,2552,2677,2593,2485,2592,2794,2863,3235,3200,3275,3355,3270,3220,3485,3240,3165,3495,3645,3415,3720,3755,4470,4535,4455,4455,4260,4115,4190,4045,4040,4180,4145,4205,4030,3750,3690,3485,3515,3450,3315,3090,3285,3170,3170,3405,3325,3370,3235,3145,3155,3015,3060
6203,豊和工業,1383,1360,1381,1352,1324,1373,1435,1434,1442,1440,1465,1426,1650,1595,1601,1641,1595,1589,1672,1678,1635,1569,1513,1508,1548,1607,1581,1579,1594,1709,1619,1700,1630,1556,1548,1541,1605,1676,1795,1817,1750,1830,1927,1783,1670,1370,1369,1353,1318,1276,1323,1301,1388,1390,1457,1455,1539,1506,1537,1525,1521,1585,1505,1493,1511,1543,1403,1357,1360,1360,1393,1449,1467,1472
4676,フジ・メディア・ＨＤ,3876,3919,3981,4150,4259,4206,4166,4055,4020,4100,4114,4029,4186,4177,4158,4113,4075,4065,4145,4083,3970,3996,3933,3829,3825,3843,3989,3806,3900,4103,4001,4022,4007,4021,4065,4045,4094,4122,4129,4176,3838,3843,3866,3774,3737,3744,3701,3802,3808,3834,3808,3701,3814,3789,3862,3861,3965,3928,3955,3910,3857,3879,3937,4059,3969,3979,3932,4066,3773,3904,4164,4198,4202,4260
1961,三機工業,2312,2222,2309,2226,2203,2338,2472,2438,2444,2489,2475,2470,2628,2550,2552,2650,2667,2640,2817,2899,2796,2851,2867,2962,3050,3120,3125,3040,3025,3125,3035,2951,2700,2590,2665,2470,2453,2463,2312,2318,2253,2160,2160,2316,2257,2227,2232,2189,2181,2267,2398,2414,2575,2646,2596,2646,2608,2517,2549,2424,2409,2413,2340,2326.6666,2266.6666,2330,2380,2353.3332999999998,2393.3332999999998,2440,2436.6666,2660,2730,2740
3107,ダイワボウＨＤ,3605,3535,3576,3602,3655,3594,3599,3512,3467,3481,3478,3392,3454,3414,3341,3392,3402,3394,3447,3500,3504,3462,3416,3449,3513,3420,3385,3323,3330,3344,3333,3357,3330,3409,3463,3411,3451,3452,3501,3513,3497,3589,3533,3422,3396,3346,3359,3485,3534,3514,3581,3514,3450,3426,3415,3392,3385,3403,3297,3202,3207,3213,3159,3134,3107,3109,3099,3126,3166,3165,3158,3137,3125,3098
4045,東亞合成,1825.5,1832.5,1796,1790,1795.5,1787.5,1801.5,1768.5,1770,1771,1745,1723.5,1745,1734.5,1706,1724,1739.5,1737,1755,1784,1771,1754.5,1734.5,1740.5,1753.5,1780,1782.5,1755.5,1742.5,1764,1759,1775,1758.5,1759,1766,1728,1706.5,1694,1720,1731.5,1744,1758,1738.5,1759,1747,1734.5,1730.5,1713.5,1704,1685.5,1729,1746.5,1748.5,1763,1746,1733.5,1725,1719,1734,1715.5,1702.5,1719,1708,1745,1775.5,1760,1790,1785,1802,1803.5,1782.5,1781.5,1772.5,1791
5857,ＡＲＥホールディングス,3090,3050,3095,2987,2993,3055,3125,3080,3160,3065,3030,2935,3085,3045,2969,2953,2953,2967,3005,3085,3035,2960,2914,2927,2951,2915,2860,3090,3105,3235,3205,3190,3305,3180,3215,3065,2929,3030,3095,3180,3160,3300,3265,3375,3265,3335,3485,3530,3425,3465,3690,3715,3925,3860,4060,3875,3845,4075,4010,3505,3530,3645,3635,3645,3665,3795,3995,3720,3800,3860,3750,3780,3720,3690
8281,ゼビオホールディングス,1074,1089,1096,1121,1138,1112,1117,,1095,1109,1108,1116,1095,1092,1083,1091,1096,1107,1115,1107,1077,1068,1053,1052,1071,1066,1044,1032,1028,1024,1038,1047,1050,1053,1072,1070,1055,1065,1031,1027,1015,1015,1031,1058,1054,1044,1044,1056,1050,1044,1049,1021,1000,964,966,959,962,964,973,988,993,999,990,993,997,1010,1020,1029,1016,1018,1021,1008,1003,1010
4540,ツムラ,3767,3790,3817,3936,4045,3929,3941,3799,3822,3861,3880,3850,3855,3889,3823,3820,3800,3786,3775,3794,3755,3727,3698,3719,3739,3729,3697,3790,3716,3747,3725,3722,3704,3761,3723,3724,3744,3751,3714,3680,3712,3727,3708,3810,3750,3847,3752,3820,3895,3932,3934,3818,3778,3731,3702,3527,3563,3582,3628,3630,3651,3700,3692,3703,3688,3690,3718,3746,3753,3753,3782,3750,3763,3779
9984,ソフトバンクグループ,5228,5393,5260,4622,4741,5095,5331,5500,5918,5703,5751,5424,6360,6574,6364,6370,5757,5763,5771,5979,6169,6195,6000,5963,5894,6226,7118,6597,6513,7244,7111,7189,6880,7102,7139,6472,6374,6461,6976,7426,7377,8315,8632,7491,7125,7272,7070,6757,6039,5039,5361,5593,5745,5770,6012,5987,5743,6131,6424,5424,5219,5268,5844,5963,5837,5620,5181,4774,4527,4672,4444,4242,3764,3778
4063,信越化学,5987,5845,5800,5756,5690,5872,6146,6702,6970,7075,7205,7157,7690,7471,7340,7320,7010,6920,7158,7415,6958,7024,7259,7008,6942,6835,7150,7100,7301,7307,7310,7459,7549,7454,7564,7188,6858,6695,6863,7350,7641,7806,7473,7758,7344,7406,7041,7034,6857,6845,7032,7013,7105,7476,7417,7520,7574,7480,7711,7104,7246,7081,6949,6768,6664,6642,6733,6773,6907,6910,6809,6695,6662,6556
4536,参天製薬,1870,1869,1884,1936.5,2020.5,1960,1972,,1962.5,1987,2022.5,2042.5,2101,2127,2151,2135,2171.5,2174,2218.5,2236,2209.5,2175.5,2134.5,2133,2147.5,2128.5,2128,2045,2004,1945.5,1874,1888.5,1882,1919.5,1902.5,1923.5,1935.5,1942,1954,1927,1872,1855,1863.5,1915.5,1888.5,1934,1925,1905,1883,1902.5,1893.5,1844,1861,1882,1815,1561.5,1622,1617.5,1629,1643,1616,1650.5,1647.5,1674,1663,1683,1717,1752,1772,1782,1800.5,1800,1806,1826.5
6503,三菱電機,5649,5536,5912,5318,5172,5319,5669,5650,5746,5629,5591,5370,5764,5592,5647,5827,5783,5699,5947,6043,5944,5913,6034,5876,5860,5858,5986,5982,6104,6183,6051,6056,5863,5872,5858,5545,5446,5572,5668,6014,5952,6085,6001,6558,6557,6500,6560,6301,6069,5747,6020,6350,6416,6436,6468,6373,6447,6460,6448,6071,6231,6078,6048,5999,5881,5935,6028,6088,5799,5975,5811,5859,5814,5813
4980,デクセリアルズ,3467,3300,3304,3136,3135,3371,3637,3551,3680,3692,3613,3509,3941,3931,3922,4139,4022,3955,4036,4264,4298,4091,4203,4254,4277,4407,5021,4970,4847,4931,4859,4681,4608,4568,4285,4019,3785,3686,3920,4369,4313,4503,4482,4038,4029,4052,4365,4093,4085,3751,3872,4187,3849,3149,2648.5,2681,2739.5,2719.5,2642.5,2481,2441.5,2461.5,2507.5,2440.5,2385,2469,2451.5,2450.5,2433.5,2424.5,2372.5,2373,2324,2362
9424,日本通信,115,116,114,115,114,112,114,,112,112,115,113,118,115,116,113,111,111,112,112,109,108,105,108,108,107,107,107,107,112,113,114,115,112,113,113,113,114,113,116,115,115,113,113,115,115,120,123,120,122,124,121,124,125,125,126,128,127,126,126,125,125,124,126,124,128,129,130,131,132,130,125,124,127
3854,アイル,2210,2225,2260,2310,2355,2300,2297,2238,2263,2310,2330,2351,2400,2377,2425,2422,2455,2475,2458,2340,2321,2256,2225,2211,2200,2151,2133,2162,2161,2176,2186,2195,2190,2182,2200,2217,2352,2410,2439,2493,2475,2603,2622,2551,2568,2515,2523,2572,2470,2460,2470,2398,2344,2312,2379,2369,2406,2415,2373,2344,2383,2396,2389,2395,2428,2442,2465,2439,2423,2381,2423,2384,2345,2352
6027,弁護士ドットコム,2290,2277,2312,2327,2267,2281,2316,2199,2233,2287,2313,2390,2391,2410,2358,2374,2340,2433,2411,2409,2390,2451,2403,2264,2265,2050,2009,2065,2087,2196,2236,2130,2134,2105,2081,2106,2109,2171,2210,2289,2226,2275,2309,2406,2436,2462,2566,2548,2566,2575,2766,2769,2710,2751,2738,2671,2735,2720,2676,2520,2463,2487,2446,2525,2579,2593,2584,2580,2583,2635,2734,2578,2565,2565
7806,ＭＴＧ,7400,7800,7610,7180,7300,7530,7610,7670,7800,7670,7910,7460,7700,7340,7270,7550,7470,8100,8150,8140,8100,7860,7520,7460,7430,7260,7470,7390,7360,7680,7650,7650,7310,7260,7100,7060,7140,7020,6730,6800,6700,7200,6930,7500,7440,6990,6390,6220,6410,6400,6620,6290,6710,7180,6720,6610,6520,6290,6350,6100,5770,5950,5960,6270,6390,6600,6550,6600,6600,6490,6390,6300,6090,6070
9202,ＡＮＡホールディングス,3100,3129,3116,3153,3221,3140,3081,2951,2993,3007,3052,3027,3004,3043,3015,3016,3053,3129,3164,3180,3140,3083,2956.5,2968,2999,3000,2992,2952,2920,2934.5,2961,2996,3033,3043,3010,2839,2804.5,2823,2799,2840,2815.5,2830,2846,2988.5,2886,2883,2874.5,2784,2785,2717,2746,2717,2745,2769,2765.5,2789.5,2828.5,2838,2848.5,2709.5,2601.5,2629,2667,2697,2714,2822,2852.5,2882,2821,2858.5,2874.5,2856.5,2854,2896.5
2802,味の素,4953,4896,4965,4839,4847,4888,5069,5096,5102,5253,5252,5194,5606,5656,5615,5731,5721,5702,5831,6091,6167,6042,6175,5873,5816,5721,5742,5480,5652,6160,5790,5787,5340,5146,5060,5158,5084,4729,4806,4942,5118,5227,5262,5152,5142,5289,5475,5300,5176,5068,5178,5193,5269,5542,5483,5439,5499,5030,4958,4882,5090,4767,4786,4758,4590,4658,4721,4607,4574,4690,4667,4617,4607,4652
7203,トヨタ自動車,2918.5,2963.5,3067,3126,3224,3008,2965.5,2897,2950,2939,2944.5,2899.5,2875.5,2839,2806,2823,2824,2889,2946,2923,2828,2793,2724.5,2725,2772,2768,2700.5,2686,2706,2741.5,2776.5,2793.5,2810,2847.5,2902.5,2775.5,2747.5,2814,2822.5,2850,2838.5,2881,2844,3042,3030,3008,3026,2987,2978,2942,2957,2954.5,3085,3008,2939.5,2843,2870,2913,2978,3000,3023,3112,3067,3067,3123,3191,3280,3390,3343,3392,3381,3326,3319,3319
6954,ファナック,6187,6114,7135,6624,6463,6373,6785,6624,6938,6873,6776,6637,7008,6839,6957,7156,6851,6700,7072,7477,7439,7209,7415,7355,7051,7026,7357,7362,7459,7960,7473,7596,7515,7400,7344,6950,6778,6763,7128,7648,7800,7975,7593,7892,7984,8154,8428,8174,7667,7322,7662,7966,8228,8036,7680,7750,7564,7515,7095,6820,6875,6961,7256,6256,6340,6511,6478,6503,6228,6333,6168,6231,6182,6249
6479,ミネベアミツミ,3847,3765,3702,3512,3545,3668,3900,3879,3971,3950,3902,3821,4185,4151,4166,4381,4370,4321,4372,4500,4848,4694,4998,4756,4771,4805,5246,4922,4928,5054,4628,4623,4718,4618,4476,4233,4319,4396,4546,4994,4968,4880,4675,4562,4276,4232,4221,3992,3877,3730,3878,3815,3944,3978,3914,3566,3458,3380,3290,3108,3124,3059,3073,3086,3027,3096,3128,3092,2949.5,3011,2863.5,2872.5,2863,2845.5
1833,奥村組,5730,5780,5790,5790,5810,5850,5850,,5730,5670,5670,5600,5680,5610,5560,5650,5720,5680,5780,5760,5680,5660,5640,5620,5700,5650,5590,5640,5600,5690,5670,5800,5700,5720,5800,5640,5550,5560,5490,5620,5480,5550,5560,5610,5610,5520,5570,5460,5560,5600,5740,5660,5950,5980,6160,6320,6230,6110,6160,6120,6150,6140,5980,6000,6060,6030,6120,6120,6140,6230,6240,6280,6240,6310
6841,横河電機,5894,5704,5782,5605,5560,5655,6022,5792,5769,5727,5707,5468,5600,5470,5577,5559,5439,5437,5642,5854,5812,5584,5714,5635,5594,5587,5579,5520,5535,5698,5409,5478,5380,5230,5162,4848,4766,4757,4941,5226,5313,5350,5125,5001,4914,4927,5044,4830,4771,4700,4817,4864,5013,5093,5268,5260,5371,5171,5734,5409,5463,5450,5331,5264,5279,5447,5584,5500,5414,5461,5387,5611,5602,5637
7167,めぶきフィナンシャルＧ,1496.5,1483,1497,1465.5,1498.5,1520,1554.5,1541,1515.5,1499,1474.5,1427,1531.5,1523,1531.5,1539.5,1556,1565.5,1528,1529.5,1509,1479.5,1431.5,1412,1412.5,1407.5,1380.5,1384.5,1411,1425.5,1411,1439.5,1388.5,1413,1413.5,1402,1372.5,1375.5,1348.5,1357.5,1341,1338,1314.5,1329.5,1353,1371.5,1388,1396.5,1409.5,1385.5,1365.5,1366.5,1377.5,1370.5,1366.5,1362.5,1338,1313.5,1344.5,1296,1298.5,1319.5,1234,1222,1236,1244.5,1281.5,1317.5,1343.5,1356,1354,1343.5,1344,1353.5
1925,大和ハウス,4544,4584,4678,4832,4909,4765,4740,4579,4566,4605,4639,4582,4600,4594,4541,4506,4520,4545,4576,4563,4503,4458,4391,4417,4452,4424,4351,4320,4275,4292,4363,4372,4358,4346,4388,4300,4283,4381,4249,4191,4227,4265,4187,4334,4374,4402,4431,4416,4453,4485,4544,4483,4538,4538,4777,4783,4770,4773,4811,4763,4788,4876,4768,4783,4840,4838,4907,4912,4852,4919,4917,4899,4923,4992
5411,ＪＦＥホールディングス,1799.5,1794,1817.5,1865,1867.5,1795,1804,1726,1729,1714.5,1739,1697.5,1679,1666,1626.5,1623,1620,1647.5,1654,1654,1600,1571,1552.5,1560,1563.5,1547.5,1546,1559,1561.5,1607,1614,1644.5,1637,1647,1647.5,1613,1573,1582.5,1580,1614,1601,1594.5,1598,1700.5,1677.5,1676.5,1630,1635,1655,1636.5,1668.5,1652.5,1678,1690.5,1720.5,1683,1685.5,1765,1734.5,1716.5,1715,1700.5,1674,1685.5,1695,1723,1748,1771.5,1801.5,1830,1821.5,1820,1836,1866.5
7182,ゆうちょ銀行,3095,3102,3111,3110,3216,3256,3416,3442,3447,3411,3348,3141,3350,3304,3299,3261,3289,3305,3307,3262,3230,3148,3087,3063,3078,3069,3050,3101,3210,3269,3190,3296,3125,3170,3198,3211,3096,3177,3126,3161,3225,3163,3066,3069,2960.5,3001,3093,3104,3193,3075,3021,2977.5,2829,2835.5,2849,2841.5,2796.5,2724.5,2817,2656,2689,2696.5,2539.5,2510,2537,2555,2600,2710,2731.5,2798.5,2772.5,2724.5,2726.5,2710.5
1963,日揮ホールディングス,2292.5,2259.5,2259.5,2227.5,2225.5,2294,2371,,2316.5,2289,2277.5,2202,2325,2281,2303,2335.5,2334.5,2345.5,2474,2552,2493.5,2498,2482.5,2504.5,2550,2542,2540.5,2573.5,2609,2618,2717,2803.5,2760,2664,2688,2538.5,2475.5,2528.5,2561,2645.5,2597,2658.5,2638.5,2728.5,2661.5,2721,2863,2731.5,2679.5,2648,2647,2594,2710.5,2392.5,2451.5,2424,2418,2495.5,2484.5,2385,2383,2458.5,2339,2354,2358,2321,2378,2450,2532.5,2558,2570,2705.5,2693,2758.5
2914,日本たばこ産業,6819,6993,7135,6665,6781,6648,6531,6461,6369,6458,6425,6347,6110,6116,6101,6117,6186,6202,6219,6189,6057,6089,5975,6012,6026,6072,5948,5950,5924,5968,6075,6087,6071,6099,6070,6177,6305,6164,6135,5973,6025,6112,6132,6167,6098,6115,6097,6134,6233,6346,6453,6343,6301,6254,6180,6058,6164,5769,5937,5886,5865,5779,5781,5829,5866,5672,5757,5790,5800,5847,5897,5895,5953,5973
3003,ヒューリック,1715,1710,1758.5,1829.5,1907,1809,1835,1769.5,1777.5,1807.5,1825.5,1789,1792.5,1788,1765.5,1755,1758,1790,1771,1753.5,1734.5,1713.5,1664.5,1697,1712,1715,1700,1690,1687.5,1686,1706.5,1715.5,1716,1704.5,1739.5,1725.5,1721.5,1727.5,1677,1656,1631.5,1650,1652.5,1699,1670,1663,1671.5,1650,1737,1724,1749,1722.5,1760.5,1760,1801.5,1799,1786.5,1802.5,1820,1799,1766,1794.5,1743.5,1835,1820,1829.5,1862.5,1904.5,1883.5,1902.5,1900,1894.5,1880.5,1881.5
5892,ＹＵＴＯＲＩ,2127,2147,2117,2090,2041,2012,2043,1962,1963,2021,2026,2028,2093,2084,2062,2081,2062,2074,2100,2084,2133,2074,2032,2047,2071,1978,2007,1995,2010,2032,2030,2072,2192,2040,1945,2001,2121,2197,2225,2370,2197,2141,2131,2290,2316,2378,2385,2376,2490,2561,2649,2583,2384,1984,2090,1935,1929,1970,1973,1987,1950,1999,2041,2049,2078,2191,2207,2224,2205,2206,2233,2311,2173,2176
6323,ローツェ,4292,3975,3989,3406,3450,3828,4512,4395,4628,4496,4343,4403,4950,4492,4684,4655,4586,4344,4410,4745,4940,4701,5080,4840,4515,4530,4836,4453,4580,5020,4864,4830,4554,4410,4505,4168,3841,3867,3942,4229,4424,4216,3835,3933,3894,3867,4000,3887,3752,3487,3597,3672,3739,3997,3946,3995,4040,3898,3950,3704,3670,3855,3996,3638,3522,3566,3700,3624,3626,3819,3852,4035,4058,3969
6501,日立,5412,5301,5267,5255,4957,4890,5023,4850,4854,4807,4792,4717,4796,4802,4716,4700,4758,4778,4942,4805,4615,4669,4496,4471,4486,4478,4554,4691,4750,4864,4764,4800,4701,4747,4737,4657,4655,4784,5031,5300,5183,5270,5083,5166,5174,4960,5054,5002,5123,4908,4944,4808,4812,4671,4750,4868,4887,4938,4850,4795,4882,5047,5356,5229,5203,5034,5189,5153,5157,5220,5220,4957,4848,4810
6134,ＦＵＪＩ,8143,7445,7330,6497,6537,6806,7545,7428,7611,7453,7430,7275,8020,7664,7838,8248,7770,7600,7773,8650,8748,8450,8932,8398,8001,7991,8463,8150,8142,8511,8379,8287,8323,8239,8283,7671,7426,7355,7162,7736,7788,7835,7932,7938,7881,7867,8323,7918,7585,7220,7576,7735,7993,7201,6988,6913,6721,6615,6272,6024,6068,6063,5963,5873,5714,5950,5967,5740,5657,5867,5716,5810,5508,5447
7746,岡本硝子,735,722,718,721,720,736,770,758,767,765,771,736,802,796,793,777,761,785,820,849,854,878,876,935,949,850,764,760,768,802,796,830,828,897,747,722,700,682,726,778,755,784,773,845,843,850,893,911,929,989,1054,904,754,779,795,765,820,878,840,815,852,921,946,955,976,999,998,1056,949,962,985,981,964,1011
3407,旭化成,1579.5,1647.5,1722.5,1810,1830.5,1817,1872.5,1845.5,1866.5,1857,1862,1829.5,1887.5,1867,1815.5,1842,1851,1867,1881.5,1901,1849,1783.5,1782.5,1791,1803.5,1794,1794,1796,1793,1823.5,1792.5,1784,1790,1761.5,1764.5,1788.5,1760,1756,1746,1786.5,1786,1757.5,1742.5,1787,1755.5,1750,1770,1726,1709,1673.5,1700,1690,1728,1729,1750,1654.5,1532.5,1536.5,1545.5,1524.5,1535,1542,1519.5,1527,1526.5,1533.5,1558.5,1559,1602,1612,1540.5,1573.5,1611,1635.5
4008,住友精化,1238,1218,1223,1225,1225,1230,1283,,1300,1297,1286,1268,1314,1283,1261,1266,1275,1287,1307,1351,1376,1305,1286,1272,1295,1289,1291,1267,1289,1330,1327,1330,1318,1321,1329,1281,1256,1255,1254,1289,1273,1312,1286,1332,1323,1319,1302,1275,1231,1218,1234,1243,1260,1250,1247,1188,1212,1209,1217,1186,1197,1207,1194,1197,1196,1201,1239,1267,1268,1279,1280,1274,1257,1253
4062,イビデン,16330,15535,16650,13650,13470,14855,16700,17370,18075,18250,17415,15685,19340,17980,18690,20300,19520,19100,19895,21390,23345,23420,25785,23815,23700,24000,26370,24785,24385,26425,24560,25715,24000,22445,22750,19105,18210,17400,17060,18760,20155,21940,21135,23000,19740,20425,20930,19250,17875,15640,15320,15635,15660,16960,17060,16550,15655,15515,16375,13375,13480,12560,12670,12540,11135,11200,10560,9575,9235,9572,9380,9915,9386,9888
4182,三菱瓦斯化学,4322,4207,4201,3866,3820,4003,4363,4383,4571,4533,4453,4331,4762,4633,4564,4685,4659,4607,4657,4851,4973,4848,5158,5068,5146,5099,5273,5231,5344,5665,5424,5358,5116,5090,5043,4903,4464,4426,4675,5180,5277,5382,5250,5545,5391,5401,5243,5060,4974,4613,4543,4620,4641,5002,4920,4855,4737,4582,4704,4368,4400,4401,4364,4417,4264,4329,4322,4233,4181,4214,4184,4217,4188,4180
4188,三菱ケミカルグループ,1117.5,1135.5,1188,1137.5,1155.5,1165,1225,,1216,1195.5,1193,1168,1222,1203,1161.5,1161.5,1167.5,1176,1193.5,1207.5,1163,1129.5,1115,1128.5,1130,1094.5,1095,1086,1087,1099.5,1092.5,1122.5,1140,1104.5,1128.5,1080.5,1036,1019.5,1033.5,1063,1095,1099,1084,1147,1116.5,1115.5,1089.5,1027.5,1003.5,1001,1030.5,1007.5,1016.5,1054,1007,928.3,927.3,922.4,933.6,898,911.7,918.3,909.8,911.4,916.7,941.4,969.3,962.1,988.9,997.7,996.2,968.1,976.8,984.1
4523,エーザイ,4623,4656,4828,5031,5110,4791,4753,4656,4582,4550,4482,4450,4256,4376,4243,4296,4286,4318,4305,4340,4255,4188,4109,4119,4145,3991,3949,3890,3894,3901,3902,3969,3829,3750,3821,3780,3723,3740,3806,3775,3815,3759,3818,3984,3901,4043,4143,4157,4243,4245,4466,4429,4723,4721,4717,4649,4646,4677,4700,4688,4687,4605,4570,4735,4737,4846,4858,4910,4891,5020,5030,4850,4946,5025
4528,小野薬品,2307,2337.5,2384,2457.5,2491.5,2417,2439.5,,2398.5,2405,2397,2425.5,2388.5,2432.5,2400.5,2428,2449,2489,2458.5,2448.5,2419,2402,2368,2388,2410,2377.5,2340.5,2350,2329,2345.5,2249,2277,2249.5,2259,2265,2212.5,2237.5,2224,2248,2225,2195.5,2158,2216.5,2392.5,2399.5,2367,2438,2482.5,2446,2426.5,2425,2441.5,2533.5,2573.5,2553,2479,2462,2480.5,2360.5,2315.5,2306,2312.5,2304.5,2350,2316,2321.5,2356.5,2429.5,2406.5,2492,2452,2476.5,2492,2509.5
4661,オリエンタルランド,2945,3087,3167,2920,3030,2904,2831.5,,2630,2673.5,2735,2729.5,2622,2745,2650,2615,2603,2602,2584.5,2561.5,2543.5,2505,2412,2490,2498.5,2398.5,2393,2374,2363,2322.5,2336.5,2300,2291,2276,2263,2264.5,2305.5,2292.5,2220,2180.5,2184,2215,2189,2295.5,2250,2199,2125.5,2140,2141.5,2230.5,2218.5,2136.5,2161,2149,2170,2182.5,2202.5,2241.5,2218,2223,2188.5,2434.5,2387.5,2400,2482,2587.5,2613,2643.5,2635,2640.5,2636.5,2548,2601,2607.5
5803,フジクラ,4628,4290,4172,3720,3760,4073,4325,4593,4727,4751,4672,4472,5145,4800,5007,5150,4938,4824,5072,5354,5358,5368,5826,6238,5885,6131,6436,6313,6487,6161,5161,4461,4729,4738,4346,4256,4142,4194,4401,4747,4805,5001,4574,4771,5017,5140,5550,4850,4501,4295,4695,5653,5819,6355,7855,7624,6832,6582,6498,5808,5971,6281,6347,6037,5893,5985,5889,5529,5762,5951,5683,5935,5698,5630
6178,日本郵政,2327.5,2335.5,2382,2419,2482,2464,2521.5,2485.5,2460.5,2453.5,2418.5,2329,2407.5,2353,2333,2319.5,2360.5,2370,2355.5,2326,2271.5,2237.5,2168.5,2169,2153,2161,2183.5,2225.5,2215,2227.5,2240.5,2234,2196.5,2264.5,2285.5,2318,2209.5,2205,2128,2122.5,2145.5,2125,2074,2068,2029.5,2059.5,2091.5,2116,2134,2110,2093,2054,1957,1951,1941.5,1911,1865,1855.5,1861,1811.5,1823,1823,1757.5,1779.5,1774,1799.5,1821,1866.5,1872.5,1887,1867.5,1845,1857,1856
6925,ウシオ電機,4013,3798,3786,3604,3582,3823,4142,4164,4234,4104,4048,3824,4235,4086,4195,4363,4268,4151,4368,4492,4700,4684,4828,4488,4296,4361,4508,4399,4540,4765,4631,4651,4596,4302,4235,4088,3918,3978,3976,4260,4310,4116,4063,4156,4114,4199,4214,4081,4040,3779,3928,4179,4239,3539,3439,3492,3406,3366,3385,3175,3160,3090,3148,3220,3142,3166,3191,3207,3153,3323,3291,3285,3247,3259
7021,ニッチツ,2060,2030,2009,1972,1994,1977,1966,1941,1940,1879,1878,1868,1846,1849,1830,1857,1829,1826,1839,1819,1808,1791,1799,1795,1800,1775,1791,1774,1800,1760,1787,1762,1800,1809,1780,1805,1769,1806,1765,1810,1770,1754,1800,1854,1854,1894,1815,1803,1822,1848,1878,1916,1998,2161,2190,2156,2146,2141,2166,2138,2171,2230,2226,2258,2280,2294,2312,2333,2341,2334,2350,2350,2340,2322
7729,東京精密,18060,17235,17160,15445,14760,16120,17865,17520,18445,18255,18185,17055,19210,18325,18815,18905,18105,17330,17740,18830,19370,19110,20920,20130,19275,19320,20060,18730,18900,20160,20075,20145,19255,19190,19760,18655,17480,16925,16640,17910,18325,17715,16910,17385,17570,17705,18350,16915,16395,15630,15915,16395,16515,17765,18690,18985,18860,18765,18305,17355,17130,17355,17350,17430,16900,16650,16720,16250,16420,16945,16545,16035,15700,15890
8424,芙蓉総合リース,4375,4464,4543,4517,4591,4482,4520,4432,4422,4432,4425,4345,4361,4333,4271,4267,4272,4260,4279,4241,4189,4181,4163,4220,4226,4235,4194,4180,4176,4216,4256,4240,4236,4281,4311,4284,4272,4314,4192,4137,4070,4089,4081,4194,4182,4184,4234,4287,4375,4333,4387,4315,4378,4394,4348,4403,4293,4272,4328,4295,4334,4350,4263,4279,4268,4265,4261,4307,4336,4330,4333,4310,4326,4338
9020,東日本旅客鉄道,3408,3422,3676,3820,3935,3829,3756,3632,3566,3617,3650,3624,3580,3564,3531,3478,3517,3541,3554,3502,3459,3410,3295,3408,3452,3386,3343,3363,3351,3324,3415,3393,3345,3398,3377,3404,3460,3460,3380,3366,3280,3313,3345,3412,3444,3528,3570,3606,3692,3775,3788,3682,3766,3680,3764,3693,3639,3645,3610,3700,3388,3451,3427,3461,3501,3522,3544,3517,3478,3525,3582,3514,3602,3559
9069,センコーグループＨＬＤＧＳ,2195,2219.5,2205.5,2237,2261.5,2196,2205.5,2187.5,2186.5,2200.5,2225.5,2195,2132,2114,2103.5,2052,2042,2018,2015,1994,1974,1906.5,1900,1958,1935,1921.5,1900,1891,1899.5,1901,1883.5,1898,1907.5,1932.5,1964,1922.5,1945,1954,1952.5,1907.5,1902.5,1917,1893.5,1906.5,1919.5,1918,1935,1966.5,2032,2012,2027,2005,2031.5,2006,1849.5,1828.5,1858,1869,1864.5,1828,1845.5,1868,1827.5,1854.5,1875,1899,1915,1906.5,1886,1901,1887,1877.5,1867,1876
9227,マイクロ波化学,880,850,857,887,922,817,823,,808,811,811,769,844,838,835,875,862,904,966,953,938,947,940,907,876,876,897,896,892,946,887,887,881,865,882,865,864,865,915,930,887,904,912,1031,1120,1209,1093,943,793,770,799,813,822,806,854,962,980,1015,1006,1027,1024,1040,1034,1063,1095,1133,1181,1196,1061,1043,1017,1002,1000,948
9348,ｉｓｐａｃｅ,413,403,405,406,400,408,419,,416,415,413,411,449,440,442,445,508,428,441,448,450,441,440,449,439,430,443,441,435,455,434,468,473,468,503,551,576,577,598,615,555,587,583,671,699,600,580,568,507,494,534,496,506,499,498,497,510,503,484,470,468,476,466,476,482,492,488,496,496,489,512,510,500,515
9449,ＧＭＯインターネットグループ,4148,4151,4254,4212,4258,4100,4120,3916,3963,3950,4058,4056,4038,3992,3912,3908,3807,3838,3675,3646,3609,3534,3370,3342,3388,3283,3227,3275,3242,3542,3000,3124,3098,3083,3101,3083,3146,3171,3162,3230,3245,3307,3327,3285,3283,3330,3438,3396,3317,3307,3348,3310,3079,3091,3172,3114,3161,3183,3054,3045,3080,3108,3092,3153,3168,3261,3309,3236,3276,3258,3083,3026,2975,2964.5
9501,東京電力ＨＤ,522.79999999999995,526.1,520,524,533.70000000000005,523.6,537,516.70000000000005,516.6,505.3,503.4,506.6,508.7,503.1,485.3,480.4,479.1,479.9,462.3,468.8,465,457.4,455.1,461.3,462,456.6,481.2,470.7,470.6,477.5,514,510.3,508.1,513.5,531.29999999999995,509.3,494.8,512.20000000000005,535.4,528.4,541,572.9,560,564.70000000000005,557.29999999999995,572.29999999999995,567.20000000000005,549,557.4,547.9,580.70000000000005,558.5,592.70000000000005,609,612.6,645.20000000000005,651.1,632.79999999999995,624,612.70000000000005,592.20000000000005,611.1,580.5,584.70000000000005,584.79999999999995,625.29999999999995,603.20000000000005,611.5,624,638,632.5,650,651.29999999999995,665.1
9531,東京瓦斯,6038,6181,6219,6263,6290,6235,6273,6226,6160,6151,6127,6087,6072,6030,5905,5966,6089,6143,6120,6156,6037,6006,5987,6121,6163,6111,6068,6110,6138,6210,6178,6174,6151,6223,6261,6303,6395,6305,6311,6190,6219,6292,6220,6380,6294,6471,6436,6522,6656,6639,6699,6565,6722,6625,6607,6670,6745,6600,6812,6614,6670,6937,6473,6454,6471,6487,6596,6644,6914,7117,6955,7007,7072,7286
9882,イエローハット,1720,1745,1809,1870,1881,1845,1829,1787,1788,1803,1825,1821,1812,1817,1813,1820,1827,1849,1815,1817,1780,1765,1741,1760,1772,1763,1763,1749,1745,1752,1773,1745,1736,1743,1732,1733,1727,1709,1674,1663,1652,1687,1634,1655,1627,1625,1616,1630,1631,1620,1634,1621,1637,1595,1613,1633,1650,1497,1503,1506,1517,1515,1507,1520,1533,1539,1566,1562,1561,1550,1553,1562,1575,1596
5838,楽天銀行,5406,5304,5473,5312,5447,5559,5648,5576,5714,5486,5340,5221,5680,5800,5809,5735,5712,5787,5646,5425,5395,5328,5123,5170,5097,5039,5000,5000,5020,5037,5124,5299,5161,5244,5119,5260,5104,4762,4869,4950,4955,4899,4562,4653,4793,4798,5096,4847,5480,6480,6767,6601,6000,6039,6156,6422,6267,6291,6294,6238,6305,6415,6132,6156,6250,6131,6431,6549,6552,6750,6795,6759,6700,6700
5844,京都フィナンシャルＧ,4574,4490,4437,4473,4533,4603,4687,4634,4665,4618,4500,4384,4770,4700,4660,4654,4782,4758,4719,4805,4710,4643,4573,4494,4511,4477,4532,4540,4628,4821,4726,4658,4535,4656,4500,4462,4442,4494,4575,4622,4482,4347,4373,4419,4420,4502,4575,4479,4495,4385,4407,4374,4413,4400,4484,4419,4401,4395,4499,4373,4336,4352,4200,4295,4264,4258,4333,4307,4393,4421,4393,4336,4373,4330
9404,日本テレビＨＬＤＳ,2783.5,2897.5,2916,3004,3055,2967.5,2932,2850.5,2820.5,2857.5,2882,2933.5,2868.5,2880,2875.5,2885,2911.5,2921,2932.5,2896,2860.5,2869.5,2821.5,2794.5,2740,2722,2698.5,2705.5,2744.5,2784,2790.5,2865,2834,2884,2828.5,2831.5,2871,2885.5,2867,2878.5,2792,2793,2798,2839.5,2852.5,2871,2843.5,2921,2954.5,2935.5,2942,2871,2919.5,2921,2960.5,2936.5,2935,2987.5,2982,2986,2976.5,3019,3031,2988.5,3004,3057,3141,3161,3189,3152,3152,3142,3136,3128
6744,能美防災,4490,4470,4450,4380,4405,4405,4410,,4265,4280,4270,4190,4350,4250,4235,4300,4315,4295,4410,4415,4370,4175,4120,4090,4150,4130,4135,4175,4165,4205,4235,4210,4175,4185,4200,4250,4210,4290,4365,4500,4520,4540,4645,4930,4805,4780,4735,4645,4670,4590,4660,4710,4665,4520,4300,4430,4350,4355,4310,4220,4110,4025,3975,3905,3965,4025,4040,4065,4110,4215,4285,4365,4385,4410
7685,ＢＵＹＳＥＬＬＴＥＣＨ,2980,2952,2972,2941,3025,3080,3075,,3125,3215,3350,3400,3585,3520,3575,3505,3565,3660,3505,3475,3565,3425,3285,3295,3325,3380,3480,3575,3630,3465,3450,3565,3595,3630,3570,3755,3835,3820,3585,3740,3690,3855,3920,4085,4015,3930,3825,3790,3665,3815,3765,3345,3450,3445,3325,3175,3340,3280,3205,3160,3350,3185,3170,3110,3310,3300,3490,3460,3540,3645,3645,3530,3525,3375
8334,群馬銀行,2495.5,2527.5,2538.5,2475,2510,2571,2658.5,2609,2595,2586,2532,2436.5,2621,2564.5,2513.5,2492.5,2491,2506.5,2442,2481.5,2419,2405.5,2358.5,2342.5,2341.5,2334,2318.5,2290.5,2307,2335,2316.5,2331.5,2307,2333,2358,2343.5,2299.5,2313,2257,2262.5,2225.5,2199,2166.5,2260,2234,2268,2305,2316,2346,2309,2280,2238,2232,2179,2191,2171.5,2218.5,2164,2223,2157,2159.5,2206,2026.5,2030,2042,2058.5,2118,2180,2214,2264.5,2257,2239.5,2273.5,2269
8359,八十二長野銀行,2488.5,2492.5,2508,2494,2532,2609.5,2699.5,2674,2652.5,2619.5,2578.5,2456.5,2638,2590,2565,2551,2579.5,2582,2554,2550,2529.5,2468,2412.5,2388.5,2388.5,2387,2355.5,2354.5,2392.5,2406.5,2347,2354,2287,2346,2380,2342.5,2304.5,2331,2353.5,2380.5,2343.5,2311.5,2314.5,2323.5,2292,2295.5,2346,2335,2350,2300.5,2270,2215.5,2388,2325,2357,2338.5,2295.5,2201.5,2307.5,2094.5,2121.5,2168,2025.5,2027.5,2026.5,2012,2035.5,2080,2104,2124.5,2103,2067.5,2089,2105.5
8801,三井不動産,1474,1488.5,1560,1611,1627,1595.5,1588,1550,1550,1557,1574.5,1537,1554,1543,1517,1511,1522,1544.5,1571.5,1555.5,1540,1512,1479,1499,1520.5,1480,1475,1464,1448,1478.5,1509.5,1508.5,1516.5,1530,1570.5,1558,1538,1546.5,1462.5,1495,1467.5,1478.5,1510.5,1530.5,1505,1532,1523,1480,1520,1508,1534,1498,1539.5,1528,1697.5,1674.5,1670.5,1656.5,1699,1693,1704.5,1711,1701,1704,1734,1719,1749,1753,1731,1759,1778.5,1787,1727.5,1730
8934,サンフロンティア不動産,2411,2435,2508,2547,2582,2548,2562,2487,2511,2544,2532,2501,2533,2498,2469,2499,2504,2537,2526,2500,2453,2426,2387,2429,2451,2388,2365,2339,2339,2339,2380,2346,2359,2361,2385,2380,2360,2401,2321,2324,2276,2274,2266,2373,2360,2342,2359,2339,2404,2343,2435,2402,2467,2445,2443,2443,2539,2605,2626,2648,2685,2693,2649,2643,2687,2711,2739,2769,2785,2801,2825,2818,2855,2812
9416,ビジョン,1009,1027,1033,1039,1049,1023,1021,988,990,999,1006,998,1014,1016,1014,1017,1009,1004,1013,1010,1001,983,964,969,975,986,975,978,985,1018,1030,1023,1015,1018,1022,1020,1006,1009,1031,1024,1005,1016,1023,1067,1057,1058,1099,1018,1018,1022,1026,1004,1039,1105,1089,1098,1109,1115,1108,1095,1093,1106,1091,1084,1105,1114,1142,1161,1184,1190,1206,1187,1196,1205
9532,大阪瓦斯,5375,5421,5515,5519,5616,5536,5568,5523,5452,5409,5436,5367,5392,5382,5299,5363,5417,5493,5528,5515,5363,5334,5298,5456,5463,5378,5359,5412,5438,5451,5410,5422,5446,5481,5500,5615,5672,5517,5516,5489,5439,5569,5399,5361,5385,5500,5567,5650,5668,5760,5806,5650,5732,5742,5769,5699,5590,5767,5762,5704,5682,5949,5804,5839,5856,5831,5927,5978,6128,6236,6205,6220,6276,6448
6330,東洋エンジニア,1998,1897,1942,1891,1891,2001,2095,,1912,1903,1870,1751,1956,1962,1935,1937,1979,1975,2048,2166,2067,2039,1938,2017,2155,1936,1957,1911,1886,2016,2075,2123,2198,2088,2079,1918,1830,1892,1982,2052,1975,2020,1919,2021,2109,2098,2167,2175,2016,2025,2113,2077,2099,2151,2133,2159,2234,2342,2294,2268,2266,2388,2315,2329,2430,2430,2551,2612,2600,2493,2356,2319,2336,2341
4082,第一稀元素化学工,1858,1795,1755,1712,1677,1761,1852,1812,1836,1853,1800,1730,1948,1947,1900,1948,1960,2005,2001,2071,2050,2048,2024,2043,2091,2029,2148,2037,2002,2133,2061,2002,2065,2015,1951,1874,1865,1839,1976,2098,2105,2201,2160,2293,2245,2179,2025,2021,1959,1953,2133,2166,2188,2530,2622,2590,2708,2493,2369,2322,2290,2357,2254,2310,2302,2305,2360,2545,2333,2252,2102,2086,2043,2065
4519,中外製薬,6680,6687,6932,7071,7069,6999,6848,,7212,7306,7397,7325,7128,7241,7230,7389,7359,7345,7620,7541,7642,7420,7281,7534,7574,7434,7534,7500,7434,7522,7550,7566,7650,7523,7428,7450,7428,7560,7465,7554,7567,7423,7618,7892,7743,7878,8117,8090,7836,7899,7936,7885,7938,8096,7805,7794,7953,7900,8095,8245,8116,7940,7445,8845,8926,8760,8694,8844,8349,8591,8657,8520,8585,8675
2160,ジーエヌアイグループ,2532,2488,2475,2339,2300,2456,2575,2602,2598,2499,2502,2440,2602,2580,2570,2605,2588,2605,2830,2885,2858,2856,2791,2848,2788,2517,2582,2507,2530,2470,2527,2630,2542,2493,2494,2520,2685,2735,2810,2833,2684,2625,2580,2546,2615,2646,2833,2834,2821,2736,2830,2688,2955,3015,3240,2984,3000,2979,3055,3020,2920,3165,3110,3130,3130,3300,3390,3440,3370,3380,3340,3185,3135,3180
6227,ＡＩメカテック,6830,6470,6640,5670,5450,5970,6810,,7240,6630,6920,6960,7400,8100,7790,6790,5790,5680,5960,6390,6940,7080,7450,6960,6730,6590,7390,7100,7250,7920,6970,7330,8160,8080,8340,7850,6850,7000,7060,7440,6490,6070,6140,5670,5640,5490,6220,6050,6060,6600,6870,7250,6250,6690,6540,6870,6490,6690,6790,6110,6330,6150,6630,6590,6380,6860,6910,7500,8120,8150,8420,7700,6700,6080
6327,北川精機,3135,2939,2846,2811,2679,2941,3635,,4015,4035,4070,3910,5220,5200,5290,6130,5130,5110,5760,6760,8210,7760,8290,7900,6900,6300,6610,5680,5750,6190,5190,6150,5150,4445,3745,3045,3050,3100,3585,3980,3840,4520,4900,5910,5000,4300,3415,2914,2414,2337,2370,2573,2555,2672,2760,2990,3480,3610,3380,2897,2867,2685,2185,2100,2097,2158,2194,1996,2053,2082,2057,2100,1921,1954
6232,ＡＣＳＬ,3135,2939,2846,2811,2679,2941,3635,1748,4015,4035,4070,3910,5220,5200,5290,6130,5130,5110,5760,6760,8210,7760,8290,7900,6900,6300,6610,5680,5750,6190,5190,6150,5150,4445,3745,3045,3050,3100,3585,3980,3840,4520,4900,5910,5000,4300,3415,2914,2414,2337,2370,2573,2555,2672,2760,2990,3480,3610,3380,2897,2867,2685,2185,2100,2097,2158,2194,1996,2053,2082,2057,2100,1921,1954
7794,イーディーピー,881,856,860,820,844,888,935,,952,939,926,913,1023,1024,1047,1068,1065,1085,1109,1174,1229,1222,1217,1231,1163,1026,1050,1053,1102,1208,1094,1103,1097,1068,1083,1078,1064,1090,1110,1085,1005,1070,1082,1149,1284,1094,1168,1118,1086,1090,1137,1102,1150,1129,1330,1340,1408,1361,1287,1297,1332,1316,1344,1413,1429,1470,1536,1584,1284,1218,1176,1205,1216,1185
6085,アーキテクツＳＪ,77,70,88,90,85,98,112,,119,128,169,156,202,211,201,228,216,230,267,245,215,239,251,269,276,302,300,300,306,365,322,323,320,313,307,343,396,417,311,320,264,248,282,325,343,423,523,485,465,432,463,563,504,530,483,547,580,570,615,515,615,640,540,516,441,430,380,396,362,335.5,286.5,294,313.5,266
3103,ユニチカ,876,838,830,774,762,826,859,836,890,906,884,850,971,912,879,934,930,940,982,1004,1031,1001,1006,1034,1035,1032,1070,1046,1111,1220,1107,1168,1236,1129,1145,1150,1133,1216,1196,1227,1187,1265,1223,1411,1385,1440,1575,1574,1274,1284,1412,1315,1415,1815,2315,2261,2308,2569,2535,2382,2438,2234,2482,2565,2851,2835,3045,3745,3085,2581,2081,2163,1763,1463
4422,ＶＡＬＵＥＮＥＸ,555,527,519,485,487,514,539,530,537,537,535,517,565,543,549,570,557,559,573,596,585,557,554,577,562,568,567,554,575,609,589,627,632,625,627,644,778,747,915,765,665,674,683,692,717,760,834,801,774,765,811,847,846,864,937,1082,932,1020,1025,1014,1056,1155,1236,1248,1434,1134,1298,1325,1397,1097,947,1000,1050,900
6740,ジャパンディスプレイ,46,47,48,48,44,46,48,,47,47,48,46,50,51,52,52,50,52,53,56,53,52,54,56,60,60,55,60,49,53,55,50,51,45,49,52,54,54,54,56,54,55,56,57,56,55,65,67,63,62,66,70,68,70,71,75,81,82,89,89,100,94,91,101,95,103,104,120,110,109,92,90,82,83
6613,ＱＤレーザ,1626,1485,1537,1301,1243,1391,1550,1643,1753,1655,1676,1766,2384,2425,2545,2505,2540,2621,2600,2710,2595,2610,2752,2802,2765,2840,3255,2752,2877,3020,2520,2467,2377,2620,2769,2620,2409,2372,2550,2570,2450,2600,2740,2424,2732,2620,3190,3100,2600,2645,2626,2127,1727,1579,1641,1680,1688,1853,1506,1419,1419,1459,1533,1465,1544,1526,1609,1585,1285,1381,1338,1462,1221,1086
4568,第一三共,2500,2570,2567.5,2889,2886.5,2889.5,2822.5,2799.5,2755,2761.5,2815,2791,2677,2679.5,2691.5,2730.5,2733,2717,2719,2758,2649.5,2641,2578.5,2608.5,2614,2535.5,2566.5,2526.5,2520,2534.5,2541.5,2706,2595.5,2519.5,2546,2500.5,2495,2487.5,2528.5,2490,2392,2517,2582.5,2700.5,2662.5,2682,2700.5,2649.5,2664.5,2605.5,2636,2620.5,2574,2582,2725.5,2738,2649,2596,2600,2616.5,2588.5,2650.5,2602.5,2499,2790,2843.5,2915,3000,2939,2889,2832,2734,2731.5,2772.5
6522,アスタリスク,1786,1500,1591,1498,1632,1459,1627,1690,1630,1486,1309,1308,1899,1825,1980,2050,1900,2400,2096,1696,1950,1960,1560,1330,1030,1020,1017,1136,1076,1161,1009,881,731,720,710,710,743,748,747,753,786,812,796,795,788,810,943,982,920,958,1002,1002,1012,1038,1019,1067,1180,1263,1216,1182,1141,1173,1251,1199,1235,1351,1336,1036,1068,1086,936,1013,1024,1020
6777,ＳＡＮＴＥＣＨＯＬＤＩＮＧＳ,19440,17950,17280,15290,15290,16500,18310,,19020,19090,18910,18630,21850,21000,20820,20790,20500,20220,21370,23130,23350,23700,25800,26590,26360,28000,28100,27150,27360,30150,28910,26720,27070,27070,25050,23220,22800,23640,23200,25170,25730,26130,25450,24980,24670,25060,28440,27250,26020,26860,27650,32300,29750,31950,33000,31000,27230,27720,28230,27830,27940,28580,28680,28700,30950,29450,29770,29280,26530,24420,24630,24760,23730,21980
6787,メイコー,22040,21180,20680,18990,18450,20850,22990,23100,23820,24390,23530,22630,26930,25720,25880,26160,25800,25470,26570,27620,29330,28580,29520,31000,31650,30250,32400,32400,32550,37050,39900,35850,35750,34850,30400,30850,29180,30900,33900,35600,37300,37100,39200,38600,37600,37900,42750,43450,40050,35400,36850,39800,36200,38650,31650,30750,31500,33500,31200,29740,31650,32000,30800,29440,28170,29330,27830,27340,28650,29730,28240,29370,26150,26460
4888,ステラファーマ,316,311,307,297,299,310,322,306,306,308,305,305,337,325,326,324,302,301,308,311,312,304,307,311,310,300,312,315,321,336,352,412,350,332,334,333,318,305,300,344,343,349,332,357,388,392,444,445,441,412,432,433,413,411,479,469,487,530,532,525,514,519,540,543,543,565,626,716,713,750,650,711,717,720
6387,サムコ,9350,8520,8520,7370,7610,8370,9320,,10200,10360,10240,9990,12450,12160,12920,12980,11830,11170,11680,12080,13400,13200,14060,13860,14000,13850,14380,14140,14590,15590,14580,15190,16190,16220,15200,12300,11190,11760,11760,12680,12880,12380,12050,10080,10290,10490,11640,11890,10820,10900,11040,12120,12030,13200,13170,12690,12870,13410,14370,11470,11560,11250,11100,10860,11040,10350,9520,9550,9640,10110,9730,10190,9780,9220
6838,多摩川ホールディングス,1460,1386,1290,1221,1206,1249,1365,1355,1405,1399,1355,1344,1496,1446,1456,1542,1525,1521,1638,1745,1747,1726,1738,1764,1822,1941,2125,1892,1980,2026,2048,2171,2153,2280,1880,1795,1750,1836,2135,2389,2446,2407,2283,2087,2210,2224,2194,2083,1957,1918,2024,2182,2000,1910,1935,1973,2172,1930,1751,1649,1684,1622,1634,1709,1791,1826,1808,1750,1487,1378,1259,1282,1287,1265
4307,野村総合研究所,4627,4688,4686,5576,5493,5378,5196,4935,4903,4981,5105,5076,4936,5063,5037,4979,5018,5000,5119,5087,4910,4836,4551,4592,4630,4301,4267,4368,4304,4256,4358,4655,4596,4505,4565,4496,4600,4650,4699,4882,4743,4894,5047,5022,4832,4747,4612,4697,4681,4735,4800,4561,4332,4174,4340,4228,4301,4351,4249,4183,4142,4313,4409,5092,5075,5155,4988,4965,4886,4874,4878,4650,4492,4418
6516,山洋電気,5640,5500,5500,5270,5140,5410,5720,,5780,5740,5650,5450,5930,5840,5940,6080,5910,5940,6110,6420,6530,6520,6580,6520,6600,6910,7130,7010,7090,7030,6820,6760,6780,6580,6550,6280,6250,6260,6420,6740,6820,6700,6600,6790,6760,6800,7070,7090,7160,6860,7050,7240,7410,7490,7640,7560,7680,7440,7230,6770,6920,7020,6640,5640,5190,5370,5220,5150,5100,5170,5200,5280,5010,5080
7381,ＣＣＩグループ,1125,1127,1107,1064,1111,1150,1185,1156,1170,1163,1137,1072,1123,1069,1040,1034,1040,1077,1063,1056,1043,1030,1026,1020,1003,978,978,950,969,968,961,983,975,1001,1004,989,972,991,977,1034,1024,1012,1013,1037,1032,1049,1057,1056,1063,1021,1026,1030,1044,1045,1027,1013,1008,1014,1015,963,941,952,912,924,923,931,970,997,1015,1037,1034,1022,1016,1024
4417,グローバルセキュ,4190,4200,4580,4395,4515,4405,4450,4230,4230,4300,4450,4360,4365,4205,3950,3980,3925,3930,3990,4400,4210,4030,3810,3850,3825,3310,3300,3200,3155,3290,3255,3250,3240,3070,3110,2968,3030,3100,3145,3060,3080,3175,3360,3435,3250,3385,3305,3260,3110,2863,2909,2761,2809,2758,2970,2990,2909,2909,2778,2682,2497,2500,2468,2479,2475,2513,2429,2494,2514,2489,2356,2230,2255,2482
6981,村田製作所,7129,7161,7416,6416,6231,7153,8102,8311,8538,8317,8001,7632,9100,9100,9066,9860,9475,9027,9212,10250,11080,10875,11890,11395,10740,10770,11825,11030,11005,12250,11750,11745,10865,10530,10060,8556,8967,8650,8711,9695,9904,10420,10230,9625,8538,7820,7928,7130,6727,6164,6180,6171,6151,6339,6089,6078,5960,5850,5648,5138,5156,4840,4916,4936,4813,4911,4810,4738,4600,4792,4520,4329,4170,4146
6754,アンリツ,3613,3501,3564,3553,3438,3651,3908,,3994,3934,3826,3654,4092,4033,4051,4262,4091,4011,4056,4225,4500,4420,4688,4396,4364,4375,4559,4456,4480,4322,4333,4022,4122,4096,3934,3882,3879,3834,4269,4689,4632,4776,4584,4547,4580,4614,4732,4601,4468,4381,4144,4205,4239,4144,4189,4016,4142,4233,4090,3858,4039,3974,3755,3594,3572,3635,3662,3466,3418,3374,3403,3396,3392,3398
4088,エア・ウォーター,2543,2534,2517,2554,2610,2620,2650,2591,2561,2558,2553,2527,2574,2571,2522,2555,2628,2665,2715,2767,2777,2758,2756,2767,2781,2778,2860,2694,2660,2495,2471,2478,2490,2520,2552,2441,2419,2440,2470,2464,2488,2490,2462,2599,2594,2625,2516,2579,2546,2481,2489,2302,2283,2179,2101,2066,1965,1938.5,1913.5,1895.5,2218.5,2260,2231,2236,2207,2223.5,2254,2257,2263.5,2309.5,2293.5,2258.5,2233.5,2235.5
4091,日本酸素ＨＬＤＧＳ,5772,5656,5781,5831,5835,5825,6087,5895,5906,5969,6025,6010,6152,6070,6052,6072,6149,6160,6201,6312,6275,6250,6020,5996,5923,5938,5673,5548,5650,5490,5564,5567,5590,5534,5628,5403,5293,5275,5434,5586,5620,5679,5711,6184,6256,6373,6289,6192,5852,5817,5973,5994,6116,6093,5907,5787,6199,5636,5698,5524,5540,5677,5626,5690,5600,5686,5772,5772,5915,6044,5864,5957,5871,5907
6857,アドバンテスト,31000,31430,32500,27935,25200,25510,28380,28945,30800,29585,29630,27505,31510,29775,28820,29830,29160,27545,28900,29565,29345,28815,32000,32340,31950,32440,35900,31200,31430,32170,31740,30300,30060,30340,29420,27325,25175,25235,25235,26765,28170,27660,26320,26170,26340,27130,27755,26845,26745,25625,25290,26150,26360,28615,28290,28705,28780,29885,29715,27815,28260,29750,31500,29440,27900,27900,27200,27100,27870,28625,27585,27000,24880,24990
3891,ニッポン高度紙工業,6800,6810,6730,5730,5440,6050,6840,7130,7380,7430,7180,6950,7920,7520,7620,8010,7700,7970,8120,8620,9300,9400,10300,9710,9980,10150,10430,9560,9590,10200,10750,10640,9980,8920,8770,8460,8900,9240,9040,9170,8370,8460,8110,7230,7100,6870,7790,7490,6780,6830,6550,6430,6100,6210,6530,6330,6490,6550,6600,6110,6360,6420,6150,5150,4445,4480,4630,4395,4275,4495,4500,4295,4140,4115
4373,シンプレクスＨＤ,1078,1096,1131,1162,1183,1144,1146,1047,1033,1049,1071,1074,1032,1044,1033,1046,1052,1057,1066,1020,1018,990,945,937,963,911,916,919,911,944,931,957,958,957,967,990,1021,1038,1070,1092,1083,1106,1119,1064,1029,1034,1016,1037,1005,990,1036,948,951,931,953,957,945,937,895,921,879,881,876,917,932,960,930,948,944,899,908,852,814,816
8892,エスコン,1072,1068,1073,1085,1115,1118,1117,,1102,1116,1114,1099,1115,1121,1121,1119,1112,1108,1100,1106,1094,1085,1074,1078,1082,1063,1055,1051,1056,1060,1066,1071,1077,1099,1110,1110,1089,1103,1082,1088,1066,1081,1069,1099,1107,1104,1106,1111,1139,1122,1150,1121,1125,1155,1155,1171,1164,1166,1171,1160,1175,1195,1200,1136,1129,1126,1140,1143,1132,1136,1141,1129,1131,1127
9687,ＫＳＫ,4375,4420,4480,4480,4535,4560,4625,,4480,4420,4415,4355,4395,4385,4395,4375,4375,4350,4345,4360,4360,4365,4370,4300,4315,4310,4370,4355,4335,4330,4315,4315,4345,4300,4295,4345,4325,4330,4300,4335,4335,4335,4350,4325,4325,4350,4350,4360,4350,4360,4365,4305,4345,4335,4355,4350,4365,4400,4375,4360,4440,4415,4365,4315,4350,4375,4370,4350,4360,4385,4355,4345,4355,4380
1930,北陸電気工事,1476,1468,1485,1466,1466,1475,1638,1612,1612,1582,1585,1567,1614,1588,1590,1632,1629,1617,1637,1674,1655,1654,1678,1663,1695,1715,1709,1701,1708,1725,1701,1749,1699,1651,1700,1621,1581,1594,1582,1619,1552,1582,1570,1704,1681,1681,1671,1605,1590,1590,1634,1608,1667,1683,1739,1766,1721,1684,1668,1693,1682,1502,1443,1458,1441,1446,1472,1453,1456,1473,1448,1441,1439,1474
8704,トレイダーズＨＬＤＧＳ,1304,1325,1247,1203,1209,1242,1280,1272,1298,1252,1269,1242,1312,1274,1231,1246,1223,1222,1245,1270,1269,1225,1208,1180,1145,1149,1189,1161,1203,1217,1161,1169,1157,1153,1171,1154,1106,1099,1126,1138,1108,1178,1189,1193,1148,1139,1134,1139,1139,1119,1134,1146,1169,1171,1217,1210,1236,1235,1178,1128,1043,1081,1030,1029,1036,1042,1068,1053,1044,1061,1043,1034,1038,1047
4733,オービックビジネスＣ,7712,7873,8003,8339,8426,8001,7987,7638,7015,6840,6589,6620,6483,6618,6591,6543,6530,6518,6540,6542,6452,6378,6058,6082,6109,5827,5723,5792,5637,5650,5694,5942,5893,5841,5888,5850,5927,5976,6029,6020,5991,6216,6424,6117,6088,6169,5979,6121,6101,6121,6249,6117,6047,5999,6042,6075,6170,6213,6099,6082,6125,6244,6176,6270,6270,6750,6481,6771,6682,6605,6727,6551,6279,6187
9733,ナガセ,2291,2322,2339,2336,2347,2305,2300,2286,2343,2368,2352,2329,2351,2349,2361,2372,2386,2386,2405,2390,2363,2335,2310,2300,2330,2267,2220,2234,2221,2220,2212,2200,2201,2203,2226,2235,2225,2246,2200,2204,2187,2207,2200,2282,2265,2266,2273,2310,2296,2320,2316,2287,2267,2278,2283,2269,2287,2280,2290,2300,2311,2335,2290,2311,2345,2370,2362,2412,2460,2452,2421,2481,2498,2528
9551,メタウォーター,3235,3125,3085,3055,3065,3065,3225,,3230,3210,3170,3120,3230,3175,3205,3235,3260,3180,3265,3325,3325,3285,3350,3325,3395,3570,3560,3505,3515,3535,3455,3455,3410,3340,3330,3145,3105,3150,3240,3285,3250,3280,3270,3555,3250,3265,3275,3265,3270,3235,3285,3360,3515,3430,3440,3385,3440,3440,3435,3365,3390,3415,3270,3620,3590,3620,3690,3705,3705,3685,3675,3710,3630,3675
2359,コア,2011,2038,2022,2066,2044,2012,2012,,1989,2005,1983,1980,2010,2009,1995,1990,1950,1951,1957,1950,1941,1950,1926,1952,1982,2015,2005,2030,2010,2031,2031,2026,2020,2005,2008,1993,2019,2027,2034,2083,2040,2041,2043,2020,2060,2030,2096,2099,2102,2100,2086,2044,2053,2064,2051,2015,2008,2006,1988,2016,2048,2205,2228,2137,2137,2206,2245,2243,2251,2232,2243,2215,2218,2239
8103,明和産業,895,898,902,919,926,916,922,904,913,910,910,895,917,905,900,910,910,909,914,920,906,894,878,877,879,864,868,854,869,883,869,868,873,872,886,871,858,868,880,879,882,885,878,880,887,886,907,902,890,893,909,889,897,902,897,879,885,895,903,854,830,773,765,773,767,773,773,778,782,783,774,780,785,795
4709,ＩＤホールディングス,1007,1034,1022,1148,1156,1131,1128,1109,1106,1104,1107,1115,1127,1109,1106,1107,1091,1103,1090,1070,1074,1061,1055,1071,1070,1059,1050,1037,1044,1057,1056,1068,1092,1110,1067,1060,1059,1084,1022,1003,989,1004,1024,1037,1020,1001,1033,1045,1049,1037,1052,1016,1031,1015,1066,1072,1071,1017,1035,1031,1005,902,896,886,892,912,921,920,936,938,933,914,915,927
7981,タカラスタンダ－ド,2990,2995,3020,3035,3280,3270,3240,3135,3085,3100,3085,3055,3125,3090,3050,3055,3055,3080,3125,3115,3095,3075,3050,3100,3080,3100,3135,3070,3070,3050,3030,3015,3000,3000,3035,2967,2961,2944,2941,2967,2944,2942,2923,2969,2960,2952,2990,2912,2896,2901,2947,2908,2990,3005,2995,3025,3095,3050,3210,3070,2964,2820,2747,2648,2660,2657,2675,2714,2720,2765,2719,2665,2740,2932
8303,ＳＢＩ新生銀行,1438,1453,1491,1418,1425.5,1441.5,1460,1423.5,1449.5,1443,1440.5,1408.5,1472,1450.5,1444,1449,1440,1466,1498,1467,1447.5,1412,1367,1380,1425,1389.5,1395,1415,1396,1422.5,1460,1489.5,1445,1449,1491.5,1460,1436,1445,1392.5,1396,1418,1392,1359,1398,1359.5,1380,1458.5,1481,1500,1560,1588,1629,1648.5,1616.5,1656.5,1658.5,1640,1676.5,1693,1717,1835,1821.5,1722.5,1686,1747,1635,1658,1674.5,1687,1709,1693.5,1670,1666.5,1693.5
4382,ＨＥＲＯＺ,705,705,701,700,695,697,708,,703,702,704,705,724,707,692,692,693,715,719,721,717,713,718,718,754,713,717,710,713,731,728,771,787,792,788,803,761,763,707,720,698,700,701,715,718,749,756,771,762,764,774,761,764,770,782,782,783,804,809,810,808,816,872,846,850,852,858,859,879,890,873,869,857,850
2327,日鉄ソリューションズ,3696,3726,3915,3931,3985,3928,3904,3800,3720,3777,3856,3837,3780,3850,3782,3775,3738,3783,3772,3671,3593,3485,3319,3398,3378,3254,3214,3230,3182,3228,3194,3173,3135,3120,3247,3214,3232,3256,3339,3415,3433,3423,3545,3485,3511,3566,3649,3576,3548,3548,3590,3522,3476,3529,3563,3709,3610,3648,3590,3566,3605,3711,3584,3680,3708,3903,3878,3832,3909,3862,3865,3750,3714,3771
1942,関電工,5515,5323,5368,5488,5596,5905,6085,5974,5988,5959,5939,5845,6330,6148,6130,6351,6382,6468,6808,6857,6772,6643,6726,6722,6797,6720,6673,6732,6635,6736,6829,6611,6467,6237,6342,5773,5801,5935,5745,5854,5786,5802,6067,6538,6568,6475,6442,5966,6089,6088,6422,6470,6845,6929,7267,7346,7165,7046,7025,6734,6838,6797,5982,6073,6077,6052,6145,6139,6141,6188,6110,6326,6243,6333
1938,日本リーテック,2437,2389,2422,2404,2399,2448,2529,2506,2517,2516,2507,2460,2588,2589,2551,2578,2562,2588,2676,2739,2685,2655,2668,2701,2733,2736,2704,2718,2712,2781,2796,2835,2767,2758,2810,2688,2664,2744,2695,2772,2763,2705,2704,2829,2779,2761,2830,2637,2655,2704,2802,2849,2921,2919,3055,3045,3010,2918,2924,2789,2710,2733,2543,2582,2572,2510,2588,2543,2537,2610,2585,2654,2657,2654
6436,アマノ,3879,3933,3874,3912,3895,3766,4039,,3848,3832,3862,3788,3777,3749,3723,3747,3746,3720,3740,3745,3683,3711,3657,3640,3650,3640,3608,3585,3586,3597,3577,3574,3565,3563,3577,3588,3597,3632,3562,3530,3512,3533,3532,3574,3568,3553,3594,3622,3634,3639,3695,3631,3671,3672,3647,3678,3688,3676,3621,3573,3583,3706,3637,3795,3840,3846,3841,3876,3914,3883,3850,3863,3887,3885
5410,合同製鐵,2828,2872,2840,2892,2949,2841,2823,2775,2775,2728,2718,2673,2693,2681,2692,2693,2671,2675,2699,2667,2659,2606,2545,2577,2622,2592,2567,2577,2590,2591,2607,2605,2617,2594,2637,2602,2533,2553,2530,2566,2551,2581,2567,2747,2704,2705,2658,2682,2713,2675,2780,2762,2839,2852,2824,2852,2849,2886,2881,2883,2845,2929,3040,3410,3460,3475,3535,3540,3555,3570,3560,3565,3545,3580
5440,共英製鋼,1865,1876,1942,2018,1992,1935,1930,,1895,1884,1880,1838,1844,1832,1799,1807,1794,1803,1808,1798,1781,1758,1719,1740,1747,1740,1707,1707,1716,1753,1767,1750,1755,1753,1782,1760,1716,1717,1731,1748,1738,1753,1734,1815,1820,1829,1848,1853,1841,1814,1833,1819,1865,1878,1824,1823,1831,1825,1826,1827,1899,2185,2189,2229,2238,2258,2274,2307,2288,2320,2332,2345,2339,2363
9505,北陸電力,931.9,940,961.5,983.7,990.8,955.2,966.5,935.2,951.2,939.7,937.6,909.4,910.4,902.2,883.2,900.4,913.3,915.6,909.3,917.9,886,884.4,875,869.1,878,868.6,866.6,852.4,847.9,845.8,844.5,843.4,850,851.7,887.9,864.2,853.5,857.8,833.3,820.6,799.7,813.3,807.6,834.5,840.3,857.3,849,860.6,872,863.6,878.9,866.4,907.2,915.1,908.1,918.3,904,887.4,894.3,864.9,872.8,1005,988.6,993.7,989.3,1001,1010.5,1031,1058.5,1083,1080,1076,1094,1105
8091,ニチモウ,2360,2382,2390,2399,2384,2341,2345,2323,2330,2340,2324,2316,2323,2283,2269,2310,2273,2276,2333,2328,2303,2295,2274,2279,2295,2266,2277,2278,2266,2268,2272,2261,2211,2214,2211,2178,2175,2206,2175,2211,2158,2135,2124,2176,2168,2140,2134,2147,2163,2152,2190,2158,2309,2279,2275,2255,2267,2238,2259,2223,2246,2302,2265,2452,2444,2466,2495,2501,2522,2520,2527,2525,2523,2533
6507,シンフォニアテクノロジー,14020,13450,13330,12250,11930,12530,13840,14300,14230,13930,13860,13540,14910,14240,14290,14930,14660,14500,15580,16600,15690,15320,16480,15930,15250,15470,15920,15580,15550,16640,16230,16310,15680,14720,13740,13410,13210,13280,14230,15330,15010,14010,14110,13750,14140,14660,14450,13790,13600,13180,13600,15030,15210,15680,14720,14780,14800,14870,15040,14370,14250,13960,13670,13380,13180,13270,13440,13600,13440,14000,13180,13300,13380,13480
9022,東海旅客鉄道,3820,3902,3988,4174,4243,4090,4023,3892,3830,3796,3838,3766,3694,3709,3657,3621,3659,3664,3700,3559,3514,3453,3384,3469,3485,3420,3341,3371,3346,3259,3256,3331,3297,3351,3350,3365,3405,3507,3394,3345,3297,3325,3364,3479,3471,3500,3552,3553,3535,3550,3609,3557,3634,3618,3626,3582,3580,3579,3681,3611,3744,4069,4052,4110,4039,4149,4213,4253,4195,4251,4325,4193,4220,4196
9536,西部ガスＨＬＤＧＳ,2381,2419,2361,2382,2369,2351,2393,2361,2354,2366,2349,2318,2333,2302,2295,2328,2347,2356,2324,2303,2257,2225,2225,2248,2270,2246,2211,2220,2213,2213,2238,2237,2240,2238,2263,2243,2232,2229,2210,2201,2182,2189,2154,2195,2182,2222,2198,2221,2201,2208,2238,2201,2261,2244,2225,2233,2241,2222,2275,2208,2236,2457,2423,2470,2441,2460,2529,2535,2595,2615,2586,2574,2573,2552
9506,東北電力,1186.5,1190.5,1180.5,1179,1192.5,1163.5,1177.5,1142,1146.5,1140.5,1146,1127,1127.5,1103,1088,1089.5,1095,1093,1087,1097.5,1069,1063.5,1062,1064.5,1050,1042,1044,1029.5,1030.5,1041,1049,1050,1046,1043.5,1066,1019.5,1018.5,1015.5,1006.5,993.3,991.4,1013.5,983.6,1006.5,996.7,998,1009,1011,1024.5,1006,1019,1006.5,1051.5,1052.5,1064,1064,1060,1055.5,1092.5,1064,1088.5,1157,1122,1128.5,1117.5,1130,1144.5,1170.5,1178,1182.5,1172,1170.5,1158.5,1164
2127,日本Ｍ＆Ａセンターホールデ,635.20000000000005,639.29999999999995,637.6,701.8,696.5,679.9,681.1,664,660.4,664.4,676.5,672.2,678.7,679.4,671.4,676.7,676.5,682,689.9,679.5,656.5,649.4,635.29999999999995,636.70000000000005,634,620.20000000000005,623.79999999999995,629.5,628,634.1,644.1,661.9,650.9,638.29999999999995,643.5,636,643.5,637.5,632.9,637.1,624,645,655.8,652,652.79999999999995,665.5,655.1,661.9,657.2,645,660.2,633.4,638.29999999999995,638.79999999999995,644.70000000000005,639.5,658.8,656.1,652.29999999999995,626.9,654.5,690,677.5,668.7,683,688.8,690.3,682.3,689.8,689.8,676.5,667.9,655.7,658.3
6753,シャープ,617.70000000000005,623.1,618.4,632.9,635.6,610.20000000000005,608.70000000000005,586.79999999999995,610.29999999999995,622.20000000000005,623.79999999999995,627.29999999999995,637,645,637.4,648.29999999999995,647.1,643.29999999999995,655.8,640.5,639.1,643.6,636.20000000000005,651.29999999999995,633.20000000000005,606.20000000000005,601,665.5,578,585,573.20000000000005,596.29999999999995,594.4,593.79999999999995,614.20000000000005,609.20000000000005,620.5,636.20000000000005,657.2,658.1,671.6,668.5,651.9,621.5,621.6,610.1,638.6,631.5,606.29999999999995,601,640.20000000000005,606.5,603.9,571.70000000000005,591.1,592.79999999999995,561,564.29999999999995,559.4,582.4,559.5,566.1,545.29999999999995,555,592.6,611.29999999999995,612,613.79999999999995,616.1,603.6,594.70000000000005,589.4,587.79999999999995,604.4
9064,ヤマトホールディングス,1915.5,2041,2069.5,2139,2180,2119,2067.5,2044.5,2034,2017,2022,2003,1970.5,1960,1937.5,1944,1953,1969.5,1980,1995.5,1945.5,1909,1839.5,1834.5,1854,1819.5,1812,1756.5,1775,1757,1770.5,1765,1769.5,1774.5,1785,1785,1815.5,1805,1792.5,1799,1800.5,1825.5,1800,1818,1778.5,1763,1773.5,1771,1787,1750,1780,1727,1732.5,1780,1752.5,1745.5,1730.5,1800,1822.5,1748.5,1764.5,1802.5,1774,1768,1773,1809,1832.5,1821.5,1845,1862.5,1866.5,1861,1846.5,1836
7181,かんぽ生命保険,1686,1728,1771,1766,1783.5,1752.5,1795.5,1769,1749,1728,1686,1610.5,1672.5,1660,1622.5,1612.5,1641.5,1646,1667,1654.5,1613,1581.5,1519,1526.5,1499,1491.5,1473.5,1487,1518.5,1524.5,1525,1550,1516,1560,1564.5,1541,1535,1568,1455,1422.5,1404.5,1429.5,1407.5,1429.5,1413.5,1479,1473.5,1526.5,1543.5,1529,1525,1463.5,1648,1594.5,1618,1554,1547.5,1558.5,1573,1531,1525.5,1525.5,1491,1495.5,1506,1498,1542.5,1576.5,1600.5,1670,1644.5,1625,1584.5,1595.5
6485,前澤給装工業,1573,1569,1572,1588,1595,1567,1581,1544,1544,1544,1537,1526,1554,1536,1539,1572,1546,1547,1527,1524,1520,1529,1519,1496,1509,1501,1483,1464,1464,1482,1459,1473,1454,1449,1440,1424,1411,1429,1419,1435,1414,1402,1376,1417,1425,1420,1411,1411,1411,1428,1455,1442,1497,1485,1500,1524,1508,1507,1512,1503,1493,1555,1491,1498,1504,1525,1554,1554,1555,1567,1576,1574,1594,1611
4887,サワイグループＨＤ,1601.5,1616.5,1650.5,1697.5,1710.5,1675,1679,1659.5,1662.5,1680.5,1681,1681,1693.5,1675,1661,1673,1690,1716,1740.5,1747.5,1718,1702,1675,1685,1663.5,1626,1650.5,1658,1646.5,1633.5,1638,1652.5,1676.5,1650.5,1674,1711,1711,1720,1688,1712.5,1717,1719.5,1707.5,1749,1734.5,1773.5,1788.5,1768,1757.5,1789,1805,1740,2032.5,2082.5,2080.5,2081,2097.5,2102,2135,2066,2104.5,2098.5,2080.5,2121,2099,2110.5,2174,2189.5,2208,2248,2222,2177,2224.5,2255.5
5243,ＮＯＴＥ,2158,1984,2129,2039,2065,2045,2112,2025,2013,1930,2042,2050,2144,2061,2106,2258,2010,2289,2219,2250,2075,2024,1920,1920,1838,1745,1730,1736,1741,1800,1760,1881,1821,1728,1673,1655,1683,1676,1754,1848,1816,1935,1901,2070,2063,2060,2191,2248,2216,2147,2205,2264,2255,2297,2407,2245,2135,2150,2251,2363,2424,2503,2330,2449,2490,2691,2571,2609,2608,2769,2521,3010,2909,2703
2702,日本マクドナルドＨＬＤＧ,8150,8220,8080,8190,8060,7910,7730,,7550,7540,7580,7630,7580,7700,7730,7680,7890,7750,7760,7640,7650,7570,7340,7480,7580,7460,7400,7250,7100,7150,7240,7330,7410,7380,7410,7500,7470,7280,7430,7360,7310,7490,7570,7790,7780,7870,8080,8130,7980,8070,8000,7800,8130,8330,8590,7690,7740,7870,8000,8130,8120,8190,8210,8100,8120,8210,8250,8260,8190,8200,8240,8030,8090,8240
6890,フェローテック,8740,8190,8300,7160,7250,7550,8620,8920,8940,7440,7200,7010,8260,8100,8430,9090,8330,8150,8440,9060,9280,8950,9720,9530,9140,9460,10260,9800,10590,11590,10470,10280,9440,9300,9300,9100,7940,7880,8230,9100,9020,7950,8010,8690,8540,8530,9220,8930,8720,8760,8550,9200,9460,9800,9430,9620,9610,9580,9150,8090,7530,7750,7230,7480,7200,7000,6810,6700,6700,6760,6760,6930,6940,6980
4966,上村工業,23900,22930,22380,20450,20230,21630,23130,23430,24130,23910,23980,23000,25250,24020,23490,24740,24250,23750,24150,25730,26630,25750,27610,27440,26830,26930,27570,27190,26950,28050,27070,27070,26340,26410,26190,24160,23150,22470,21800,22740,23020,23580,23160,23320,23470,23780,23890,24250,23440,22750,22810,23800,23990,25680,24970,24600,23830,23710,23800,22600,23440,23320,23270,23320,23060,23410,23020,22810,23140,23680,23980,24000,23230,22960
6146,ディスコ,60890,60520,58480,51870,51320,54900,62650,60890,69410,68590,66840,64780,73550,71650,70870,72560,71510,68230,71900,78000,76590,76860,84520,81260,79550,78510,85970,79740,82870,88480,84900,84990,83700,81550,85250,79900,70030,70060,67480,72580,72210,68710,64200,65090,66350,67630,69780,65860,65650,61340,61600,63500,64900,70000,72840,72800,73380,75000,76590,72250,74010,76440,76030,71700,72000,74830,74240,72950,72900,73030,70580,71630,67370,66890
8035,東京エレクトロン,56700,54990,55500,52240,50000,55920,62800,62660,65950,65960,66570,65100,74240,71130,71300,72940,71060,67350,69470,72320,73200,72940,78800,77150,74700,72920,75340,69900,72960,77800,75360,76080,72640,70860,72760,68000,63400,61830,55020,59450,63660,60900,53710,52420,52320,52500,52180,49830,48800,46100,47160,49260,50290,51200,51340,52160,52080,52450,51720,47450,44390,45150,47100,45850,45480,45500,45780,44250,44010,45820,43500,43700,42460,44040
6920,レーザーテック,44100,40910,37910,33620,34330,37440,43560,43170,45130,42990,42670,41890,49690,45100,44770,44380,43020,42000,44050,47040,47650,47740,50790,49700,49200,50000,53180,50610,52000,57490,55100,56450,52700,46570,48300,44000,40200,40650,39100,42180,42750,41770,39250,40130,40110,41530,43020,38130,38060,35650,36060,38190,38410,40560,42490,43490,44110,43770,44920,42930,42690,44330,45770,45060,43400,44800,44520,42120,39950,42020,41370,42800,41230,41580
5801,古河電工,3566,3200,3145,2777.5,2772.5,3008,3277,3388,3513,3525,3419,3262,3766,3520,3589,3725,3543,3541,3674,3888,4000,3976,4351,4730,4419,4528,4992,4803,4900,5800,5336,4636,4744,4613,4397,4209,4078,4104,4526,4905,5110,5310,5091,5206,5200,5611,5808,5365,4928,5086,5025,5484,5448,5722,5813,5043,4343,4487,4630,4119,4237,4290,4262,4295,4253,4405,4426,4307,4496,4572,4424,4688,4531,4580
6506,安川電機,5133,4935,4867,4544,4629,4756,5257,5117,5335,5213,5119,5116,5490,5436,5972,6972,6816,6636,6900,7449,7479,6942,7302,7027,6902,6810,7223,7071,7156,7655,7128,7253,7046,6845,6655,6335,6016,5988,6425,6862,6942,7152,6622,7208,7136,7107,7481,7052,6698,6076,6338,6682,6987,7006,6980,6970,6574,6367,5973,5521,5520,5381,5462,5150,5151,5356,5495,5420,5187,5288,5277,5151,5239,4894
2768,双日,5232,5193,5381,5345,5338,5359,5446,5390,5470,5389,5277,5072,5220,5120,5054,5100,5147,5199,5240,5326,5227,5206,5159,5171,5225,5283,5235,5187,5187,5296,5297,5352,5296,5291,5316,5081,5028,5089,5092,5191,5155,5157,5121,5391,5427,5510,5594,5550,5564,5533,5709,5696,5914,5863,5926,5855,5726,5690,5909,6218,5860,5971,5825,5914,5885,5902,6070,6043,6091,6254,6146,6235,6358,6383
6305,日立建機,5305,5244,5394,5598,5613,5438,5680,5352,5415,5294,5207,5114,5249,5229,5181,5247,5228,5293,5405,5453,5352,5206,5206,5254,5271,5347,5281,5287,5330,5414,5408,5439,5417,5419,5559,5303,5150,5267,5247,5415,5339,5385,5094,5199,5228,5222,5049,4982,4987,4912,5056,5052,5226,5301,5290,5443,5674,5679,5521,5541,5472,5644,5432,5443,5490,5388,5497,5430,5365,5550,5683,5640,5658,5707
8015,豊田通商,6804,6669,6722,6625,6577,6465,6558,6425,6594,6454,6504,6076,6223,6065,6054,6034,6110,6142,6276,6286,6216,6107,6015,5978,5964,5958,6000,6081,6130,6171,6191,6217,6344,6416,6505,6174,5969,6092,6165,6456,6436,6500,6467,6930,6729,6841,7096,6974,6811,6763,7056,7064,7387,7370,7397,7130,6991,6743,6840,6868,6101,6379,6205,6124,6154,6177,6315,6284,6241,6332,6255,6386,6386,6610
9101,日本郵船,6019,6042,6110,6101,6141,6020,6076,5946,5817,5818,5746,5706,5614,5506,5319,5286,5421,5356,5253,5370,5211,5183,5080,5216,5198,5265,5271,5352,5272,5203,5152,5270,5348,5466,5524,5630,5660,5566,5646,5609,5438,5362,5319,5313,5322,5230,5321,5391,5498,5610,5619,5558,5498,5446,5358,5301,5471,5571,5660,5629,5669,5662,5580,5874,5807,5828,5872,5908,6096,6053,6044,6117,6104,6163
7011,三菱重工業,4091,3799,3764,3736,3740,3805,3891,3945,3930,3892,3852,3681,3828,3746,3758,3818,3805,3821,4009,4110,3792,3788,3736,3666,3651,3567,3618,3743,3742,3909,3917,3968,3860,3810,3659,3540,3494,3578,3699,3790,3701,3573,3516,3806,3804,3898,3908,3969,3958,4024,4126,4102,4080,4162,4406,4300,4384,4510,4527,4586,4615,4797,4689,4738,4754,4508,4522,4506,4371,4571,4561,4749,4761,4745
1812,鹿島建設,5310,5255,5383,5382,5397,5485,5655,5580,5655,5598,5604,5524,5715,5559,5627,5760,5815,5840,6089,6227,6128,5992,5958,5872,5867,5769,5670,5701,5725,5970,5961,6001,5920,5899,6130,5521,5450,5567,5391,5559,5455,5535,5521,5907,5760,5754,5656,5469,5591,5567,5836,5650,5843,6187,6477,6570,6257,6141,6262,6077,6117,6499,5954,5907,5959,5969,6045,6092,5932,6175,6135,6149,6177,6202
6861,キーエンス,82900,80610,81150,78970,77590,70950,74170,71820,72260,72110,71960,70880,76620,75390,76700,76970,75600,74700,78180,80910,80300,80400,81630,81060,78200,77100,77370,76750,75680,77990,77700,77520,75600,75500,75650,72620,71270,72890,74980,78070,80040,80630,78340,80110,75180,75780,78860,79370,76960,72910,75000,76830,77180,77310,79440,79260,82300,84170,79350,76460,71300,73800,73180,63180,63470,63800,63170,64030,62810,63030,62750,62850,63520,62440
6324,ハーモニック・ドライブ・シス,6840,6330,6140,5500,5440,5780,6590,6560,6870,6880,6570,6470,7430,7540,7240,7880,7510,7590,7940,8890,8840,8130,8010,7790,7120,7100,7900,7830,7700,8710,7770,7770,7850,7000,6860,6550,6280,6240,7160,7090,6910,7410,7110,7800,7690,7850,7660,7010,6550,5920,6030,6800,7100,6430,6970,6600,6400,6230,5710,5150,5220,4745,4885,4195,4270,4385,4490,4515,4430,4695,4350,4080,4155,3990
6273,ＳＭＣ,73650,70980,70480,66160,64930,65190,71800,70970,72960,71850,70460,69230,75000,72660,73820,75570,72020,70500,72540,75790,75800,72680,75190,71280,70450,71630,72930,69130,71330,74240,72840,72600,72600,69030,70130,65510,61920,61840,62210,65260,65070,64000,63680,69110,67880,66470,66930,66270,64770,64820,67120,66780,67880,79470,84250,84560,82320,82860,78840,75230,76080,77000,75480,70470,69530,70740,71630,71470,70100,71940,71960,71290,71780,70500
4502,武田薬品,5286,5408,5513,5718,5847,5744,5769,5648,5505,5552,5555,5480,5288,5327,5318,5359,5398,5451,5448,5517,5359,5274,5150,5155,5176,5087,5054,5104,5011,4975,4934,5037,4938,5020,5088,5082,5033,5070,5050,4926,4850,4748,4850,5118,5120,5128,5104,5109,5180,5255,5255,5249,5277,5256,5192,5168,5162,5213,5310,5239,5270,5289,5218,5335,5331,5318,5488,5575,5586,5646,5654,5604,5636,5732
4004,レゾナック・ホールディング,14685,14060,13725,12125,12245,12365,13970,14505,15395,15250,14580,13910,15950,15415,15330,16150,15750,15330,15675,16750,17500,17900,18680,17700,17865,17330,17770,17750,18350,19325,18390,18420,18520,18290,18395,16950,16375,15335,15970,17315,17860,18700,17825,18720,18500,19100,19450,18010,17310,15910,16300,16690,17200,18690,17815,17815,16850,16000,15590,14045,14215,14155,13990,13770,13750,14455,13330,12500,12460,13200,12875,13490,13300,13405
9519,レノバ,919,904,930,928,963,983,1029,1005,977,997,985,981,1035,964,921,923,939,938,978,964,1000,981,966,985,982,914,883,925,920,890,817,831,883,883,895,893,901,920,1003,1026,984,1023,1110,1203,1223,1288,1335,1350,1305,1262,1375,1273,1346,1302,1220,1245,1225,1160,1138,1111,1111,1128,1070,1059,988,949,980,1033,1041,1079,1060,1009,997,945
6752,パナソニックホールディンク,4235,4281,4284,3584,3507,3604,3886,3883,4016,4095,4073,3993,4318,4173,4419,4480,4455,4333,4400,4557,4522,4547,4770,4502,4393,4540,4610,4454,4230,4393,4419,4305,4200,4079,4010,3800,3767,3756,3574,3754,3800,3916,3595,3700,3544,3569,3566,3507,3421,3207,3353,3348,3293,3377,3275,3405,3334,3318,3349,3324,3203,3061,3103,2879,2904.5,2985,3019,2982.5,2897,2996,2925,2917.5,2879.5,2861
6622,ダイヘン,14780,13700,13790,12250,11900,13110,14620,14650,15020,14850,14570,14040,15730,15120,15070,15590,15280,14790,16000,17160,17000,17130,18550,18050,17750,18310,18930,18420,18670,19450,17840,18240,16830,16230,16220,14970,14440,14730,15360,16200,15760,15700,15280,15850,16380,16620,16830,16340,15820,15280,15840,16540,16900,17330,18070,17720,17620,17280,16900,15760,15380,14980,14770,13900,13720,13930,14100,13950,13880,14310,13970,14380,14020,13950
1407,ウエストホールディングス,2730,2622,2529,2475,2648,2634,2783,2800,2695,2641,2734,2835,2802,2302,2179,2151,2274,2237,2275,2321,2389,2346,2406,2383,2427,2345,2291,2345,2400,2250,2216,2308,2310,2256,2280,2313,2305,2297,2450,2478,2436,2578,2489,2695,2936,3115,2991,2891,2923,3085,3040,2980,3005,3070,3015,2950,3115,2980,2860,2884,2877,2756,2637,2548,2356,2270,2288,2279,2239,2320,2122,1947,1855,1848
285A,QPS研究所,52090,49160,46500,39500,38380,44550,54550,56010,61880,64270,61060,52110,73100,69100,67100,77000,77860,71870,72400,81590,83300,76260,88130,89680,88450,92180,103850,92500,92290,108700,108600,96900,96000,94720,90910,81200,75440,70500,71880,78140,76920,78080,77540,65850,61280,60550,65450,57400,55340,51290,49770,51450,44450,48460,50500,46100,45940,44490,43410,36410,37560,36320,35470,34580,35380,34800,32740,30510,30530,33870,32410,35000,31270,30140
141A,トライアルホールディングス,3250,3215,3130,3085,3035,3045,3025,,2995,3005,3015,2980,3005,3045,3055,3040,3100,3010,3140,3035,3075,2998,2889,2992,3070,2952,3025,3035,2803,2743,2745,2731,2803,2744,2833,2789,2850,2793,2782,2774,2668,2734,2570,2865,2900,2805,2878,2971,3055,3105,3180,2911,3570,4270,4440,4330,4225,4140,4155,3885,3920,4045,3905,3985,4255,4525,4745,4585,4445,4495,4380,4255,4170,4445
464A,QPSホールディングス,1590,1528,1537,1388,1371,1517,1443,1509,1620,1621,1645,1597,1886,1844,1821,1833,1825,1797,1948,2054,2098,1983,1908,1948,1874,1866,1986,1964,2011,2277,2180,2251,2202,2280,2324,2792,2607,2533,2870,2919,2720,2998,3080,4060,4365,4200,3930,3725,3435,3240,3565,3230,3300,3280,3120,2954,2990,2825,2676,2530,2520,2534,2423,2580,2582,2669,2750,2659,2647,2630,2514,2610,2787,2832
1570,ＮＦ日経レバ,65180,64610,66020,61170,60430,62100,67590,66770,70470,69780,70080,66090,75920,73770,72730,75850,74350,72500,75400,78500,78680,76380,80090,79510,78020,77620,84770,77660,79140,85450,82660,82200,79550,78180,78170,71130,67250,67450,67010,72640,74620,76720,72930,72090,68680,69560,70010,65880,62540,59060,60530,60970,62240,64770,66000,64830,64310,64800,65520,58570,58070,59440,60810,59020,57970,58850,58390,57370,57070,59020,56180,55560,53100,53800
6135,牧野フライス,14880,14710,13920,14080,13930,14270,14790,14710,14860,14490,14410,14420,14790,14790,14820,14960,14810,14580,14830,15100,15330,15200,15410,15200,15130,15340,15710,14310,14120,14550,14560,14320,14250,14390,14170,13980,14150,14490,14190,14510,14050,13990,13750,13240,13210,13220,13400,13110,13290,13190,13810,13680,13620,13960,13610,13750,13680,13200,13650,12660,11900,11800,11800,11790,10570,11590,11620,11630,11630,11600,11610,11610,11590,11600
6055,ジャパンマテリアル,2327,2278,2267,2019,1983,2103,2300,2238,2326,2313,2320,2253,2610,2567,2623,2657,2549,2474,2640,2451,2500,2490,2684,2570,2605,2633,2718,2526,2555,2632,2454,2441,2361,2396,2470,2267,2167,2118,2084,2266,2422,2117,2007,2053,2053,2051,2124,1993,2011,1933,1972,2078,1992,2012,2146,2173,2077,1953,1933,1800,1778,1802,1872,1814,1786,1824,1844,1847,1862,1900,1900,1905,1793,1801
6862,ミナトホールディングス,2240,2116,2022,1829,1567,1677,1851,1846,1919,1870,1863,1765,2073,2009,1976,2044,1972,1931,2000,2078,2139,2125,2133,2109,2117,2179,2330,2233,2210,2340,2540,2215,2191,2138,2034,1920,1907,1962,2099,2269,2135,2260,2196,2204,2192,2260,2541,2548,2417,2355,2533,2743,2729,2975,2930,3630,3485,3885,3760,3060,2841,2622,2696,2482,2453,2480,2518,2509,2372,2467,2388,2591,2312,2198
2267,ヤクルト,2795.5,2781.5,2819,2903,2911.5,2812.5,2815.5,2746,2762.5,2775.5,2792,2834.5,2820,2840,2850,2840.5,2836.5,2920,2889,2904,2846.5,2790.5,2703,2746,2749.5,2753,2725.5,2721.5,2700.5,2705,2703,2686.5,2619.5,2634.5,2645.5,2667,2658,2682,2675,2630,2684.5,2714,2683.5,2681.5,2720.5,2733.5,2773.5,2806.5,2765,2772.5,2811,2713,2761.5,2784.5,2800.5,2620,2906,2924.5,2961.5,3087,2732.5,2722.5,2732.5,2768.5,2622.5,2600,2608.5,2620.5,2644.5,2654,2720,2628.5,2638,2647
1618,ＮＦエネ資源Ｔ１７,32510,32980,33640,33600,33750,33460,33890,34210,34040,33490,33120,31670,32490,32010,32570,32590,32620,32400,32580,32500,31720,31360,31120,31070,31660,31330,31060,31770,32250,32520,32950,32320,32410,32260,32890,32420,32910,32130,33540,34010,33900,34900,33640,34020,34140,34190,34050,34840,35000,35570,36050,35830,36390,35670,36000,36560,35330,34850,35260,36430,36110,36200,35000,36020,35630,35340,35700,36070,37180,37580,38060,38660,39070,38600
4222,児玉化学,590,566,572,550,556,569,593,,611,615,610,601,650,650,649,661,646,645,664,679,681,653,649,641,653,658,666,671,700,718,707,701,723,691,697,654,660,665,693,714,697,715,688,731,744,755,791,788,800,809,855,859,894,1194,1235,1266,1262,1165,1146,1109,1118,1124,1140,1149,1134,1159,1186,1199,1151,1160,1140,1138,1121,1108
7013,ＩＨＩ,2879.5,2771,2827.5,2771.5,2755,2774.5,2836,,2889,2779,2780,2666.5,2811.5,2815,2812.5,2810.5,2813,2892,2982,3071,2869.5,2801.5,2673.5,2711.5,2675,2672.5,2719,2782.5,2717.5,2816.5,2817,2866,2916.5,2774.5,2705,2430,2358,2439.5,2505,2574,2538.5,2486.5,2588.5,2766.5,2730,2818,2839.5,2761,2675,2554.5,2561,2670.5,2685,2679.5,2832.5,2806,2870,3059,3045,2880,2853,2959.5,2901,2995,3027,3054,3087,3153,3120,3210,3153,3293,3281,3303
8793,ＮＥＣキャピタルソリューション,4020,4085,4150,4200,4205,4110,4120,4065,4110,4115,4085,4015,4105,4130,4135,4145,4120,4105,4090,4075,3990,3970,3970,3985,3980,3970,4030,4010,4025,4065,4100,4095,4100,4135,4145,4175,4105,4130,4025,4045,3945,3930,3870,3970,3960,3940,3950,3985,4010,3965,3970,3910,3975,3990,4015,4020,4035,4055,4040,4000,4055,4265,4165,4265,4195,4215,4255,4285,4265,4280,4275,4215,4170,4170
9962,ミスミグループ本社,4051,3952,3861,3479,3518,3459,3677,3583,3739,3711,3723,3632,3854,3783,3872,3994,3951,3899,3999,4150,4187,4065,3981,3994,3932,3814,3767,3773,3684,3860,3850,3895,3859,3875,3811,3705,3645,3638,3611,3742,3768,3828,3627,3773,3635,3555,3509,3376,3227,3129,3129,3151,3229,3374,3289,3382,3426,3490,3452,3428,3589,3335,3393,3042,3001,3090,3111,3132,3051,3049,3025,2959,2984.5,3017
6762,ＴＤＫ,3052,3092,3008,2811.5,2746,2927.5,3012,3021,3116,3107,3073,2968,3246,3234,3203,3389,3382,3298,3357,3501,3699,3660,3700,3570,3593,3575,3908,3816,3943,4063,3909,3855,3830,3802,3906,3504,3561,3640,3715,4111,3950,3950,3849,4108,3796,3608,3715,3370,3141,2943,2985.5,2977.5,2993,3072,2916.5,2961,2936,2923.5,2896,2775.5,2890.5,2677,2718,2689.5,2662,2700.5,2576,2542,2616,2540,2246.5,2273,2266,2310
4392,ＦＩＧ,871,836,875,817,847,891,949,1015,1075,1065,1070,1064,1108,1032,1051,1090,1057,1102,1097,1137,1171,1115,1100,1126,1110,1115,1160,1203,1125,1197,1143,1280,1270,1246,1317,1347,1421,1588,1596,1360,1363,1629,1705,1781,2039,2246,2185,1785,1981,1581,1360,1060,910,760,735,870,509,429,349,345,344,353,356,348,347,350,347,336,328,329,323,322,319,322
8005,スクロール,1809,1814,1701,1723,1725,1714,1716,1695,1711,1721,1742,1713,1743,1728,1728,1715,1706,1723,1711,1706,1670,1645,1618,1628,1639,1631,1642,1625,1640,1644,1636,1655,1643,1627,1619,1615,1634,1628,1620,1637,1620,1643,1638,1649,1626,1628,1642,1634,1642,1657,1682,1649,1618,1623,1631,1655,1705,1597,1297,1305,1325,1333,1314,1322,1317,1327,1347,1352,1352,1355,1334,1316,1312,1329
2326,デジタルアーツ,4325,4205,4065,4105,4165,4100,4050,3935,4025,4035,4080,3995,4035,4000,3980,3965,3920,3890,3925,3880,3845,3755,3655,3705,3695,3625,3570,3555,3530,3605,3525,3625,3610,3580,3610,3565,3610,3625,3700,3830,3695,3695,3745,3980,4045,4145,4100,4150,4120,4145,4350,4245,4240,4030,4110,4020,4240,4940,5940,5590,5600,5550,5490,5510,5660,6050,5910,5850,5830,5770,5550,5480,5400,5440
6809,ＴＯＡ,1608,1602,1628,1633,1639,1636,1639,,1619,1620,1615,1569,1608,1600,1587,1610,1615,1633,1640,1625,1600,1566,1552,1565,1576,1583,1580,1554,1558,1557,1560,1571,1567,1565,1571,1556,1548,1562,1549,1573,1544,1540,1558,1552,1544,1537,1560,1557,1535,1525,1599,1577,1605,1581,1573,1558,1570,1569,1780,1747,1730,1744,1707,1713,1745,1761,1786,1769,1791,1776,1780,1777,1786,1807
3984,ユーザーローカル,1809,1795,1816,1801,1795,1791,1805,,1721,1774,1781,1797,1835,1805,1794,1784,1768,1771,1778,1780,1793,1725,1707,1644,1604,1588,1655,1680,1685,1750,1735,1813,1810,1773,1775,1753,1800,1791,1825,1910,1807,1815,1820,1720,1670,1706,1741,1791,1758,1736,1729,1706,1702,1700,1745,1724,1812,1793,1600,1540,1544,1559,1554,1567,1577,1608,1580,1565,1575,1576,1508,1468,1448,1458
7609,ダイトロン,4150,3580,3320,3150,3080,3285,3460,,3540,3520,3385,3300,3495,3335,3385,3560,3475,3410,3525,3640,3670,3640,3785,3675,3650,3735,3815,3695,3770,3935,3900,3830,3635,3565,3595,3465,3430,3435,3565,3775,3725,3695,3575,3570,3540,3530,3655,3615,3535,3490,3575,3855,3825,3930,3870,3940,3950,3840,3380,3140,2909,2894,2889,2891,2862,2827,2883,2883,2873,2961,2870,2930,2839,2823
7972,イトーキ,2894,2883,2940,2901,2887,2905,2938,2862,2846,2856,2858,2720,2850,2836,2760,2810,2849,2857,2853,2834,2730,2654,2623,2643,2666,2631,2571,2559,2534,2571,2515,2486,2431,2455,2449,2438,2416,2408,2425,2422,2369,2446,2455,2567,2615,2713,2622,2625,2573,2653,2704,2698,2715,2789,2799,2787,2760,2893,3250,3160,3165,3290,3215,3190,3235,3265,3300,3285,3295,3350,3365,3535,3535,3480
6521,オキサイド,3085,2972,2903,2698,2783,2925,3180,3290,3420,3340,3425,3385,3950,3830,4185,4300,4200,4070,4220,4450,4585,4415,4580,4710,4660,4720,5140,5100,4840,5140,5060,4690,4810,4680,4480,4400,4430,4495,4850,5130,4915,5200,5030,5420,5850,5590,6100,6410,5590,5780,5820,6780,6030,6460,6330,6530,6570,6210,5280,4680,4595,4745,4645,4755,4600,4905,5090,4385,4050,4435,4350,5010,5050,4685
9165,クオルテック,1756,1707,1715,1742,1715,1695,1715,1701,1721,1736,1713,1702,1727,1708,1746,1758,1764,1718,1754,1751,1777,1748,1761,1695,1684,1729,1741,1729,1761,1791,1694,1724,1691,1708,1702,1711,1680,1707,1726,1841,1801,1808,1778,1873,1865,1945,2193,2005,1750,1820,1838,1844,1683,1724,1777,1765,1857,1800,1611,1490,1479,1470,1467,1469,1468,1470,1469,1449,1451,1460,1457,1440,1422,1421
6902,デンソー,1890.5,1928,1967.5,2197.5,2208,2079.5,2056,1977,1993,1989.5,1992.5,1964,1953.5,1941.5,1925.5,1933.5,1928,1945,1985,1992,1955.5,1932.5,1870.5,1876,1888,1875,1860.5,1869.5,1885.5,1892,1900.5,1935,1917,1893.5,1906.5,1854,1834.5,1882.5,1903.5,1887,1907,1926,1867.5,1908,1886,1888.5,1837,1834.5,1850,1835.5,1859.5,1838.5,1944,1884,1917,1878,1879,1919,1914.5,1895.5,1882.5,1846.5,1883.5,1868,1893.5,1925.5,1944,1962.5,1926,1917.5,1915,1926.5,1917,1933
6928,エノモト,2548,2433,2361,2237,2174,2339,2514,2576,2572,2590,2606,2530,2878,2850,2885,2841,2858,2725,2823,2900,2911,2921,3030,3110,3115,3165,3370,3375,3385,3465,3465,3500,3365,3320,3355,3160,3315,3455,3430,3635,3675,3700,3720,3805,3735,3530,3655,3650,3485,3500,3475,3510,3470,3435,3505,3440,3480,3620,3600,3445,3285,3220,3120,3165,3105,3200,3235,3230,3230,3325,3290,3195,3150,3115
5632,三菱製鋼,2176,2168,2180,2137,2119,2124,2186,,2183,2148,2139,2101,2181,2143,2072,2107,2098,2122,2170,2188,2208,2146,2140,2152,2208,2177,2217,2215,2258,2425,2331,2288,2141,2171,2196,2139,2111,2107,2103,2150,2103,2083,2076,2157,2126,2143,2135,2144,2105,2015,2083,2053,2169,2074,1980,1863,1892,1835,1845,1812,1795,1824,1788,1789,1806,1804,1833,1838,1822,1837,1826,1813,1796,1791
6098,リクルートホールディングス,12415,12385,12550,12915,13100,12595,12510,12055,12355,12305,12920,12820,12580,12660,12350,12240,12505,12180,12300,11895,11920,11630,11530,11330,11295,11040,11240,11225,11115,11050,10865,11165,10520,10750,10720,10790,11155,11380,10755,10595,10615,10920,10845,10570,10185,9907,9688,9789,9564,9653,9846,9122,7825,7780,7800,7573,7700,7822,7475,7361,7303,7464,7302,7308,7561,7953,7853,7625,7524,7275,7163,7030,6996,7117
6361,荏原製作所,5787,5555,5558,4953,4871,5151,5641,5681,5752,5593,5587,5384,6230,5881,5908,6127,5859,5808,5923,6223,6063,5989,6300,6256,6164,6248,6464,6279,6356,6775,6560,6694,6527,6232,6204,5506,5243,5265,5030,5535,5480,5626,5357,5683,5499,5472,5693,5452,5036,4935,5153,5349,5533,5729,5740,5841,5902,5750,5763,5242,5327,5423,5446,5304,5309,5471,5137,5131,4933,5161,5004,5171,5087,5124
155A,情報戦略テクノロジー,833,833,831,828,814,832,852,,859,860,870,843,893,909,902,907,883,884,906,917,890,870,878,876,861,840,869,844,896,914,883,886,866,820,846,835,858,889,839,868,844,833,828,872,860,879,880,852,846,835,875,880,889,739,770,791,798,815,816,801,801,807,813,821,835,860,852,836,842,833,829,812,808,823
278A,ＴＥＲＲＡＤＲＯＮＥ,14360,12000,10540,10270,10140,10380,12920,12690,13770,15550,15370,13770,13100,10700,11400,10860,9500,8750,9130,9750,8410,8110,7810,7700,7830,7650,8000,8020,7990,9420,7920,8410,8020,8750,7250,8100,8570,8990,8260,8190,8050,8590,8540,9690,10010,9210,10870,11320,10910,11100,12560,12750,12190,10740,11470,12400,16400,13400,12850,10770,9270,7770,7450,7840,8260,7220,6220,6550,6480,6700,6000,5660,5660,4960
300A,ＭＩＣ,3000,2957,3000,3000,2978,2979,2946,,2985,2948,2915,2874,2880,2842,2837,2908,2860,2910,2910,2912,2917,2917,2971,2929,2900,2824,2790,2791,2801,2800,2800,2796,2847,2810,2816,2867,2780,2800,2737,2804,2755,2804,2844,2835,2887,2844,2869,2918,2864,2891,2900,2874,2950,2604,2781,2731,2802,2782,2753,2795,2768,2849,2762,2879,2950,3060,3075,3045,2982,2998,2945,2913,2898,2928
4776,サイボウズ,2677,2653,2695,2749,2831,2659,2625,2485,2473,2532,2610,2566,2563,2590,2571,2602,2623,2623,2613,2580,2533,2474,2286,2259,2326,2136,2165,2237,2222,2295,2317,2379,2299,2297,2359,2293,2322,2339,2368,2462,2400,2469,2657,2539,2515,2559,2587,2513,2495,2452,2449,2365,2392,2124,2197,2136,2178,2185,2121,2082,2078,2116,2113,2116,2116,2158,2133,2180,2282,2187,2113,2041,1965,1977
4704,トレンドマイクロ,6466,6304,6341,6743,6799,6574,6490,6269,6165,6319,6364,6480,6391,6335,6242,6277,6257,6242,6382,6372,6267,6261,5962,5982,5973,5590,5698,5643,5490,5646,5606,5909,5820,5749,5865,5900,6135,6217,6328,6678,6225,6333,6351,6010,5880,6065,6356,6184,5990,5944,6113,5905,5537,5471,5607,5594,5645,5645,5535,5304,5476,5611,5476,5576,5765,5879,5986,5756,5978,5998,5459,5361,5143,5135
6370,栗田工業,8950,8723,8742,8180,8178,8301,8978,8943,9043,8911,8806,8575,9270,9065,9054,9105,8947,8702,8939,9500,9398,9100,9455,9151,9071,9080,9382,9239,9274,9562,9563,9537,9370,9187,8696,8383,8125,8200,8279,8769,8839,8856,8490,8753,8691,8819,8776,8684,8563,8388,8766,8720,9000,8809,8917,9036,8937,8648,8358,8044,8429,8477,8303,7796,7827,7818,8038,8163,8080,7971,7916,7947,8090,8118
7014,名村造船所,4155,4125,4340,4250,4135,4375,4460,4285,4240,4160,3895,3785,4015,3880,3795,3800,3760,3890,4200,4180,3640,3570,3515,3545,3590,3690,3640,3660,3675,3840,3840,3840,3875,3770,3765,3545,3430,3415,3590,3695,3445,3555,3470,3735,3800,4075,4080,3815,3755,3675,3885,4150,4375,3675,4030,4020,4015,3980,4055,4025,4050,4145,4130,4055,4055,4390,4055,4075,4055,4115,4030,4175,4120,4070
9880,イノテック,3600,3445,3380,3105,3005,3095,3310,3315,3390,3390,3330,3230,3540,3500,3490,3575,3540,3535,3550,3775,3820,3775,3910,3980,3930,4130,4285,4180,4310,4555,4260,4190,4115,3955,4105,4005,4035,4100,4195,4480,4530,4370,4270,4185,4320,4310,4585,4345,4305,4100,4280,4540,3840,3345,3290,3370,3385,3220,3225,2823,2859,2814,2764,2749,2633,2672,2737,2755,2807,2895,2852,2678,2610,2594
5253,カバー,1459,1457,1460,1546,1547,1608,1650,,1545,1692,1633,1640,1697,1694,1641,1612,1632,1618,1625,1616,1548,1458,1344,1371,1357,1218,1165,1176,1200,1282,1301,1440,1449,1415,1418,1429,1522,1520,1636,1630,1600,1637,1633,1600,1587,1564,1693,1760,1743,1700,1671,1572,1466,1433,1430,1382,1411,1418,1415,1435,1372,1376,1350,1385,1419,1425,1449,1450,1465,1441,1470,1441,1408,1425
9104,商船三井,6058,5801,5894,5933,5953,5863,5912,5843,5795,5783,5670,5609,5605,5500,5340,5324,5478,5421,5322,5379,5193,5121,5031,5213,5234,5219,5255,5370,5328,5293,5264,5362,5438,5559,5686,5765,5712,5689,5767,5801,5534,5459,5500,5476,5433,5454,5560,5650,5709,5795,5824,5851,5863,5901,5873,5846,5802,5774,5870,5917,5935,5965,5773,6122,5999,6089,6088,6106,6307,6380,6362,6408,6387,6473
6366,千代田化工建,671,649,659,632,630,703,726,707,705,690,690,636,702,672,654,685,692,704,735,744,694,691,649,670,686,675,687,728,704,727,760,776,798,762,763,708,668,670,694,732,717,706,722,753,745,772,811,747,712,712,771,751,813,821,822,794,843,993,1045,1023,1011,1074,1027,1027,1064,1064,1091,1111,1155,1173,1118,1135,1132,1165
6140,旭ダイヤモンド,1136,1104,1103,1058,1048,1073,1142,,1146,1149,1136,1153,1218,1178,1157,1186,1173,1183,1194,1245,1249,1222,1234,1213,1227,1217,1230,1201,1228,1332,1305,1298,1323,1283,1315,1235,1214,1226,1289,1339,1315,1318,1323,1343,1362,1350,1396,1362,1275,1289,1296,1290,1336,1356,1384,1341,1319,1330,1318,1292,1291,1314,1286,1310,1272,1297,1311,1312,1332,1191,1164,1176,1164,1173
1514,住石ホールディングス,600,584,577,566,570,581,600,593,600,595,582,560,593,584,571,577,560,555,555,580,546,544,525,526,520,520,526,525,532,550,524,537,550,545,551,553,548,555,577,579,550,561,569,587,591,606,596,603,597,589,617,621,704,708,723,730,741,741,753,760,769,783,783,791,808,827,854,861,841,873,850,856,879,828
5631,日本製鋼所,7596,7491,7490,7378,7223,7429,7678,7756,7750,7507,7464,7335,7821,7700,7827,7815,7940,8253,8272,8550,7955,7930,7833,7677,7591,7724,7945,8029,7755,8163,7903,8247,8295,7747,7640,7549,7114,7091,7470,7930,7276,7328,7266,7669,7847,8007,7889,7924,7742,8094,7998,7806,7863,8076,8806,8819,9069,9209,9317,9283,9489,9760,9748,9872,9755,9490,9425,9129,9061,9300,9047,9726,9738,9836
6674,ジーエス・ユアサコーポ,5725,5499,5482,5255,5178,5461,5793,5850,6015,5914,5724,5572,6080,5966,6015,6178,6193,6174,6475,6656,6737,6602,6667,6466,6700,6766,7129,7193,7088,7517,7016,6717,6718,6568,6318,6197,6297,6412,6654,7280,7185,7495,6861,6560,6438,6298,6320,6148,6038,6118,6336,6285,6450,6286,6339,6710,6565,6620,6495,6278,6317,6164,6235,6250,6323,6452,6669,6603,6745,6778,6613,6590,6343,6331
6955,ＦＤＫ,389,381,390,390,387,392,406,,416,414,406,404,431,427,438,436,430,429,451,452,483,498,484,493,499,495,523,518,516,545,513,513,513,502,478,499,505,525,640,574,494,503,437,422,449,432,403,414,406,410,416,415,422,429,426,433,432,443,455,428,433,447,454,450,450,448,452,456,448,463,446,457,451,448
281A,インフォメティス,475,457,429,416,419,428,450,467,467,467,472,455,515,509,530,514,489,519,619,625,626,627,628,670,710,676,753,737,637,601,574,623,647,615,634,534,548,543,582,613,652,695,689,760,829,825,895,805,773,775,842,823,765,716,746,756,806,819,757,740,693,712,763,763,811,799,895,958,808,757,780,680,664,627
6356,日本ギア工業,1338,1284,1266,1255,1250,1296,1379,1362,1407,1412,1375,1410,1578,1571,1500,1500,1489,1500,1575,1747,1647,1527,1480,1490,1499,1460,1516,1490,1452,1585,1495,1526,1630,1378,1433,1416,1378,1425,1499,1604,1455,1488,1457,1660,1690,1720,1560,1502,1355,1373,1415,1449,1410,1438,1403,1523,1517,1489,1481,1501,1586,1685,1640,1666,1526,1226,1277,1304,1333,1328,1277,1281,1305,1238
7711,助川電気工業,4475,4280,4275,4140,4120,4250,4510,,4800,4675,4595,4455,5130,5030,4780,4730,4635,4850,4965,5150,5030,4810,4840,4910,4905,4905,5060,5030,5050,5500,5490,5470,5650,4945,4830,4825,4635,4710,5050,5490,5060,5140,5200,5360,5380,5480,5420,5360,5080,5020,5180,5310,5420,5370,5650,5620,5820,6000,6200,5920,6000,6130,6170,6350,6600,6280,6320,6350,6280,6340,6110,6250,6260,6240
6376,日機装,3975,3780,3750,3525,3565,3730,4060,4000,3985,3965,4120,3820,3895,3785,3605,3700,3715,3730,3825,4070,4060,3930,3890,4050,4155,4230,4160,4030,4025,4090,3880,3945,3855,3715,3705,3600,3570,3570,3280,3330,3195,3140,3125,3105,3240,3280,3450,3205,3000,2861,2887,2991,2911,2682,2660,2648,2641,2650,2644,2634,2658,2634,2589,2644,2576,2563,2573,2629,2657,2719,2773,2816,2840,2820
9115,明海グループ,846,815,814,788,796,851,881,891,845,894,829,821,853,834,811,809,845,819,822,849,839,818,818,801,811,800,798,790,802,759,768,781,805,826,835,848,899,904,973,981,999,1020,1036,1110,1137,1143,1162,1152,1130,1103,1176,1218,1227,1196,1208,1216,1272,1244,1329,1294,1274,1249,1180,1175,1178,1214,1267,1282,1241,1285,1289,1303,1290,1269
3864,三菱製紙,1152,1117,1123,1117,1122,1091,1151,1133,1198,1175,1226,1092,1108,1080,1055,1001,1009,1013,999,1016,1015,1008,1005,1012,1015,1039,1034,1034,1029,1035,1032,1030,1059,1074,1104,1061,1054,1074,1052,1061,1040,1060,1045,1100,1131,1096,1088,1095,1090,1034,1018,1036,1009,928,913,916,935,944,934,928,932,937,936,959,951,959,978,972,990,982,951,927,921,895
6997,日本ケミコン,3245,3210,3120,2628,2570,2826,3200,3240,3290,3345,3100,3160,3700,3665,3655,3965,3920,3920,4250,5020,5570,5140,5790,5490,5590,5590,5980,5360,5340,5810,5670,5530,5240,4540,4790,4175,4110,4245,4535,4980,4945,4840,4785,5080,4380,3865,4065,3365,2923,2991,3055,2944,2996,3415,3180,3200,3170,3160,2960,2651,2660,2462,2321,2295,2243,2450,2354,2384,2243,2265,2055,1942,1762,1660
4544,ＨＵグループＨＤ,3346,3360,3411,3478,3595,3472,3434,3347,3313,3344,3376,3388,3375,3352,3344,3381,3347,3478,3470,3436,3391,3389,3258,3295,3288,3244,3198,3157,3148,3173,3136,3165,3190,3251,3244,3392,3411,3462,3343,3357,3298,3302,3139,3117,3146,3140,3195,3193,3168,3240,3226,3174,3228,3228,3135,3093,3112,3122,3134,3100,3111,3192,3258,3190,3176,3169,3121,3170,3147,3183,3166,3133,3126,3122
6848,東亜ディーケーケー,854,854,858,854,854,852,854,,851,858,856,851,855,854,859,851,850,854,860,866,864,851,854,873,859,858,856,857,864,885,852,857,864,855,857,851,878,850,854,871,852,861,869,855,854,853,864,864,862,843,869,873,858,870,877,869,869,872,870,862,871,876,870,881,874,878,879,879,877,869,870,873,872,871
5702,大紀アルミニウム,1527,1531,1481,1448,1453,1455,1498,1482,1512,1486,1483,1445,1508,1511,1461,1472,1472,1456,1485,1511,1514,1485,1500,1483,1494,1511,1526,1589,1600,1653,1660,1702,1704,1732,1829,1825,1816,1831,1858,1931,1905,2007,1956,1923,1966,1973,1967,1906,1857,1797,1828,1796,1848,1787,1603,1587,1596,1613,1543,1496,1465,1491,1459,1447,1462,1476,1495,1474,1521,1556,1559,1595,1565,1543
7952,河合楽器,3565,3545,3480,3390,3365,3200,3285,3265,3300,3280,3300,3205,3195,3200,3170,3205,3210,3215,3285,3300,3265,3215,3170,3215,3210,3320,3350,3265,3275,3340,3295,3275,3245,3250,3150,3020,3010,3095,3145,3140,3195,3215,3135,3300,3210,3055,3035,2950,2961,2930,3100,3080,3120,3005,2981,2937,2812,2740,2825,2769,2745,2839,2829,2786,2868,3025,3065,3050,3050,3135,3070,3020,3005,3030
3002,グンゼ,4000,3990,4020,4070,4060,4065,4065,,3960,3980,3975,3935,3995,3980,3970,3980,4035,4020,4040,4040,4000,3935,3855,3865,3865,3845,3870,3800,3820,3850,3810,3845,3820,3815,3815,3845,3725,3740,3665,3715,3680,3700,3660,3725,3700,3725,3660,3655,3695,3650,3725,3715,3735,3815,3585,3595,3620,3620,3640,3595,3610,3710,3660,3670,3700,3750,3840,3945,3910,3925,3860,3890,3920,3945
8871,ゴールドクレスト,3200,3255,3245,3325,3400,3360,3375,,3355,3365,3365,3300,3380,3360,3330,3345,3365,3390,3355,3330,3280,3280,3250,3255,3325,3270,3215,3225,3230,3230,3290,3230,3245,3305,3340,3355,3325,3330,3265,3265,3220,3305,3415,3575,3570,3540,3500,3520,3585,3560,3660,3700,3650,3290,3305,3345,3320,3320,3330,3325,3340,3355,3335,3310,3320,3310,3405,3420,3420,3465,3480,3465,3460,3510
6918,アバールデータ,3210,3095,3120,2949,2916,3100,3180,,3275,3260,3200,3025,3330,3240,3230,3280,3190,3120,3230,3355,3375,3350,3380,3300,3265,3270,3410,3340,3390,3540,3365,3450,3335,3270,3200,3055,2975,2900,3060,3255,3285,3305,3415,3525,3490,3315,3470,3400,3435,3310,3570,3760,3520,3535,3645,3670,3685,3325,3295,3105,2933,2899,2969,3030,3005,3060,3055,2957,2801,2854,2834,2852,2803,2764
6488,ヨシタケ,990,983,980,990,986,980,980,984,977,984,979,971,978,979,976,966,963,960,961,966,965,968,939,940,939,934,935,937,942,942,935,923,924,918,920,913,915,921,933,936,934,931,931,932,926,932,950,951,961,953,972,955,958,980,933,932,937,936,935,935,943,944,937,934,934,934,940,953,956,952,940,940,944,945
8007,高島,793,797,812,814,811,805,804,795,798,792,785,778,790,782,776,780,772,770,770,771,764,755,754,765,758,751,745,742,738,748,741,747,749,746,763,740,736,741,740,736,729,731,725,766,763,753,745,736,741,728,744,754,764,773,689,768,769,782,793,794,784,798,772,768,775,776,786,794,806,812,810,810,812,817
4218,ニチバン,1941,1928,1947,1961,1974,1942,1932,1910,1910,1913,1913,1934,1912,1912,1894,1897,1906,1913,1903,1886,1895,1895,1875,1873,1894,1867,1849,1844,1842,1828,1829,1847,1834,1835,1841,1837,1835,1826,1800,1805,1792,1813,1792,1825,1849,1863,1866,1869,1859,1863,1880,1866,1902,1897,1849,1830,1821,1836,1849,1833,1817,1825,1818,1824,1842,1856,1872,1885,1889,1884,1887,1882,1890,1896
7735,ＳＣＲＥＥＮホールディングス,13070,12350,12600,11980,11730,14175,15895,15850,16650,16500,16980,16510,18930,18160,17755,18150,17750,16890,17090,17860,18940,18055,19490,17805,16765,16535,17625,16130,16150,17010,16745,16425,15320,14970,14860,13945,12990,12980,11760,12630,13440,13345,11315,11120,11030,11220,11035,10765,10730,10545,10520,10885,11335,12205,11215,11430,11410,11380,11300,10390,10230,10445,10805,10610,10335,10435,10700,10575,10510,11280,10930,11200,10695,10745
3905,データセクション,2155,2200,2134,1876,1930,2094,2323,2328,2435,2419,2511,2527,2994,2845,2840,2871,2925,2734,2795,2999,3160,3105,3420,3465,3595,4180,4860,4640,4520,5030,5270,5110,4915,5200,4845,4580,4340,4315,4940,4900,5690,5060,4360,6140,5140,4435,4490,4800,4100,3400,3345,2843,2343,2149,2279,2250,2360,2089,1689,1474,1487,1503,1467,1479,1504,1526,1589,1590,1602,1547,1473,1447,1363,1365
3397,トリドールホールディングス,4155,4305,4345,4509,4584,4307,4185,4070,4036,4065,4171,4150,4067,4109,4019,3968,4025,4026,3983,3900,3840,3892,3794,3845,3886,3736,3764,3654,3600,3598,3569,3574,3653,3733,3740,3821,3905,3856,3775,3676,3731,3824,3831,3783,3789,3739,3895,3855,3800,3895,3856,3750,3758,3886,3995,3930,3960,3965,3995,4008,4045,4108,4055,4072,4111,4155,4157,4215,4180,4215,4272,4225,4258,4293
7270,ＳＵＢＡＲＵ,2584,2618,2715.5,2823,2848.5,2680,2663.5,2557,2611.5,2583,2591,2534,2499.5,2485.5,2475,2492.5,2488.5,2525,2573.5,2589.5,2515.5,2501.5,2406,2390,2401.5,2401,2401.5,2375,2391.5,2427.5,2440.5,2577,2582.5,2564.5,2568,2474,2480,2535.5,2493,2454.5,2474.5,2471,2438.5,2442,2465.5,2437,2464.5,2441,2493,2437,2450,2385,2567.5,2402,2346,2288,2319.5,2358,2343,2369.5,2349.5,2438.5,2440,2447.5,2501,2500.5,2570.5,2569,2537.5,2548,2506,2539,2506,2544.5
6736,サン電子,10660,9670,9760,9180,9130,9340,9860,9260,8990,8990,9280,8870,9050,9200,9510,9870,10850,10520,11340,10810,9390,9680,8790,8580,8670,9030,8840,8490,8970,9060,9010,9170,9100,9100,9110,8780,8690,9030,8690,8610,8670,8940,9100,9230,9230,9060,9150,9180,9430,8900,8640,9680,9120,8760,8500,8480,9070,8660,8590,8610,8670,8300,8190,7980,8100,8290,7990,7980,7970,7860,7840,7260,7640,8550
2933,紀文食品,1092,1103,1088,1107,1117,1097,1091,,1083,1082,1080,1090,1078,1076,1075,1079,1075,1080,1075,1066,1065,1064,1058,1055,1065,1062,1055,1053,1061,1058,1065,1056,1050,1044,1045,1044,1050,1048,1035,1030,1022,1028,1018,1036,1044,1036,1038,1040,1040,1043,1042,1035,1040,1030,1030,1031,1025,1024,1032,1031,1032,1028,1026,1030,1034,1040,1052,1061,1062,1058,1058,1051,1059,1057
4047,関東電化,2837,2777,2669,2426,2420,2521,2782,2790,2938,2914,2795,2701,3055,3035,2935,3070,3075,3055,3175,3355,3480,3345,3570,3555,3630,3700,4055,3880,3670,3895,4015,3845,3895,3760,3885,3750,4020,3860,3905,4095,4405,3705,3530,3625,3455,3330,3305,3040,2870,2666,2770,2550,2050,2175,2112,1971,1909,1856,1813,1706,1671,1700,1649,1646,1632,1657,1671,1632,1632,1671,1659,1700,1635,1625
6482,ＹＵＳＨＩＮ,679,663,668,674,666,669,695,688,691,682,689,676,669,664,671,681,675,691,698,700,686,693,698,688,703,705,715,706,736,740,734,741,770,713,700,677,672,668,659,672,665,658,646,667,677,670,710,721,707,708,712,720,734,754,731,724,701,683,690,681,667,669,658,659,659,671,678,676,671,678,680,679,676,679
6706,電気興業,3085,3065,3085,3055,3005,2991,3020,,3015,3010,2929,2875,3030,3000,2988,3020,3080,2930,2972,3010,3035,3045,3060,3040,3125,3085,3130,3120,3100,3135,3175,3155,3155,3180,3285,3180,3175,3290,3390,3465,3475,3510,3475,3510,3520,3480,3470,3405,3415,3415,3415,3445,3460,3470,3485,3465,3425,3410,3415,3335,3315,3345,3295,3325,3330,3280,3300,3310,3275,3295,3255,3220,3165,3080
8141,新光商事,1579,1569,1556,1560,1572,1580,1579,,1587,1590,1581,1605,1622,1588,1586,1588,1588,1590,1588,1589,1587,1588,1588,1590,1583,1565,1574,1577,1579,1599,1580,1583,1581,1580,1577,1580,1579,1578,1583,1585,1584,1579,1579,1575,1579,1595,1600,1603,1613,1606,1613,1595,1525,1485,1575,1665,1662,1714,1740,1668,1631,1601,1540,1517,1539,1577,1550,1539,1490,1450,1419,1371,1447,1405
8344,山形銀行,3900,3780,3740,3700,3865,4020,4195,4000,3935,3875,3760,3615,3930,3765,3690,3690,3785,3865,3875,4015,3965,3825,3600,3525,3455,3365,3285,3250,3335,3355,3370,3480,3465,3560,3550,3495,3370,3350,3075,3075,3035,2975,3055,3095,3095,3080,2991,3055,3035,2994,2940,2876,2655,2636,2616,2548,2535,2515,2595,2503,2537,2563,2396,2415,2477,2538,2638,2726,2786,2780,2740,2688,2683,2678
7414,小野建,1405,1416,1438,1462,1465,1438,1447,,1435,1430,1411,1405,1422,1382,1380,1385,1374,1377,1371,1364,1357,1342,1323,1334,1336,1326,1321,1322,1324,1331,1319,1336,1330,1324,1325,1318,1309,1311,1310,1330,1308,1313,1301,1347,1344,1338,1318,1326,1329,1322,1344,1339,1366,1440,1428,1440,1435,1424,1447,1413,1394,1402,1375,1382,1376,1380,1394,1406,1396,1400,1407,1406,1404,1410
6407,ＣＫＤ,6330,5870,6000,5250,5130,5560,6340,,6720,6570,6600,6280,7210,6730,6850,7230,6860,6720,6880,7480,7490,7460,7860,7470,7450,7380,7840,7450,7610,8180,7760,7840,7450,7470,7390,6640,6150,6190,5830,6260,6300,6480,6330,6560,6800,6730,6890,6740,6360,5920,5970,6230,6790,7000,6870,6810,6680,6650,6470,6030,6040,5870,5830,5520,5490,5780,5630,5670,5540,5760,5600,5740,5650,5570
7048,ベルトラ,157,159,158,157,157,156,160,,154,160,166,178,183,177,171,173,163,163,163,169,172,171,163,164,164,162,163,176,197,171,152,150,133,126,130,119,116,124,126,130,128,129,130,133,131,133,137,143,143,144,147,145,148,159,165,163,164,164,163,162,160,164,161,163,169,173,179,184,189,179,178,175,174,174
1808,長谷工コーポレーシヨン,2656,2704.5,2780,2833,2902.5,2843,2851,2760,2767,2811.5,2829,2812.5,2809.5,2809,2772.5,2788.5,2781,2836,2868.5,2869.5,2825,2800,2774,2843.5,2841.5,2852.5,2761,2714,2720,2718,2730,2667,2706.5,2690,2706.5,2691,2731,2727.5,2647,2654,2626.5,2630,2617.5,2712.5,2695.5,2696.5,2676.5,2695,2719,2714.5,2790.5,2844,2684,2689,2790.5,2803.5,2767,2758,2755,2744,2709,2818,2723.5,2684,2724.5,2762.5,2764,2821,2766.5,2770.5,2757,2722,2885,2912
4208,ＵＢＥ,3147,3149,3183,3165,3185,3213,3326,,3275,3241,3233,3208,3273,3216,3100,3147,3165,3172,3212,3261,3243,3202,3157,3180,3159,3142,3181,3108,3129,3222,3205,3290,3163,3196,3203,3068,2999.5,3018,2921,2955,2941,2992,2941,2952.5,2930.5,2975.5,2970,2992,3046,2890.5,2390.5,2400.5,2384,2459,2350.5,2321.5,2387,2388,2398,2378.5,2366.5,2391,2360.5,2351,2349,2375.5,2413,2412.5,2447.5,2432,2425.5,2408.5,2418.5,2447
186A,アストロスケールホールディンク,1135,1040,1012,955,906,1004,1025,1026,1041,1014,995,981,1102,1064,1096,1095,1096,1073,1141,1231,1218,1124,1138,1176,1140,1095,1162,1156,1150,1320,1198,1331,1348,1375,1505,1905,1810,1749,2089,2090,1955,2065,2145,2739,2868,2694,2696,2352,1952,1920,2115,1892,1932,1860,1824,1838,1779,1570,1413,1310,1286,1312,1240,1323,1409,1450,1452,1454,1345,1384,1367,1389,1332,1342
6965,浜松ホトニクス,2408,2321,2323,2152.5,2153.5,2198,2367.5,,2423.5,2402,2335.5,2302,2509.5,2437,2453,2508.5,2421.5,2424,2477.5,2590,2669,2648.5,2749.5,2671,2661,2625,2739.5,2670,2659.5,2825.5,2797.5,2770.5,2777.5,2648,2635.5,2495.5,2427.5,2368.5,2630,2864,2920.5,2877.5,2732,2863,2823,2700,2973.5,2910.5,2673.5,2633.5,2685.5,2867,2657,2157,2162.5,2177,2162,2193.5,2140,2006,2023,2002.5,2053.5,1921.5,1913.5,1944.5,1945.5,1952,1937,1960,1902,1936,1949.5,1942.5
6331,三菱化工機,3150,3090,3155,3110,3070,3235,3400,3395,3400,3300,3255,3175,3465,3415,3430,3555,3490,3600,3880,3955,3820,3715,3700,3650,3755,3830,3930,3840,3880,4145,3995,4010,4100,3910,3840,3660,3615,3615,3500,3610,3460,3640,3425,3590,3660,3665,3490,3400,3495,3440,3625,3845,3660,3305,3320,3310,3285,3275,3285,3260,3180,3205,3285,3210,3180,3055,3035,3045,3030,3075,3045,3090,3120,3185
7741,ＨＯＹＡ,25925,25260,24675,23840,23765,23685,24725,24560,24840,25045,25450,25215,25330,25570,25480,24975,24780,23910,25645,25575,25930,25590,25905,25950,25805,25575,26120,26350,26485,26975,27245,28515,27620,27065,26630,26420,25650,25710,25280,26340,26430,27495,26305,27080,26970,27195,26300,26225,26580,26500,26895,27725,28005,27670,27680,27285,27235,27470,27510,27830,29100,29305,28940,28590,28495,28675,28970,29645,28995,30000,30030,29400,29170,29490
1321,ＮＦ日経２２５,66090,65850,66560,64080,63680,64570,67280,66880,68700,68310,68450,66960,71140,70050,69510,71120,70280,69640,71060,72980,73140,72000,73700,73510,72800,72560,75730,72460,73150,75970,74630,74380,73190,72570,72620,69090,67210,67270,67030,69700,70570,71580,69830,69310,67640,68120,68330,66210,64530,62720,63470,63740,64280,65610,66200,65590,65370,65600,65880,62230,61990,62650,63400,62390,61870,62320,62070,61530,61360,62390,60860,60480,59160,59520
1944,きんでん,7158,6963,7090,7203,7202,7696,7795,7474,7395,7340,7216,7084,7553,7374,7387,7634,7702,7792,8142,8038,7936,7837,7809,7946,8030,8095,8162,8209,8073,8367,8272,7964,7737,7295,7304,6780,6831,6916,6762,6621,6563,6533,6777,7179,7235,7050,7197,6798,6819,6728,7050,6916,7458,7722,7995,8133,8226,8310,8525,8140,8382,7932,6932,7213,7135,7001,7014,7099,7056,7113,6903,7325,7303,7426
7532,パンパシフィックＨＤ,889.1,896.6,902.2,941.4,964.6,923.8,894,862.7,856.2,866.3,880.9,889,858.5,874,872.7,850.4,870.9,873.2,866.7,852.7,818.3,820.7,793.6,823,826.4,823,820.7,818.5,813.4,816.4,819,835.3,835.6,834.6,837.2,855.3,867.8,849,839.3,831.9,826.1,824.6,826.7,878.2,858.5,819,824.6,866.9,867.1,872.1,884.8,871.3,871.3,858,883.6,893.8,907.3,883.5,887.3,888,889.4,900.7,914.6,918.4,922,949.4,942,959.3,940,963.2,961.5,962.6,954.1,938.5
