コード,銘柄名,2026/08/04,2026/08/03,2026/07/31,2026/07/30,2026/07/29,2026/07/28,2026/07/27,2026/07/26,2026/07/23,2026/07/22,2026/07/21,2026/07/17,2026/07/15,2026/07/14,2026/07/13,2026/07/10,2026/07/09,2026/07/08,2026/07/07,2026/07/06,2026/07/03,2026/07/02,2026/07/01,2026/06/30,2026/06/29,2026/06/26,2026/06/25,2026/06/24,2026/06/23,2026/06/22,2026/06/19,2026/06/18,2026/06/17,2026/06/16,2026/06/15,2026/06/12,2026/06/11,2026/06/10,2026/06/08,2026/06/05,2026/06/04,2026/06/03,2026/06/02,2026/05/29,2026/05/28,2026/05/27,2026/05/25,2026/05/22,2026/05/21,2026/05/20,2026/05/19,2026/05/18,2026/05/15,2026/05/14,2026/05/13,2026/05/12,2026/05/11,2026/05/08,2026/05/07,2026/05/01,2026/04/30,2026/04/28,2026/04/27,2026/04/24,2026/04/23,2026/04/22,2026/04/21,2026/04/20,2026/04/17,2026/04/16,2026/04/15,2026/04/14,2026/04/13,2026/04/10
TOPX,TOPIX,3969.23,3965.39,4052.27,3982.7,3990.49,4042.49,4066.26,4019.57,4066.98,4070.43,4014.95,4017.29,4088.12,4047.12,4073.79,4061,4035.46,4065.09,4137.62,4109.6099999999997,4064.6,4052.98,4050.33,4020.32,3995.57,4016.25,4032.66,4007.63,4097.01,4103.76,4086.96,4088.25,4035.32,4008.81,4032.39,3924.34,3836.12,3894.24,3923.62,3966.32,3970.82,4015.72,3924.26,3984.58,3915.5,3971.77,3953.89,3905.13,3878.24,3852.29,3877.84,3870.65,3927.98,3919.72,,,,,,,,,,,,,,,,,,,,
5706,三井金属,32030,31270,31970,28080,28435,29995,32230,33660,35210,35290,31400,30760,35830,35090,37100,37640,36120,36080,37640,39060,38860,41540,44590,43020,42500,45570,47690,48370,54440,53570,50670,49700,48750,48750,46950,44240,37840,39110,41930,45130,47390,50870,53290,51920,51140,57700,53990,50610,48130,45110,48200,49590,51200,53340,55860,52970,53200,50000,48060,42950,42880,41670,40050,39290,39060,38570,37550,36650,37600,38050,39830,38730,36980,37200
5423,東京製鐵,1713,1763,1784,1773,1805,1793,1744,1714,1726,1735,1753,1789,1781,1789,1750,1730,1750,1770,1768,1778,1750,1723,1714,1697,1692,1691,1719,1737,1798,1807,1770,1793,1788,1750,1760,1750,1690,1684,1735,1703,1727,1719,1704,1758,1714,1727,1732,1755,1775,1758,1814,1821,1887,1850,1724,1700,1678,1710,1707,1697,1713,1706,1750,1802,1804,1840,1862,1813,1799,1793,1740,1755,1745,1794
5713,住友鉱山,8115,8022,8292,7502,7453,7502,7787,7722,7952,7686,7317,7100,7509,7450,7382,7366,7354,7579,7849,8090,7969,7739,7551,7610,7617,7763,7900,8282,8939,8934,8990,9406,9255,9340,9244,8674,7796,8026,8211,8792,8929,9382,8880,9222,9450,10360,9940,9636,9387,9201,9558,10010,11180,11140,11145,10995,10765,10615,10140,9629,9474,9989,9777,9864,10315,10050,10290,10215,10780,11050,11150,10415,10180,10085
5711,三菱マテリアル,4204,4193,4248,4026,4065,4154,4242,4249,4333,4330,4124,4110,4313,4160,4140,4092,4075,4356,4600,4654,4566,4499,4399,4400,4331,4453,4638,4693,4950,4990,4908,4968,4965,5050,5007,4648,4443,4592,4750,4957,5074,5298,5066,5263,5224,5565,5280,5142,4946,4879,5050,5264,5516,5646,6113,5838,5698,5562,5353,5153,5092,5227,5236,5328,5435,5460,5581,5595,5739,5784,5795,5742,5580,5615
5714,ＤＯＷＡホールディングス,8305,8207,8343,8116,8123,8243,8432,8391,8601,8657,8327,8245,8530,8419,8506,8490,8429,8598,8891,9020,8971,8918,8749,8850,8870,8806,9001,9250,9744,9763,9607,9864,9927,9915,9919,9464,8955,9159,9718,10105,10180,10570,10275,10700,10805,11170,11090,10485,10355,10235,11125,11550,12380,10555,10685,10640,10565,10180,9878,9574,9566,9740,9653,9742,9903,9827,9998,10040,10215,10385,10295,10060,9791,9900
6701,日本電気,4818,4832,4858,5104,4613,4508,4445,4279,4295,4369,4497,4472,4312,4525,4355,4368,4422,4444,4409,4355,4307,4298,4037,4074,4050,3818,3822,3885,3726,3778,3789,4020,3891,3860,3930,4027,4107,4080,4236,4315,4292,4314,4470,4277,4201,4154,4143,4155,4245,4312,4372,4184,4142,4115,4359,4172,4172,4246,4110,4092,4202,4602,4707,4613,4448,4530,4493,4358,4430,4447,4323,4173,3931,3981
1605,ＩＮＰＥＸ,3528,3601,3641,3678,3651,3607,3726,3761,3697,3634,3580,3457,3528,3550,3419,3407,3470,3412,3330,3316,3261,3238,3297,3294,3324,3351,3412,3458,3475,3502,3500,3505,3428,3475,3636,3588,3649,3553,3690,3726,3660,3732,3597,3643,3722,3727,3791,3849,3934,4026,4049,4002,3921,4007,4007,3988,3910,3820,3912,4165,4180,4123,3984,4098,3988,3912,3885,3959,4029,4063,4133,4232,4388,4259
5703,日本軽金属ＨＤ,2885,2970,2748,2634,2638,2685,2694,2680,2729,2750,2711,2706,2798,2770,2746,2735,2667,2686,2775,2800,2774,2754,2764,2825,2850,2885,2888,2970,3035,3035,3000,3005,3065,3085,3130,3105,3005,3140,3205,3255,3275,3290,3190,3270,3195,3325,3330,3140,3125,3070,3140,3200,3260,3080,2965,2971,2966,2928,2939,2834,2854,2880,2909,2879,2918,2939,3025,3005,3035,3050,3090,3095,3030,3000
8002,丸紅,5079,5351,5251,5241,5309,5425,5479,5422,5412,5338,5194,5176,5132,4942,4960,4920,4935,5086,5162,5084,4984,4877,4701,4730,4803,4768,4757,4795,4947,4930,4907,4993,5019,5058,5174,4951,4825,4880,4996,5089,5065,5039,4940,5259,5264,5411,5367,5356,5477,5486,5725,5849,6078,5928,5818,5608,5509,5535,5749,6160,6099,6106,5966,6075,5986,5961,6020,5973,6040,6049,6018,6033,6010,6071
5021,コスモエネルギーＨＬＤＧＳ,3871,3966,4000,4019,4003,3999,3997,3999,3977,3974,3975,3840,3902,3916,3903,3895,3933,3915,3999,3977,3921,3892,3830,3842,3775,3757,3800,3725,3747,3791,3775,3768,3693,3699,3707,3584,3540,3500,3592,3688,3790,3835,3746,3789,3729,3686,3772,3717,3766,3788,3799,3870,3885,3893,3916,4001,4016,3975,3951,3996,4011,3985,3946,4038,4021,4236,4288,4316,4400,4406,4393,4393,4467,4548
8058,三菱商事,4801,4850,4851,4833,4833,4824,4966,4943,4943,4947,4673,4555,4606,4522,4518,4444,4459,4574,4662,4545,4574,4463,4372,4427,4512,4464,4585,4608,4657,4614,4541,4669,4672,4739,4872,4712,4608,4755,4849,4967,4999,5004,5019,5088,5144,5217,5419,5450,5510,5582,5604,5800,6012,5939,5935,5508,5317,5350,5411,5445,4990,4928,4849,4980,4828,4840,4914,5016,5080,5099,5239,5330,5433,5449
5333,ＮＧＫ,5659,5646,6050,5444,5573,5963,6180,6165,6411,6375,6113,6362,6787,6649,7124,7259,7182,7186,7480,7534,7492,7580,7860,7680,7559,7864,7894,7548,7815,7700,7594,7308,6974,6807,6640,6347,5962,6198,6185,6615,6431,6538,6350,6395,6143,6483,6260,5912,5742,5485,5678,5755,5892,5838,5749,5707,5604,5415,5420,5142,5035,4680,4670,4470,4459,4528,4595,4569,4537,4586,4553,4465,4474,4491
1662,石油資源開発,1724,1748,1793,1784,1778,1746,1754,,1770,1743,1728,1697,1739,1753,1700,1684,1723,1704,1692,1669,1622,1613,1601,1619,1617,1612,1623,1636,1639,1644,1637,1681,1660,1663,1697,1662,1718,1733,1749,1769,1749,1798,1808,1837,1887,1894,1895,1921,1927,2046,1998,1989,2001,2012,2248,2211,2196,2165,2127,2254,2339,2295,2230,2303,2323,2217,2176,2265,2426,2419,2458,2512,2529,2525
8411,みずほフィナンシャルＧ,8168,8205,8310,7962,8149,8499,8690,8796,8816,8648,8302,8370,8693,8497,8541,8440,8265,8369,8551,8208,8083,8086,7918,7783,7854,7833,7831,7930,8092,8067,8259,8304,8120,7845,7958,7706,7479,7855,7686,7966,7796,7687,7346,7286,7140,7313,7396,7528,7413,7130,6908,6583,7132,7124,7074,7006,6968,6807,6980,6731,6919,6966,6663,6556,6601,6664,6775,6888,6863,7029,7059,6858,6851,6809
5541,大平洋金属,2510,2498,2498,2413,2405,2390,2416,,2337,2349,2310,2293,2320,2285,2293,2270,2238,2267,2357,2376,2323,2328,2273,2200,2198,2199,2212,2259,2330,2320,2286,2316,2316,2330,2339,2193,2110,2159,2232,2304,2310,2348,2256,2362,2278,2388,2247,2180,2181,2203,2254,2403,2475,2477,2548,2678,2678,2653,2669,2632,2559,2680,2444,2488,2535,2519,2574,2597,2650,2734,2738,2695,2675,2719
5332,ＴＯＴＯ,6315,6439,7210,6871,6954,7268,7520,,7782,7809,7597,7715,8088,8032,8139,8213,8192,8293,8670,8740,8586,8606,8779,8739,8537,8812,8997,8827,9500,9360,8620,8326,8297,8362,8241,7799,7511,7609,7709,8185,8332,8049,7442,7799,7410,7486,7086,6873,6698,6625,6928,7171,7380,7289,6970,7270,7290,7104,7011,6425,5497,5440,5459,5375,5260,5360,5524,5630,5596,5765,5611,5565,5763,5794
8725,ＭＳ＆ＡＤ,4830,4863,4997,5009,5067,5073,5029,4898,4875,4839,4740,4580,4594,4513,4442,4505,4505,4549,4594,4554,4461,4416,4285,4287,4301,4292,4316,4614,4661,4662,4594,4620,4689,4626,4742,4676,4590,4706,4402,4394,4284,4365,4298,4333,4288,4295,4245,4341,4475,4522,4536,4491,4437,4427,4415,4285,4032,4013,4044,4004,4034,4028,3939,4001,3979,4036,4057,4102,4134,4134,4090,4112,4099,4123
8795,Ｔ＆Ｄホールディングス,5032,5047,5172,5060,5080,5125,5176,,5095,5084,4996,4950,5065,4976,4961,5018,4960,4988,5098,5053,4979,4909,4926,4850,4748,4740,4741,4900,5053,4984,4975,4930,5017,4914,4900,4755,4786,4981,4482,4475,4231,4258,4253,4224,4135,4159,4148,4154,4168,4230,4204,4046,4058,4002,4040,4035,3986,3939,3945,3789,3792,3794,3676,3741,3728,3809,3925,4040,4082,4083,4135,4095,4050,4065
5019,出光興産,1271,1305,1316.5,1327,1328.5,1323,1335.5,1352,1327.5,1319.5,1303,1264.5,1290,1273.5,1257.5,1255,1255.5,1255.5,1252.5,1246.5,1222,1209,1202.5,1226,1227,1229.5,1281,1252,1271.5,1264.5,1259.5,1295,1293,1320,1362.5,1365,1369.5,1342.5,1377.5,1413,1409,1415,1368,1398.5,1322,1329.5,1341.5,1338.5,1371.5,1393.5,1394.5,1446,1447.5,1425.5,1406,1409.5,1365.5,1374.5,1385,1370,1380,1350.5,1334.5,1360,1352.5,1421.5,1450,1492.5,1516.5,1524.5,1539,1545.5,1580.5,1576.5
8591,オリックス,6366,6389,6503,6382,6496,6680,6673,6591,6653,6639,6502,6463,6593,6472,6580,6508,6452,6444,6526,6405,6345,6321,6278,6224,6210,6246,6310,6344,6545,6502,6448,6566,6417,6305,6239,6150,6080,6335,6180,6305,6367,6368,6220,6309,6153,6378,6308,6282,6348,6109,5950,5939,5817,5970,6060,6049,5520,5330,5314,5231,5275,5462,4883,4885,4894,4980,5051,5084,5047,5093,5092,5014,4891,4910
3436,ＳＵＭＣＯ,6366,6389,6503,6382,6496,6680,6673,3795,6653,6639,6502,6463,6593,6472,6580,6508,6452,6444,6526,6405,6345,6321,6278,6224,6210,6246,6310,6344,6545,6502,6448,6566,6417,6305,6239,6150,6080,6335,6180,6305,6367,6368,6220,6309,6153,6378,6308,6282,6348,6109,5950,5939,5817,5970,6060,6049,5520,5330,5314,5231,5275,5462,4883,4885,4894,4980,5051,5084,5047,5093,5092,5014,4891,4910
5020,ＥＮＥＯＳホールディングス,1303.5,1314,1340,1323,1313,1326,1330.5,1342,1337,1326,1307,1269,1298.5,1269,1269.5,1258.5,1268,1257,1279.5,1265,1237,1228,1212.5,1208,1212,1214.5,1253,1237.5,1266.5,1265,1264,1251.5,1259,1247,1278,1241,1232.5,1221.5,1260,1305,1319,1341.5,1292.5,1305.5,1300.5,1310.5,1322,1306.5,1321,1361,1370,1397.5,1390,1380,1374,1384,1317,1295,1342,1325.5,1329.5,1307.5,1294,1318,1314.5,1330,1359,1376,1413,1423.5,1441.5,1435.5,1458,1464.5
6254,野村マイクロ・サイエンス,4255,4015,4115,3660,3740,4150,4245,4315,4345,4330,4135,4155,4415,4375,4680,4730,4400,4430,4630,4980,4940,4970,5340,5150,5070,4830,5010,5040,5450,5500,5260,5180,4990,4655,4845,4395,3970,4225,4115,4385,4515,4555,4545,4850,4865,5250,5290,5140,4725,4665,4910,5110,5060,4470,4440,4695,4675,4520,4115,3715,3760,3765,3790,3770,3775,3845,3915,3895,3760,3770,3695,3735,3645,3645
3863,日本製紙,1347,1356,1464,1483,1505,1540,1522,1585,1599,1525,1519,1479,1404,1363,1365,1336,1357,1353,1345,1346,1339,1343,1301,1321,1271,1274,1255,1211,1211,1209,1220,1238,1259,1253,1249,1227,1219,1239,1270,1262,1213,1236,1235,1361,1379,1406,1389,1384,1426,1420,1512,1490,1550,1487,1612,1513,1484,1460,1432,1374,1334,1305,1437,1446,1455,1526,1500,1472,1443,1407,1370,1339,1336,1327
8601,大和証券Ｇ本社,1811.5,1814.5,1824.5,1813.5,1850,1860.5,1885,1866.5,1876.5,1866.5,1847,1858.5,1879,1806.5,1809.5,1781,1740,1789.5,1762.5,1713.5,1684,1652.5,1641,1618.5,1611.5,1620,1604,1612.5,1630,1631.5,1626.5,1630,1625.5,1607,1626,1575,1548.5,1606,1554,1566.5,1560,1542.5,1503.5,1501.5,1475,1481.5,1498.5,1511.5,1522.5,1507,1509.5,1486.5,1502,1505,1498,1469.5,1469.5,1489,1518.5,1463,1467.5,1473.5,1526.5,1512.5,1514.5,1525,1536,1537,1553.5,1599,1583.5,1572,1549.5,1556
5233,太平洋セメント,4055,4056,4174,4243,4315,4216,4227,4178,4211,4295,4121,3984,3999,3992,3975,3969,4032,4078,4199,4186,4127,4003,3995,4045,4094,4130,4153,4130,4206,4285,4418,4442,4447,4457,4455,4205,4108,4187,4304,4424,4448,4488,4418,4657,4374,4274,4156,4180,4106,3988,3942,3959,4167,4276,4217,3899,3651,3730,3706,3596,3608,3666,3645,3586,3589,3684,3718,3737,3710,3730,3729,3774,3756,3733
8308,りそなホールディングス,2246,2276.5,2218,2207.5,2253,2351,2420,2389,2375.5,2354.5,2286,2361,2420.5,2377.5,2399.5,2391.5,2372.5,2367.5,2416.5,2283,2249,2222.5,2129.5,2143,2127,2146,2156.5,2179.5,2261,2238.5,2270,2263.5,2232.5,2171,2277.5,2197,2144.5,2198.5,2099,2178,2143,2090.5,2033.5,2092,2050,2065.5,2147.5,2154,2158.5,2131,2086,2074,2105,2061,2077.5,2054,2008,1984.5,2037,1958,1947.5,2006,1857,1854,1838,1907,1963,2009.5,1966,1966,1947,1911.5,1909,1915.5
5938,ＬＩＸＩＬ,1733,1735.5,1858,1928.5,1933,1906,1900,1826,1862.5,1860,1886,1903,1894,1889,1857,1866,1888,1908.5,1897,1880,1872.5,1832,1813,1815.5,1797.5,1774,1773.5,1718.5,1746.5,1746.5,1746.5,1721.5,1743.5,1739.5,1746.5,1745,1732.5,1740,1724,1717,1715,1706.5,1688,1708,1696,1681.5,1663.5,1649,1651,1650,1661.5,1682,1673.5,1670,1688,1694,1703,1701.5,1689.5,1670,1627.5,1628,1610.5,1626,1623.5,1636,1654.5,1644.5,1627.5,1645.5,1623.5,1619.5,1663.5,1672.5
8570,イオンフィナンシャルサービス,1553,1576.5,1588,1581.5,1589.5,1590,1580,1566.5,1576.5,1588.5,1584.5,1539,1580.5,1559.5,1566.5,1560,1539,1540,1537,1524.5,1514.5,1505,1472.5,1478,1480.5,1471.5,1465.5,1461,1468,1469,1495,1507,1519,1511,1531.5,1518.5,1510,1514.5,1478,1474.5,1467.5,1467.5,1460,1539.5,1545,1551.5,1562.5,1594.5,1619,1590,1595,1595.5,1569,1566.5,1567.5,1565,1535.5,1540,1575,1561.5,1561.5,1561.5,1549.5,1565,1562.5,1560.5,1571,1573,1609.5,1650,1631,1625,1596.5,1558
5406,神戸製鋼所,2081,2073.5,2098.5,2079.5,2072,2036,2044.5,1992.5,1998,2001,1974.5,1954.5,1938.5,1929.5,1886.5,1883.5,1888.5,1904,1946,1947,1914.5,1882.5,1874,1883,1882.5,1882.5,1911,1910.5,1968.5,1970.5,2002.5,2004.5,1995,2003,2001,1966.5,1901,1923,1932,1963,1971.5,1987,1959.5,2002.5,1987.5,2018.5,1969,1966.5,1936,1917.5,1929,1955.5,1979,1985.5,1996.5,2024,2052,1967,2008,1950,1934,1898.5,1874.5,1858,1870,1901.5,1939,1946.5,1943,1954.5,1955,1969,1953,1981
8593,三菱ＨＣキャピタル,1436,1453,1486.5,1511.5,1518,1470.5,1470,1441,1440.5,1442,1444,1416,1418.5,1401,1381.5,1379,1378,1392.5,1388.5,1372.5,1362,1332.5,1318,1330.5,1324.5,1311,1306,1301.5,1305.5,1312,1317,1324,1338,1332.5,1347.5,1324,1326.5,1335,1298.5,1289.5,1271.5,1271,1270,1328,1314.5,1341,1328.5,1331,1363.5,1354.5,1357.5,1383.5,1436.5,1435,1446.5,1445,1414.5,1412,1420,1411,1435,1443,1421,1419,1414.5,1438,1461,1474.5,1473.5,1478,1473.5,1477,1480.5,1488.5
8604,野村ホールディングス,1523.5,1510.5,1537.5,1486,1579,1596,1623,1618,1624.5,1624.5,1586.5,1587,1631.5,1563,1577,1554,1528,1554,1546.5,1491,1474.5,1458,1465.5,1428.5,1432,1464.5,1422.5,1429.5,1439,1436.5,1443,1439.5,1478,1416.5,1425,1376,1365,1419,1359.5,1386.5,1359.5,1354.5,1324,1307.5,1256,1263.5,1295,1312,1298.5,1278,1282,1273,1287.5,1287.5,1275,1239,1233,1246,1265.5,1251,1260,1275,1251.5,1330.5,1347.5,1348.5,1352,1349,1365,1436.5,1372.5,1332.5,1314,1323
3861,王子ホールディングス,881.4,877.9,890.5,897.5,898.2,886.2,882.4,865.2,874.1,859.6,857,850.9,831.5,828,826,824.9,828,834.3,831.8,832.8,835,816,799.2,808,805.3,790.3,790.9,783,800,804,805,803.9,805.9,800,812.3,794.4,787.7,792,785.8,787.9,784,783.9,771,789.9,797.7,786.3,783.6,796,821,820,829.6,853.7,858,849.5,844.6,835,831.8,844,839.2,829.3,825.9,825.8,826.5,826.8,826.8,843.3,845,852.1,852.7,855.5,854.3,857.4,856,854.3
5947,リンナイ,3558,3599,3672,3797,3794,3703,3657,3576,3578,3608,3669,3662,3638,3640,3600,3596,3624,3673,3694,3632,3629,3606,3584,3616,3624,3588,3592,3520,3515,3500,3500,3468,3465,3441,3527,3560,3542,3598,3523,3512,3432,3392,3344,3433,3462,3470,3502,3558,3609,3569,3596,3492,3462,3404,3461,3761,3603,3700,3750,3615,3562,3606,3549,3526,3518,3527,3534,3572,3555,3606,3605,3680,3748,3768
8750,第一ライフグループ,1896,1900,1938,1919,1940,1939,1959,,1905.5,1900,1877.5,1848,1917,1856,1860.5,1901.5,1877,1878,1903,1882,1864.5,1840.5,1813,1792.5,1761,1737.5,1750,1812,1860,1841.5,1843,1823,1834,1789.5,1816,1777,1747.5,1787,1667.5,1714.5,1654,1655,1626.5,1648.5,1653,1675,1691.5,1675.5,1695.5,1678,1676,1670,1618,1501.5,1510.5,1501.5,1466.5,1459.5,1472,1426,1441,1444,1406.5,1424,1424.5,1440.5,1467,1484,1495.5,1516,1500,1503,1493.5,1502
3402,東レ,1153.5,1141,1165,1166,1171.5,1177,1182,1170,1179.5,1183.5,1167.5,1166,1182,1161.5,1159.5,1158,1158.5,1178.5,1170.5,1182.5,1175,1144,1137.5,1142,1148.5,1155,1168.5,1154,1168.5,1172.5,1190,1208.5,1190.5,1198,1207,1152.5,1122.5,1113,1119,1124.5,1147,1182.5,1135,1198.5,1159.5,1174.5,1156.5,1096,1103.5,1081.5,1102.5,1139.5,1173,1202,1224.5,1147.5,1142.5,1142,1146,1123,1125,1140.5,1122,1126,1121,1138.5,1159.5,1160.5,1169.5,1175.5,1163,1162.5,1175.5,1191.5
8306,三菱ＵＦＪフィナンシャルＧ,3528,3573,3615,3581,3674,3770,3813,3774,3778,3685,3580,3618,3733,3600,3564,3478,3424,3474,3518,3370,3337,3338,3267,3257,3267,3285,3276,3292,3343,3335,3371,3394,3312,3236,3327,3205,3148,3305,3217,3273,3208,3149,3047,3034,3011,3066,3095,3140,3148,3170,3110,3063,2951.5,2923.5,2939,2899,2856.5,2827.5,2891.5,2813,2868,2886,2796.5,2783,2807.5,2824,2880.5,2894.5,2926,2966.5,2919,2889.5,2891.5,2882.5
5401,日本製鉄,656.6,647,661.4,666.4,672.8,656.9,636.9,,610.79999999999995,603.4,598.6,587.9,576.6,569,561,556.9,557.6,560.4,562.9,564.70000000000005,553.6,542.6,541.70000000000005,545.70000000000005,548.6,546,551.79999999999995,552.5,561.6,573.70000000000005,567.20000000000005,567.29999999999995,566.29999999999995,574.20000000000005,575.5,554.4,538,543.4,544.79999999999995,551.4,545,550.5,544.79999999999995,575.79999999999995,567.29999999999995,567.79999999999995,560.6,556.20000000000005,548.79999999999995,550,553.29999999999995,560.20000000000005,562.79999999999995,570.79999999999995,560.9,560.9,569.70000000000005,580,583.29999999999995,572.70000000000005,576.5,579.1,580,581.29999999999995,590.20000000000005,593.29999999999995,598.4,599.79999999999995,596.9,600.20000000000005,600.9,601.9,600.5,606.29999999999995
8572,アコム,478,481.9,486.6,496,496.9,496.7,493.6,490.4,493,494.4,493.5,489.4,489.5,487.2,486.5,489.6,485,488.9,488.5,485,473.7,465.5,455.7,458.5,457.1,450,451.4,451.5,450.1,450.4,448.8,452.4,453.7,453.9,462.1,452.6,451,453.5,446.2,453.6,447.8,452.5,453.3,474.4,468.7,470.6,467,470.9,473.6,467.3,466.8,469.1,464.6,461.3,470.1,494.3,495.2,496,499,497.9,501.8,504.5,504.1,504,513.79999999999995,521.9,519.79999999999995,489.3,485,484.6,482,478.7,472.8,475.9
3941,レンゴー,1503.5,1504,1521.5,1531,1536.5,1538,1528,1470,1480.5,1466,1463.5,1456.5,1447,1423.5,1434,1418.5,1444,1448,1430.5,1431,1424.5,1427,1422.5,1424.5,1463.5,1435.5,1418,1416,1413.5,1430,1444,1428.5,1429,1421,1420.5,1392.5,1375,1416,1377.5,1406.5,1393,1412.5,1400,1463.5,1432,1428.5,1403.5,1412.5,1416.5,1409,1430,1411,1430.5,1402,1263.5,1246.5,1261.5,1245,1247,1240,1249,1273,1351,1287,1290.5,1317,1315.5,1269,1276,1283.5,1274.5,1271.5,1277,1294.5
5929,三和ホールディングス,3580,3575,3910,3962,4020,3975,3899,,3791,3788,3826,3771,3735,3704,3706,3723,3750,3846,3921,3880,3864,3802,3799,3864,3864,3784,3780,3673,3688,3721,3740,3804,3779,3747,3768,3655,3646,3672,3709,3592,3513,3425,3553,3685,3549,3405,3336,3339,3393,3397,3389,3575,3664,3728,3552,3612,3627,3661,3648,3617,3587,3676,3616,3651,3651,3676,3707,3664,3666,3735,3774,3755,3704,3740
8316,三井住友フィナンシャルＧ,6632,6713,6911,6787,6932,7141,7260,7181,7212,7147,6971,7030,7137,7000,7029,6918,6816,6913,6970,6815,6685,6636,6474,6436,6449,6415,6431,6517,6637,6653,6711,6733,6578,6481,6725,6439,6233,6385,6185,6408,6218,6156,5951,5944,5939,6030,6086,6083,6183,6109,5974,5817,5814,5804,5889,5795,5669,5605,5730,5562,5609,5667,5421,5389,5428,5483,5590,5640,5662,5738,5699,5630,5641,5602
5449,大阪製鐵,2487,2498,2620,2925,2895,2785,2735,2670,2621,2600,2620,2589,2549,2560,2575,2549,2544,2570,2510,2422,2422,2363,2294,2424,2412,2326,2330,2369,2380,2374,2358,2342,2401,2421,2441,2377,2322,2365,2317,2416,2376,2458,2399,2669,2680,2680,2508,2407,2388,2287,2293,2372,2393,2430,2454,2606,2586,2610,2622,2539,2485,2477,2376,2329,2370,2410,2453,2458,2437,2461,2484,2465,2462,2648
8766,東京海上ＨＤ,7844,8020,8235,8261,8468,8278,8290,8155,8045,7971,7877,7660,7873,7761,7614,7887,7870,7803,7935,7810,7687,7574,7329,7311,7315,6948,6947,7283,7448,7316,7308,7368,7421,7293,7469,7454,7487,7557,7232,7068,7000,7167,7130,7216,7324,7443,7469,7610,7987,8038,7962,7769,7687,7416,7402,7282,7198,7195,7337,7148,7300,7344,7220,7227,7100,7267,7310,7221,7003,6984,6963,7068,7099,7220
5201,ＡＧＣ,6175,6106,6147,6090,6194,6190,6274,6279,6452,6459,6257,6407,6518,6468,6499,6561,6540,6550,6754,6897,6885,6920,7095,7050,7110,7305,7346,7292,7650,7682,7800,7687,7421,7500,7407,7148,7004,7157,7471,8069,8218,8315,7686,6980,6980,7259,6784,6545,6254,6265,6395,6031,6132,6155,6098,6270,5636,5668,5733,5607,5667,5754,5700,5730,5664,5779,5818,5796,5740,5774,5695,5782,5784,5922
8630,ＳＯＭＰＯホールディングス,6895,7052,7218,7350,7413,7291,7268,7085,6987,6910,6958,6724,6698,6622,6541,6667,6689,6762,6820,6770,6697,6497,6389,6268,6261,6192,6181,6386,6539,6465,6410,6442,6406,6274,6361,6191,6249,6332,6031,5956,5849,5957,5986,5958,5943,5935,5625,5764,5896,6435,6435,6161,6125,6050,6129,5946,5834,5900,5926,5744,5798,5815,5766,5892,5858,5948,5955,5947,5988,5995,5990,6022,5982,6050
5901,東洋製罐グループＨＤ,4018,4089,4118,4173,4186,4183,4146,4140,4112,4135,4131,4108,4070,4031,4099,4069,4118,4143,4175,4166,4160,4150,4093,4157,4160,4167,4151,4104,4163,4175,4160,4135,4088,4035,4047,3938,3859,3891,3912,3827,3875,3912,3920,4010,3948,3973,4043,4369,4404,4097,4022,3930,3730,3472,3508,3428,3532,3651,3607,3520,3258,3210,3220,3242,3264,3382,3420,3406,3385,3450,3429,3438,3469,3519
9412,スカパーＪＳＡＴ,2245,2169,2147,2083,2162,2208,2228,2242,2289,2375,2300,2327,2485,2500,2572,2582,2595,2720,2714,2792,2783,2702,2686,2736,2593,2528,2738,2870,3235,3245,3265,3495,3420,3345,3425,3505,3245,3230,3585,3670,3470,3785,3910,4600,4540,4720,4530,4325,4430,4240,4185,4310,4345,4335,4220,4030,3840,3715,3620,3650,3530,3380,3220,3305,3200,3335,3420,3385,3385,3265,3255,3175,3040,3155
6203,豊和工業,1405,1400,1415,1362,1375,1452,1470,1453,1463,1477,1471,1454,1686,1607,1649,1674,1612,1667,1870,1763,1637,1606,1534,1558,1660,1673,1618,1640,1729,1721,1707,1753,1679,1592,1620,1648,1651,1810,1838,1839,1874,1949,1993,2012,1670,1410,1384,1364,1343,1312,1361,1392,1446,1431,1463,1546,1557,1510,1577,1540,1565,1588,1545,1522,1606,1545,1434,1390,1376,1388,1468,1489,1514,1515
4676,フジ・メディア・ＨＤ,3938,3972,4150,4239,4259,4225,4166,4055,4059,4107,4132,4148,4256,4289,4174,4166,4100,4147,4170,4083,4070,4076,4000,3919,3885,3984,4201,3944,4111,4103,4064,4074,4063,4080,4152,4097,4118,4164,4185,4272,3874,3867,3923,3784,3782,3754,3781,3845,3860,3842,3811,3832,3822,3872,3915,3995,3977,3994,3984,3929,3867,3956,4004,4064,4034,4014,4065,4132,3951,4214,4266,4239,4256,4305
1961,三機工業,2333,2272,2406,2276,2344,2423,2480,2469,2490,2557,2488,2576,2651,2562,2699,2711,2691,2769,2913,2912,2804,2895,2991,3080,3160,3175,3180,3100,3275,3135,3230,2987,2700,2626,2673,2520,2473,2575,2325,2349,2302,2180,2205,2367,2287,2386,2259,2215,2274,2378,2438,2539,2719,2687,2670,2730,2625,2557,2610,2458,2439,2428,2376.6666,2333.3332999999998,2283.3332999999998,2370,2403.3332999999998,2433.3332999999998,2433.3332999999998,2473.3332999999998,2673.3332999999998,2776.6666,2783.3332999999998,2756.6666
3107,ダイワボウＨＤ,3618,3561,3625,3673,3670,3622,3599,3512,3496,3502,3488,3456,3464,3440,3447,3432,3456,3494,3531,3565,3547,3504,3478,3523,3528,3477,3425,3371,3370,3373,3363,3374,3441,3488,3483,3500,3495,3480,3550,3520,3588,3605,3622,3490,3402,3393,3511,3540,3568,3594,3591,3574,3482,3485,3430,3455,3473,3427,3335,3206,3225,3246,3178,3144,3119,3122,3124,3180,3188,3219,3196,3187,3129,3201
4045,東亞合成,1832.5,1844,1848,1799,1797.5,1810,1804.5,1772,1781.5,1787,1749,1742.5,1760,1734.5,1748,1757.5,1750,1761.5,1794.5,1792,1833.5,1762.5,1767,1758,1754.5,1789.5,1797,1763.5,1764.5,1778,1785.5,1787.5,1768.5,1770,1780,1741.5,1709,1713.5,1726,1758,1752.5,1768,1742.5,1782.5,1748,1749,1745,1719,1724,1711,1765,1753.5,1765,1769,1747.5,1745,1731.5,1735.5,1767,1727,1702.5,1747,1744,1799,1804,1802,1801.5,1812,1809.5,1808,1804,1789,1793,1801
5857,ＡＲＥホールディングス,3125,3080,3145,3030,3090,3130,3150,3100,3160,3110,3040,3025,3130,3045,3015,2998,2964,3025,3090,3130,3045,2994,2979,2966,2954,2920,3120,3205,3240,3245,3220,3265,3320,3245,3240,3065,2941,3065,3115,3210,3215,3305,3285,3400,3325,3490,3630,3560,3510,3575,3780,3870,4110,4070,4060,3970,4130,4105,4030,3575,3600,3685,3675,3710,3790,3935,4045,3835,3865,3875,3870,3780,3720,3805
8281,ゼビオホールディングス,1089,1100,1122,1137,1147,1117,1117,,1109,1110,1132,1121,1101,1111,1106,1098,1105,1122,1124,1112,1082,1076,1056,1072,1078,1075,1055,1044,1040,1047,1048,1059,1065,1069,1080,1072,1073,1067,1038,1028,1019,1042,1039,1072,1057,1049,1055,1059,1064,1059,1050,1028,1039,966,973,966,973,973,993,996,999,999,998,1002,1005,1026,1037,1032,1024,1028,1023,1018,1013,1029
4540,ツムラ,3791,3809,3917,4045,4079,3976,3942,3828,3840,3886,3929,3898,3883,3919,3850,3829,3819,3828,3833,3800,3795,3762,3748,3751,3744,3740,3810,3845,3755,3759,3754,3776,3784,3764,3757,3763,3777,3758,3752,3771,3760,3739,3743,3857,3860,3861,3795,3888,3982,4015,3934,3837,3819,3789,3719,3565,3588,3641,3644,3653,3681,3728,3717,3703,3700,3722,3750,3791,3780,3807,3782,3790,3792,3834
9984,ソフトバンクグループ,5530,5430,5322,4755,5130,5270,5671,5800,5928,6032,5789,5676,6660,6574,6542,6556,5958,5916,6113,6147,6169,6266,6239,6047,6322,6489,7188,6723,6977,7394,7562,7294,6948,7188,7327,6797,6529,6730,7022,7583,8099,8800,9074,7710,7220,8038,7276,6881,6039,5349,5777,5720,6020,6204,6084,6008,6292,6242,6424,5466,5399,5751,6121,6000,6160,5727,5187,4818,4689,4772,4525,4263,3767,3820
4063,信越化学,5992,5900,6042,5879,5945,6176,6520,6840,7219,7367,7230,7247,7690,7502,7655,7403,7010,7128,7460,7420,6993,7195,7285,7058,6942,7055,7268,7153,7419,7377,7528,7736,7595,7589,7567,7218,6858,6830,7056,7539,7730,7818,7600,7904,7480,7572,7194,7065,7014,6975,7071,7157,7464,7593,7466,7604,7668,7653,7883,7285,7351,7082,7018,6847,6784,6742,6912,6886,6996,6944,6863,6696,6694,6614
4536,参天製薬,1883,1889,1903,2020,2039.5,1979.5,1984,,1984.5,2028.5,2080.5,2083,2132,2165,2170.5,2167,2205,2240,2251,2253.5,2254,2191.5,2144.5,2189,2192,2151,2128,2079,2017,1951.5,1876,1904,1935.5,1940,1950,1937.5,1954,1983,2043,1952,1881,1872,1886.5,1939,1918.5,1941,1969.5,1927.5,1934.5,1959.5,1898.5,1869.5,1879.5,1909,1815,1622,1629.5,1628,1646.5,1649,1637,1652,1673.5,1695.5,1675.5,1723.5,1740,1798,1802.5,1816.5,1809.5,1818.5,1827.5,1894
6503,三菱電機,5699,5773,5912,5358,5297,5500,5681,5686,5764,5795,5591,5577,5769,5686,5872,5910,5826,5904,6171,6078,5968,6020,6040,5980,5935,5942,6110,6052,6345,6253,6166,6230,5925,6009,5903,5661,5446,5767,5707,6043,6084,6177,6133,6641,6565,6686,6614,6359,6124,5895,6330,6394,6662,6512,6495,6667,6615,6591,6636,6330,6490,6231,6129,6010,5905,5938,6160,6107,5944,5981,5998,5921,5867,5853
4980,デクセリアルズ,3492,3383,3429,3296,3388,3516,3658,3655,3770,3814,3649,3705,3982,3940,4165,4250,4140,4128,4276,4402,4327,4186,4369,4334,4450,4866,5115,5228,5015,5099,4894,4787,4694,4609,4316,4122,3813,3968,4070,4432,4525,4859,4560,4133,4214,4290,4473,4313,4236,4062,4217,4486,3849,3149,2682.5,2755,2800,2739,2657,2508.5,2478.5,2516.5,2540.5,2458,2487.5,2481,2484,2484,2473,2427.5,2442,2408,2390,2400
9424,日本通信,116,116,116,115,116,115,114,,113,114,116,117,118,118,116,115,112,112,112,113,110,109,107,108,109,108,109,109,112,115,116,117,117,115,115,115,114,115,115,119,116,117,114,117,117,117,125,124,125,125,126,127,127,126,128,129,129,131,127,127,126,125,126,127,128,131,132,131,133,132,131,126,127,130
3854,アイル,2246,2274,2316,2358,2410,2327,2297,2245,2286,2314,2371,2404,2414,2437,2448,2461,2490,2521,2470,2346,2328,2275,2225,2229,2202,2170,2200,2205,2186,2204,2205,2210,2206,2221,2261,2320,2414,2465,2524,2550,2588,2653,2640,2635,2580,2525,2615,2575,2484,2467,2475,2423,2359,2380,2396,2400,2434,2430,2384,2365,2397,2422,2422,2427,2471,2476,2481,2460,2447,2471,2428,2421,2360,2434
6027,弁護士ドットコム,2320,2362,2357,2358,2300,2353,2328,2220,2286,2345,2406,2404,2423,2420,2424,2435,2408,2450,2457,2425,2482,2498,2410,2267,2265,2053,2098,2104,2220,2232,2236,2149,2174,2130,2157,2192,2154,2192,2258,2307,2262,2295,2384,2460,2461,2501,2578,2590,2615,2766,2836,2798,2745,2777,2750,2726,2788,2758,2677,2528,2500,2499,2494,2552,2617,2630,2609,2586,2653,2750,2734,2625,2578,2795
7806,ＭＴＧ,7850,7840,7710,7380,7660,7690,7720,7800,7880,7990,8030,7980,7730,7440,7720,7680,8080,8110,8270,8200,8380,8000,7580,7550,7480,7490,7610,7480,7700,7740,7780,7790,7410,7260,7110,7350,7200,7140,6860,7020,7170,7260,7500,7600,7490,7310,6390,6420,6560,6790,6650,6720,7200,7310,6930,6820,6530,6400,6360,6120,5890,5990,6210,6380,6600,6600,6700,6700,6620,6490,6580,6350,6180,6100
9202,ＡＮＡホールディングス,3116,3150,3165,3225,3221,3143,3092,2951,3010,3038,3066,3033,3057,3043,3027,3054,3089,3131,3200,3180,3156,3104,2986,3006,3029,3019,3023,2988,2956,2963,2987,3033,3076,3043,3013,2842,2810,2823,2868.5,2858,2837,2850,2891,3022,2921,2892,2883,2804.5,2796,2759,2762.5,2779,2772,2793.5,2821,2817.5,2851.5,2876,2853,2720,2651,2646.5,2700.5,2729.5,2805,2847.5,2881,2884.5,2861,2899.5,2898,2882.5,2891,2909
2802,味の素,4965,4930,5105,4900,4984,5013,5171,5096,5319,5430,5295,5289,5700,5672,5763,5783,5905,5919,6145,6340,6189,6209,6311,5942,5839,5890,5859,5617,6035,6166,5933,5843,5350,5175,5501,5257,5203,4865,4907,5070,5194,5298,5351,5204,5275,5425,5505,5332,5328,5296,5330,5311,5580,5716,5590,5739,5652,5030,5070,4936,5090,4813,4823,4877,4672,4715,4730,4640,4682,4712,4683,4692,4655,4724
7203,トヨタ自動車,3028,2999,3119,3192,3233,3015,2973,2923,2950,2951,2972,2913.5,2875.5,2853,2847,2864.5,2865,2942,2980,2923,2856.5,2839,2771.5,2782.5,2805,2768,2713.5,2731,2748,2802,2793,2807,2863.5,2894,2934.5,2798.5,2782.5,2840.5,2862,2885.5,2879.5,2920,2863.5,3082,3072,3039,3108,3022,3027,3027,2979,3013,3086,3010,2945,2886.5,2888,3088,3047,3022,3071,3135,3101,3133,3205,3235,3356,3413,3400,3468,3386,3355,3337,3363
6954,ファナック,6187,6386,7240,6752,6617,6609,6835,6860,6982,7057,6808,6706,7030,6898,7205,7239,6919,6985,7372,7569,7468,7339,7515,7430,7085,7350,7513,7561,7938,8164,7702,7704,7515,7490,7353,7122,6778,6997,7248,7690,7922,8080,8010,8149,8100,8703,8562,8278,7741,7650,8015,8439,8720,8880,7680,7852,7639,7654,7300,6918,6957,7270,7256,6367,6467,6552,6575,6564,6331,6364,6280,6301,6271,6303
6479,ミネベアミツミ,3853,3776,3800,3591,3700,3805,3917,3975,4055,4085,3902,3999,4216,4174,4385,4448,4449,4473,4560,4918,4848,4868,5013,4864,4851,5259,5307,5085,5262,5132,4726,4745,4720,4723,4532,4477,4338,4640,4733,5088,5005,4967,4740,4617,4328,4393,4246,4057,3944,3898,3882,3990,4087,4088,3915,3604,3458,3384,3319,3152,3150,3124,3150,3100,3130,3149,3135,3120,3009,3033,2898.5,2918.5,2905.5,2883
1833,奥村組,5790,5880,5870,5830,5900,5890,5880,,5750,5720,5710,5690,5710,5650,5680,5730,5770,5760,5880,5800,5730,5740,5680,5720,5760,5660,5700,5680,5730,5720,5850,5850,5790,5790,5870,5700,5590,5580,5560,5630,5560,5600,5570,5630,5660,5660,5620,5610,5700,5730,5820,5790,6070,6160,6340,6400,6280,6180,6290,6180,6160,6140,6010,6150,6090,6090,6150,6170,6210,6270,6340,6290,6360,6440
6841,横河電機,5980,5804,5870,5761,5703,5910,6022,5814,5830,5825,5772,5532,5647,5518,5659,5622,5526,5658,5914,5934,5812,5722,5787,5694,5594,5670,5627,5621,5876,5740,5481,5503,5413,5271,5195,5191,4809,4930,5129,5347,5388,5412,5174,5052,4939,4980,5045,4907,4841,4746,4936,5000,5174,5403,5283,5339,5371,5446,5796,5500,5508,5493,5507,5332,5432,5578,5669,5518,5518,5469,5622,5726,5635,5697
7167,めぶきフィナンシャルＧ,1496.5,1508,1514.5,1482,1518.5,1544.5,1558.5,1547.5,1524,1511.5,1474.5,1515,1538.5,1528.5,1565.5,1585.5,1566,1575.5,1572,1529.5,1512.5,1484,1438.5,1439,1426.5,1410,1411,1424,1443.5,1435.5,1444.5,1439.5,1446.5,1417,1456.5,1423,1380,1423.5,1357,1376,1359,1343.5,1325.5,1369.5,1374,1386.5,1406.5,1429,1433.5,1406,1393.5,1390,1403,1386,1399.5,1369,1341.5,1326.5,1361,1309,1300,1319.5,1238.5,1235.5,1241.5,1284.5,1321,1357,1363.5,1370.5,1376.5,1353,1360.5,1381
1925,大和ハウス,4592,4671,4768,4901,4929,4786,4740,4595,4585,4607,4668,4684,4628,4615,4553,4575,4549,4600,4600,4585,4557,4463,4419,4493,4500,4425,4404,4342,4330,4309,4378,4380,4435,4373,4422,4345,4374,4381,4262,4270,4276,4287,4194,4421,4429,4434,4489,4472,4548,4582,4576,4551,4570,4693,4831,4809,4800,4835,4825,4795,4828,4884,4799,4823,4851,4899,4929,4914,4916,4949,4939,4938,4973,5009
5411,ＪＦＥホールディングス,1812,1802,1850,1865,1867.5,1795,1804.5,1729,1738,1747.5,1743.5,1706.5,1688.5,1666,1644,1627,1644,1658,1673,1662,1612.5,1584,1567.5,1572,1563.5,1558.5,1573,1581,1604,1617,1642,1658.5,1653,1659,1653.5,1622.5,1577.5,1587,1623,1620,1610,1612,1618,1723.5,1687,1686,1654,1661.5,1664.5,1672.5,1684,1674.5,1707.5,1724.5,1731,1705.5,1747,1814.5,1747,1723.5,1718.5,1700.5,1691.5,1707,1731,1746,1767,1807.5,1824,1830,1838.5,1859.5,1867.5,1877.5
7182,ゆうちょ銀行,3134,3123,3157,3165,3241,3371,3430,3465,3461,3460,3348,3261,3352,3324,3363,3348,3317,3363,3402,3263,3230,3169,3123,3127,3089,3092,3100,3242,3293,3286,3287,3296,3235,3183,3308,3255,3113,3248,3145,3277,3234,3175,3066,3072,2977,3033,3137,3200,3208,3165,3060,2990,2861.5,2864,2876.5,2876,2797,2770,2823.5,2704.5,2699,2696.5,2549.5,2535,2558.5,2611,2710,2759,2798.5,2811,2787.5,2751,2749.5,2747
1963,日揮ホールディングス,2311.5,2274,2314.5,2275.5,2329,2337,2375,,2341,2331.5,2277.5,2255,2337.5,2311.5,2432,2359,2379,2478.5,2583,2566.5,2525,2521,2537,2591,2607,2554,2603,2605,2673.5,2650.5,2813.5,2834,2806.5,2704.5,2825,2584,2494,2576,2601.5,2664,2647,2683,2654.5,2753,2858,2873.5,2927.5,2832.5,2745,2711.5,2655.5,2699,2809,2452,2472.5,2489.5,2555,2518,2484.5,2413,2448,2468,2405,2410,2368,2372.5,2439,2531.5,2557,2575.5,2692,2724,2807.5,2850
2914,日本たばこ産業,6949,7068,7218,6820,6832,6652,6575,6481,6525,6458,6459,6376,6150,6214,6152,6215,6222,6278,6219,6189,6207,6097,6036,6042,6047,6089,6007,6011,5976,6038,6088,6094,6160,6099,6215,6363,6338,6164,6135,6067,6109,6154,6161,6200,6201,6121,6134,6231,6359,6455,6474,6396,6315,6278,6214,6136,6164,5863,5964,5905,5865,5788,5821,5907,5866,5719,5808,5835,5853,5880,5918,5961,6048,6047
3003,ヒューリック,1725,1760.5,1811,1913,1915,1857,1835,1780,1799,1813,1839.5,1821.5,1798.5,1788,1774.5,1758,1771,1809,1777,1763,1750.5,1713.5,1699.5,1720,1716,1715,1714.5,1699,1699,1693,1717,1717,1733,1734.5,1758,1739.5,1744,1736.5,1677,1670.5,1651.5,1662,1652.5,1709,1670,1687.5,1679,1667.5,1744.5,1748,1750,1767,1777.5,1789.5,1813.5,1808.5,1805,1815,1829.5,1804,1784,1827,1856,1835.5,1831,1860,1899.5,1904.5,1904,1902.5,1918,1904.5,1888.5,1896
5892,ＹＵＴＯＲＩ,2170,2147,2139,2098,2059,2055,2054,1980,2020,2035,2060,2077,2118,2084,2100,2091,2091,2100,2128,2193,2140,2092,2073,2084,2114,2000,2046,2023,2065,2115,2122,2144,2214,2040,2020,2121,2160,2260,2328,2420,2227,2156,2181,2350,2378,2541,2476,2469,2549,2677,2733,2640,2384,2093,2115,1948,1970,2042,2001,2028,1989,2042,2090,2100,2187,2221,2277,2254,2230,2291,2348,2392,2211,2216
6323,ローツェ,4338,4107,4032,3563,3778,4134,4528,4680,4828,4865,4455,4428,5149,4623,5023,5121,4659,4480,4668,4953,4945,4882,5199,4912,4580,4839,4877,4699,5030,5148,5048,4883,4580,4555,4519,4219,3872,4019,4084,4289,4590,4314,3835,4097,3989,4068,4114,3922,3807,3625,3713,3816,4157,4127,3986,4210,4098,4024,3987,3816,3810,3944,4000,3690,3736,3699,3784,3769,3782,3878,4028,4090,4127,3969
6501,日立,5527,5336,5362,5267,4993,4946,5034,4873,4889,4872,4832,4779,4812,4817,4775,4768,4810,4890,5004,4805,4713,4719,4555,4499,4541,4547,4717,4747,4948,4914,4854,4805,4736,4798,4828,4740,4679,4924,5148,5369,5215,5375,5140,5375,5194,5108,5102,5153,5123,4934,5019,4818,4845,4736,4844,4959,5012,4973,4981,4861,5018,5202,5422,5235,5298,5138,5189,5257,5210,5274,5233,4957,4945,4859
6134,ＦＵＪＩ,8673,7650,7449,6753,6966,7267,7545,7564,7744,7730,7510,7421,8040,7713,8272,8474,7863,7903,8550,8924,8748,8677,8943,8550,8012,8410,8585,8394,8629,8740,8737,8700,8377,8382,8324,7848,7494,7600,7291,7835,7860,8205,8063,8256,8008,8449,8530,8073,7899,7653,7923,8146,8701,7538,7030,6987,6799,6635,6346,6134,6084,6063,6083,5912,5931,5988,5980,5809,5806,5867,5933,5810,5525,5508
7746,岡本硝子,741,728,725,721,734,763,781,797,768,782,832,810,808,798,793,794,792,809,852,870,872,902,916,970,997,908,776,774,798,822,822,844,857,897,856,745,782,729,769,793,786,815,803,900,866,909,939,918,1034,1090,1054,904,779,825,825,817,884,885,873,849,930,940,955,983,1024,1008,1048,1082,962,1000,1003,1003,1010,1062
3407,旭化成,1641,1713.5,1895,1818.5,1830.5,1855.5,1878.5,1862.5,1877.5,1886.5,1863.5,1866.5,1905,1876,1868.5,1871.5,1884,1893,1900,1906,1849,1803.5,1801,1807.5,1815,1824,1826,1807,1822.5,1837,1813,1811.5,1790,1768,1834.5,1812,1770,1770,1785,1803.5,1787.5,1783.5,1773.5,1802.5,1760,1777.5,1792,1727,1740,1699,1703.5,1714,1742,1758.5,1759.5,1664,1546.5,1543,1581,1527.5,1538,1549,1535.5,1545,1533,1551.5,1578,1605.5,1618,1620,1630.5,1635,1635,1658.5
4008,住友精化,1249,1244,1246,1237,1247,1297,1302,,1307,1318,1286,1274,1318,1287,1288,1295,1307,1319,1353,1398,1384,1318,1299,1296,1302,1305,1302,1289,1326,1342,1342,1337,1335,1329,1334,1307,1256,1279,1267,1289,1301,1317,1292,1346,1326,1319,1307,1286,1256,1223,1255,1283,1260,1266,1260,1250,1222,1215,1227,1201,1203,1207,1198,1212,1200,1245,1277,1282,1279,1290,1299,1276,1266,1265
4062,イビデン,16570,16295,16650,14700,15340,15590,17495,18770,18650,19820,17415,16790,19455,18685,20465,20670,20515,20485,21620,23595,23545,24385,27480,24555,24070,26805,26600,26010,26950,27285,27020,26390,24080,23640,22800,20050,18410,18375,17550,19165,21865,22430,22670,23000,20845,21610,21275,19340,18225,15665,16130,15710,17435,18000,17270,18365,16080,15605,16375,13640,13870,12980,13130,12830,11515,11200,10560,9624,9468,9648,10110,9997,9929,10050
4182,三菱瓦斯化学,4366,4291,4426,3970,4047,4205,4435,4528,4615,4687,4462,4480,4783,4650,4787,4795,4710,4738,4887,4985,4973,5029,5215,5160,5171,5335,5375,5360,5699,5738,5585,5398,5174,5166,5186,5076,4488,4621,4857,5211,5364,5492,5414,5626,5453,5521,5392,5147,5081,4660,4668,4656,4943,5237,4933,4945,4739,4643,4732,4433,4427,4410,4410,4445,4363,4367,4389,4354,4249,4260,4335,4268,4212,4244
4188,三菱ケミカルグループ,1145,1170.5,1211,1156.5,1179,1205.5,1232.5,,1222,1220,1200,1196.5,1228.5,1205,1182.5,1194.5,1176.5,1195,1204.5,1207.5,1175.5,1140,1144,1144,1139.5,1110,1113.5,1090.5,1104.5,1111,1132.5,1163,1140,1119,1147,1099,1038,1032.5,1055.5,1069.5,1112.5,1112,1091.5,1163,1125,1145,1124,1032.5,1027,1020,1033,1019,1025,1057,1074.5,942.6,930.2,929.6,947.5,915,917.9,925.2,922,927.4,933,962.2,977.4,995.5,995.5,1006.5,1006.5,988.6,991.8,1007
4523,エーザイ,4701,4816,4947,5132,5110,4816,4786,4678,4585,4607,4529,4457,4331,4433,4316,4328,4343,4366,4337,4352,4342,4188,4129,4170,4145,4009,3952,3918,3947,3908,3944,3976,3886,3799,3840,3790,3739,3749,3866,3856,3853,3818,3853,3994,4057,4068,4178,4249,4298,4470,4512,4529,4739,4748,4736,4737,4669,4761,4765,4694,4705,4635,4653,4778,4821,4960,4901,4924,5033,5077,5030,4955,4988,5165
4528,小野薬品,2321,2367.5,2408.5,2482,2514.5,2457,2448.5,,2410.5,2431,2448.5,2440,2418,2451,2449.5,2471.5,2507,2500,2466.5,2454.5,2469.5,2422,2390,2431,2417,2377.5,2384.5,2364.5,2352,2390,2249,2290,2277,2289.5,2310.5,2246,2246,2232,2273.5,2234,2228.5,2204,2297,2419.5,2407.5,2378,2511,2539,2489,2485.5,2439.5,2517,2565,2573.5,2556.5,2509.5,2523.5,2480.5,2362,2328,2315,2316,2326.5,2350,2319.5,2345,2413.5,2429.5,2468.5,2496,2495,2516,2528,2565
4661,オリエンタルランド,3070,3133,3167,3065,3051,2915,2831.5,,2645.5,2685,2822,2768,2726,2814,2650,2627.5,2626.5,2628,2589,2565,2582.5,2518,2482.5,2519,2504,2416.5,2408,2399.5,2377,2351.5,2336.5,2300,2303.5,2293.5,2263.5,2300,2332,2292.5,2257.5,2227.5,2215.5,2231.5,2238,2327,2259,2200,2141,2149,2202.5,2245.5,2232.5,2188,2166,2171,2223,2211,2234.5,2274,2247.5,2232,2266.5,2434.5,2424,2470,2576,2626.5,2654,2665,2658,2696,2647.5,2615,2615,2616
5803,フジクラ,4657,4325,4339,3927,4129,4216,4565,4740,4935,5026,4707,4611,5149,4820,5380,5437,5209,5106,5370,5452,5379,5555,6431,6320,6166,6579,6649,6568,7068,6161,5161,4910,4763,4829,4492,4357,4162,4412,4525,4825,4866,5163,4666,5047,5196,5555,5550,5031,4662,4516,5639,5969,6999,7933,7915,7770,6980,6582,6500,6027,6083,6321,6397,6100,6218,5989,5889,5898,5987,5959,6037,5985,6004,5644
6178,日本郵政,2359.5,2382,2420,2466,2499,2510,2539.5,2496,2466.5,2460,2418.5,2397,2417,2362,2353.5,2383,2382,2395,2372.5,2326,2290,2245,2197,2182.5,2183.5,2199.5,2231,2252.5,2244.5,2241,2263,2249,2279.5,2264.5,2344.5,2361,2252,2246.5,2147.5,2177,2145.5,2125,2074,2075,2037.5,2093,2128,2138.5,2154.5,2139.5,2115.5,2068,1981.5,1956.5,1944.5,1911,1871.5,1859.5,1871.5,1819,1829,1826.5,1773,1789,1789,1821.5,1861,1885,1889.5,1903,1878,1882,1867.5,1893.5
6925,ウシオ電機,4046,3821,3890,3676,3812,4014,4189,4199,4326,4215,4058,3941,4264,4108,4364,4507,4341,4353,4520,4689,4712,4820,5164,4535,4405,4501,4547,4522,4840,4890,4830,4733,4620,4340,4284,4196,3956,4085,4082,4328,4310,4198,4088,4264,4220,4275,4270,4104,4072,3938,4204,4416,4239,3591,3524,3530,3437,3390,3419,3205,3183,3135,3224,3246,3162,3185,3234,3222,3321,3337,3325,3301,3257,3270
7021,ニッチツ,2060,2030,2020,2000,1995,2011,2000,1972,1940,1910,1878,1876,1877,1849,1869,1857,1839,1849,1839,1829,1808,1814,1799,1815,1817,1808,1805,1774,1810,1794,1788,1793,1810,1809,1826,1805,1812,1809,1770,1811,1770,1827,1803,1854,1854,1894,1828,1823,1868,1881,1915,1980,2089,2193,2190,2188,2161,2170,2166,2175,2225,2230,2259,2294,2299,2310,2364,2344,2374,2368,2365,2350,2346,2324
7729,東京精密,18060,17270,17480,15690,16210,17645,17865,18135,19005,19195,18250,17965,19210,18505,19420,19295,18235,18095,18735,19550,19540,20185,21310,20345,19370,19940,20170,19530,20495,20415,20845,20485,19530,19880,19840,19220,17865,18280,16810,18085,18765,17955,16990,17970,17740,18310,18455,17080,16665,15905,16445,16590,18230,19320,19070,19365,19400,18765,18675,17430,17635,17675,17800,17610,17295,16820,16720,16665,16900,16995,16765,16315,15815,15925
8424,芙蓉総合リース,4462,4509,4586,4585,4620,4549,4520,4433,4440,4441,4449,4392,4390,4361,4318,4291,4306,4309,4309,4245,4239,4236,4230,4250,4274,4260,4250,4216,4222,4249,4289,4265,4333,4300,4347,4299,4318,4338,4192,4170,4097,4107,4081,4254,4196,4200,4289,4384,4414,4398,4406,4388,4396,4394,4397,4460,4317,4343,4344,4315,4337,4350,4294,4286,4268,4282,4316,4367,4350,4383,4357,4360,4382,4440
9020,東日本旅客鉄道,3464,3604,3748,3945,3966,3847,3770,3632,3597,3649,3708,3677,3605,3614,3539,3528,3531,3588,3566,3519,3544,3443,3394,3472,3476,3388,3393,3407,3373,3382,3415,3400,3455,3400,3443,3467,3513,3463,3418,3399,3318,3333,3365,3500,3531,3535,3597,3670,3844,3844,3819,3796,3773,3724,3802,3698,3690,3666,3709,3785,3451,3464,3461,3485,3512,3545,3544,3535,3530,3590,3584,3584,3635,3617
9069,センコーグループＨＬＤＧＳ,2218,2233,2245.5,2264,2274,2225.5,2209,2199,2186.5,2223,2252.5,2195,2145,2144,2114,2062.5,2057.5,2032.5,2026.5,2005,1988,1937.5,1953,1966.5,1953.5,1924.5,1917.5,1905.5,1906.5,1911,1902,1917,1952.5,1956.5,1993,1956,1961,1965.5,1959.5,1930,1912.5,1925,1902.5,1942.5,1939,1932,1964,2034,2053,2027,2044.5,2022.5,2056,2029,1864,1867,1868.5,1874,1884,1855.5,1861,1868,1840,1887,1909,1915,1920,1908,1922.5,1924,1927,1884.5,1898,1939
9227,マイクロ波化学,888,856,888,1041,967,819,823,,821,831,813,811,846,846,888,882,902,949,989,955,942,957,963,913,898,902,900,902,957,957,917,903,896,906,936,890,878,920,928,944,912,940,960,1103,1268,1415,1093,943,806,801,857,840,855,854,876,1007,1015,1019,1047,1044,1084,1125,1072,1121,1165,1180,1315,1244,1064,1078,1048,1034,1000,984
9348,ｉｓｐａｃｅ,413,406,411,415,408,413,420,,419,423,415,417,450,443,464,500,508,437,456,458,453,448,446,458,442,442,446,451,456,465,469,482,494,512,550,603,581,589,611,633,584,605,589,710,700,690,627,584,521,536,541,506,522,518,498,511,520,504,489,475,477,481,482,490,496,498,499,511,505,518,522,514,521,529
9449,ＧＭＯインターネットグループ,4213,4204,4254,4302,4285,4168,4120,3926,4001,4012,4127,4112,4058,4050,3935,4000,3843,3863,3720,3652,3640,3623,3415,3424,3503,3298,3263,3285,3535,3576,3112,3149,3128,3101,3137,3145,3180,3208,3196,3274,3332,3315,3370,3416,3311,3401,3445,3431,3355,3378,3367,3345,3154,3172,3205,3220,3216,3189,3124,3068,3086,3143,3157,3166,3246,3343,3334,3287,3306,3302,3099,3065,2980.5,3032
9501,東京電力ＨＤ,538.4,529.70000000000005,549.4,530.70000000000005,535.6,535.79999999999995,538.5,521.20000000000005,524.6,509.9,518.20000000000005,507,516.79999999999995,509.7,494.8,497,482.4,484.4,470.2,475.5,472.7,464.1,459,469.4,469.4,477.2,489,477.7,480.9,524,526,516.79999999999995,523.5,530,536.6,511.6,509.3,524.20000000000005,536.29999999999995,555.6,571.5,580.70000000000005,565.70000000000005,573.4,570.5,592.9,573.9,567.20000000000005,561.79999999999995,578,592.9,598.29999999999995,615.79999999999995,631.9,642.4,663,654.9,632.79999999999995,627.79999999999995,615.9,603.9,613.70000000000005,589.70000000000005,593.4,623,629.9,618.29999999999995,622,644.29999999999995,639.9,660.9,657.4,660,701.2
9531,東京瓦斯,6191,6224,6288,6386,6312,6268,6284,6258,6168,6155,6206,6144,6150,6059,6030,6070,6158,6174,6173,6192,6124,6098,6083,6227,6201,6112,6147,6196,6205,6251,6208,6226,6300,6269,6382,6471,6395,6462,6319,6295,6365,6353,6255,6432,6481,6536,6600,6698,6724,6825,6765,6832,6779,6640,6702,6795,6747,6786,6842,6753,6774,6979,6533,6552,6489,6596,6667,6924,7128,7146,7072,7085,7286,7406
9882,イエローハット,1751,1773,1854,1887,1891,1857,1831,1787,1798,1811,1857,1849,1827,1838,1848,1846,1851,1857,1840,1817,1794,1778,1764,1774,1787,1776,1783,1757,1764,1770,1773,1778,1757,1744,1748,1748,1728,1733,1692,1675,1687,1688,1640,1663,1637,1633,1627,1632,1650,1646,1652,1649,1637,1629,1638,1670,1679,1510,1519,1513,1521,1515,1521,1525,1534,1577,1579,1575,1564,1570,1585,1580,1596,1612
5838,楽天銀行,5427,5444,5611,5336,5624,5649,5673,5663,5729,5528,5449,5486,5947,5888,5913,5857,5870,5941,5858,5456,5409,5392,5171,5313,5111,5077,5035,5104,5224,5148,5286,5356,5311,5335,5416,5279,5218,5154,4980,5174,5060,4965,4575,4938,4907,4965,5110,5350,5642,6896,7026,6665,6078,6204,6219,6422,6341,6327,6380,6345,6386,6439,6194,6231,6290,6308,6490,6582,6746,6799,6838,6880,6854,6865
5844,京都フィナンシャルＧ,4584,4574,4534,4517,4600,4682,4687,4660,4673,4654,4523,4630,4780,4704,4729,4783,4798,4817,4890,4805,4729,4665,4603,4548,4526,4581,4590,4660,4812,4882,4808,4668,4733,4669,4583,4529,4498,4755,4612,4694,4527,4396,4384,4484,4540,4530,4605,4519,4547,4494,4453,4428,4534,4483,4491,4467,4441,4420,4521,4402,4344,4362,4231,4327,4280,4367,4384,4459,4435,4467,4421,4418,4387,4472
9404,日本テレビＨＬＤＳ,2922.5,2935,2942,3105,3093,2984.5,2943,2857,2831.5,2878.5,2953.5,2967,2900,2925.5,2917,2931.5,2926,2989.5,2946,2902.5,2940,2922.5,2830,2820,2755,2725,2745,2750,2762,2787,2847.5,2875.5,2900,2884,2856.5,2871.5,2914.5,2904.5,2897,2888,2800,2794,2820,2888.5,2883,2887,2919.5,2933.5,2983.5,2982.5,2959.5,2949.5,2941,2944,2996.5,2957.5,2976.5,3019,3006,3005,2994.5,3045,3059,2992.5,3058,3152,3177,3220,3202,3199,3196,3174,3139,3175
6744,能美防災,4530,4490,4490,4395,4470,4430,4440,,4285,4345,4290,4265,4350,4295,4355,4370,4345,4410,4525,4415,4435,4200,4125,4210,4180,4135,4215,4245,4265,4285,4295,4275,4230,4225,4330,4275,4290,4385,4420,4590,4590,4725,4685,4940,4840,5000,4875,4670,4675,4615,4800,4725,4815,4600,4395,4450,4490,4360,4420,4325,4130,4055,4000,3965,4000,4040,4115,4140,4210,4280,4440,4440,4425,4430
7685,ＢＵＹＳＥＬＬＴＥＣＨ,3035,3015,3060,3045,3110,3155,3120,,3240,3295,3365,3555,3595,3540,3620,3595,3705,3690,3620,3600,3695,3475,3415,3345,3490,3420,3715,3770,3745,3510,3595,3670,3725,3740,3770,3935,3850,4035,3715,3790,3870,3975,4085,4155,4025,3995,3855,3840,3700,3875,3770,3475,3700,3500,3345,3340,3445,3290,3205,3300,3385,3225,3190,3255,3345,3470,3500,3510,3660,3700,3680,3580,3525,3470
8334,群馬銀行,2539,2550,2545,2501,2577,2652,2661,2621,2613,2597.5,2548,2629.5,2625,2567.5,2552,2533.5,2545,2520,2523,2481.5,2454,2432.5,2374.5,2369,2358.5,2346,2330,2347,2351,2357.5,2342,2346,2384,2333.5,2425,2364,2329,2403,2265.5,2300,2260,2199,2177.5,2284,2279.5,2291,2336,2375,2392,2332.5,2323,2269,2234.5,2209,2221,2232,2240,2204.5,2247,2165,2200,2215.5,2026.5,2060.5,2054,2135,2195,2265,2272,2295,2292.5,2292.5,2304,2338.5
8359,八十二長野銀行,2526.5,2530.5,2569,2523.5,2607.5,2674,2699.5,2674,2660.5,2642,2578.5,2621,2638.5,2590,2613,2621.5,2580,2609,2640,2553.5,2536.5,2491,2423,2424,2423.5,2400.5,2389.5,2412.5,2427.5,2412.5,2354.5,2357,2397,2360.5,2465,2379.5,2354.5,2470.5,2358,2442.5,2376.5,2351,2319.5,2348,2299,2316,2381,2378.5,2384.5,2323.5,2299,2374.5,2403,2357,2361.5,2350.5,2301.5,2245,2307.5,2123,2150.5,2168,2025.5,2047.5,2029,2046,2094.5,2129,2117.5,2128.5,2120,2098,2122.5,2152.5
8801,三井不動産,1508,1541,1591,1621.5,1633,1600.5,1588,1557,1555,1565,1592.5,1567,1558,1552.5,1532,1519,1527,1583.5,1584.5,1566,1567,1525.5,1493.5,1528.5,1520.5,1480,1495,1471,1469.5,1497.5,1510.5,1528,1554.5,1572.5,1593.5,1578.5,1597,1551,1475.5,1506.5,1493.5,1520,1516,1543,1539,1557.5,1547.5,1503,1557,1531.5,1545,1565.5,1557.5,1606,1697.5,1688,1679,1700,1736.5,1705,1724,1732,1728.5,1722.5,1767.5,1741,1770,1776.5,1757.5,1783.5,1825.5,1803,1732,1735.5
8934,サンフロンティア不動産,2438,2500,2537,2585,2589,2576,2568,2500,2545,2551,2549,2577,2549,2514,2508,2514,2534,2559,2529,2512,2475,2439,2426,2461,2456,2394,2382,2357,2351,2363,2380,2366,2395,2393,2416,2384,2392,2410,2331,2341,2305,2287,2266,2425,2360,2371,2380,2388,2420,2422,2461,2470,2473,2468,2464,2549,2601,2625,2680,2695,2729,2702,2685,2697,2737,2750,2773,2802,2804,2838,2865,2858,2885,2812
9416,ビジョン,1029,1033,1041,1047,1051,1031,1021,993,1000,1005,1016,1016,1024,1034,1028,1024,1009,1014,1022,1017,1008,990,969,980,983,987,990,999,1023,1023,1037,1037,1026,1020,1030,1020,1017,1015,1034,1036,1018,1023,1027,1080,1063,1064,1104,1021,1033,1032,1028,1045,1039,1140,1105,1115,1115,1116,1114,1099,1103,1106,1099,1111,1112,1146,1179,1186,1202,1218,1212,1203,1208,1208
9532,大阪瓦斯,5420,5498,5644,5625,5655,5555,5570,5523,5455,5409,5454,5430,5422,5398,5403,5411,5544,5564,5547,5515,5448,5375,5456,5518,5493,5407,5447,5449,5470,5451,5411,5502,5543,5526,5644,5776,5675,5557,5516,5564,5628,5648,5403,5412,5485,5593,5694,5770,5779,5879,5814,5762,5770,5778,5805,5699,5809,5850,5825,5769,5950,5984,5838,5967,5856,5905,6005,6154,6261,6261,6290,6316,6400,6636
6330,東洋エンジニア,2014,1982,1997,1936,2028,2104,2138,,1927,1955,1932,1846,1976,1971,1978,1992,1988,2038,2202,2204,2067,2083,2020,2277,2155,1978,1984,1945,2016,2071,2147,2237,2266,2097,2095,1937,1853,1987,2045,2093,2007,2050,1944,2153,2154,2206,2285,2187,2083,2085,2167,2149,2203,2485,2217,2305,2352,2350,2335,2339,2375,2423,2380,2461,2505,2545,2697,2797,2680,2493,2409,2384,2373,2379
4082,第一稀元素化学工,1858,1823,1799,1739,1800,1868,1880,1857,1870,1892,1836,1863,1979,1971,1983,1997,2020,2065,2076,2102,2055,2081,2059,2102,2118,2135,2235,2060,2144,2146,2128,2148,2130,2026,2000,1924,1875,1963,2039,2138,2172,2282,2225,2463,2264,2340,2141,2048,1998,2113,2215,2222,2288,2658,2830,2746,2746,2541,2382,2358,2367,2357,2283,2474,2331,2384,2565,2625,2396,2268,2140,2110,2081,2160
4519,中外製薬,6680,6812,6993,7087,7110,7149,7100,,7319,7393,7444,7344,7231,7342,7350,7420,7460,7762,7654,7719,7939,7484,7494,7630,7660,7540,7596,7583,7560,7583,7550,7678,7689,7719,7567,7506,7472,7560,7599,7658,7595,7629,7624,7944,7936,7888,8215,8090,8151,8047,8022,8013,8111,8096,7841,7961,7996,8248,8148,8893,8236,7948,8034,9013,8984,8888,8788,8920,8462,8777,8693,8656,8675,8816
2160,ジーエヌアイグループ,2585,2510,2509,2363,2477,2578,2618,2608,2643,2558,2559,2516,2615,2620,2626,2641,2658,2807,2910,2908,2955,2922,2867,2876,2800,2554,2588,2554,2544,2587,2632,2643,2595,2560,2554,2735,2704,2799,3090,2940,2740,2643,2630,2680,2679,2739,2860,2923,2866,2832,2848,2999,3050,3115,3345,3050,3005,3080,3130,3040,3055,3170,3160,3185,3275,3395,3455,3515,3405,3410,3340,3270,3140,3250
6227,ＡＩメカテック,6840,6740,6670,5940,6140,6430,7110,,7630,7280,7060,7200,8150,8200,7790,6790,5900,5930,6830,7040,6950,7200,7920,7020,6760,7260,7850,7620,7880,7970,7740,8390,8830,8490,9190,7850,7080,7620,7440,7490,6750,6410,6300,5790,5650,6280,6470,6230,7160,7170,7310,7250,6930,7150,6780,7220,6940,6840,6920,6330,6560,6530,6690,6700,7060,7190,7610,8290,8220,8680,8800,7700,6780,6270
6327,北川精機,3135,3000,3295,3170,3035,3450,3840,,4200,4670,4115,4170,5680,5320,6360,6130,5510,5730,6850,8200,8210,9480,9350,7900,6970,7190,6660,6620,6800,6190,7150,6150,5150,4445,3745,3400,3225,3400,3720,4090,4220,5580,5230,6000,5000,4300,3415,2914,2484,2375,2622,2657,2716,2800,2889,3460,3595,3620,3400,2971,3090,2685,2185,2118,2176,2240,2250,2120,2141,2128,2160,2107,2025,1998
6232,ＡＣＳＬ,3135,3000,3295,3170,3035,3450,3840,1789,4200,4670,4115,4170,5680,5320,6360,6130,5510,5730,6850,8200,8210,9480,9350,7900,6970,7190,6660,6620,6800,6190,7150,6150,5150,4445,3745,3400,3225,3400,3720,4090,4220,5580,5230,6000,5000,4300,3415,2914,2484,2375,2622,2657,2716,2800,2889,3460,3595,3620,3400,2971,3090,2685,2185,2118,2176,2240,2250,2120,2141,2128,2160,2107,2025,1998
7794,イーディーピー,886,872,877,852,880,935,943,,969,959,945,932,1036,1059,1076,1084,1103,1106,1174,1251,1229,1245,1251,1258,1170,1049,1088,1115,1208,1209,1130,1112,1098,1095,1144,1114,1090,1118,1155,1113,1071,1130,1160,1250,1394,1137,1184,1148,1103,1122,1158,1165,1170,1240,1364,1408,1475,1387,1342,1350,1388,1344,1429,1520,1516,1678,1621,1584,1287,1245,1236,1227,1216,1230
6085,アーキテクツＳＪ,80,87,100,95,98,110,123,,129,174,186,168,215,211,230,231,235,266,277,254,238,255,268,285,312,304,304,318,361,382,331,350,327,320,361,424,413,450,329,323,267,275,380,347,434,514,544,488,472,463,584,585,536,562,541,586,604,647,615,648,720,640,609,521,480,460,399,399,372,336.5,300,320,314.5,275
3103,ユニチカ,899,844,865,798,837,852,859,851,914,935,896,935,982,917,960,963,950,989,1067,1046,1034,1020,1041,1055,1065,1082,1088,1133,1225,1329,1156,1298,1260,1183,1212,1154,1197,1269,1240,1273,1258,1320,1317,1411,1453,1710,1858,1574,1370,1424,1520,1630,1415,2448,2419,2407,2583,2667,2549,2610,2588,2737,2692,2959,3335,3400,4380,3785,3085,2581,2535,2163,1763,1463
4422,ＶＡＬＵＥＮＥＸ,567,535,526,493,520,539,542,535,543,548,540,554,572,551,592,584,596,563,615,607,585,572,575,583,593,583,581,593,613,617,636,632,703,651,678,738,803,795,915,765,674,687,698,732,764,804,885,806,832,807,869,873,903,952,1064,1082,1034,1037,1062,1089,1196,1233,1397,1630,1434,1277,1524,1599,1397,1097,1116,1243,1050,999
6740,ジャパンディスプレイ,47,47,48,48,47,48,49,,48,50,49,49,52,53,54,55,54,54,56,59,54,55,57,61,61,61,76,60,55,62,55,54,53,47,54,55,55,59,55,57,55,56,57,60,56,59,69,69,65,68,72,74,81,76,78,81,82,86,92,102,124,96,101,102,102,112,124,123,115,109,99,91,85,94
6613,ＱＤレーザ,1628,1536,1601,1373,1406,1497,1653,1764,1845,1801,1727,1766,2456,2465,2700,2609,2673,2665,2682,2855,2650,2680,2916,2838,2839,3115,3255,2945,3530,3020,2648,2588,2530,2838,2958,2737,2580,2594,2570,2614,2650,2835,2923,2790,2820,3220,3620,3100,3100,2868,2627,2127,1886,1667,1659,1775,2048,1895,1610,1535,1503,1552,1550,1574,1687,1596,1877,1585,1379,1447,1489,1485,1269,1132
4568,第一三共,2581,2625,2775.5,2905,2905.5,2912.5,2840,2819.5,2782.5,2810,2874,2802,2677,2727,2722.5,2754.5,2743,2787.5,2770,2775,2722,2645,2607,2624,2662.5,2588,2567,2564,2534.5,2577,2662,2706,2632,2546.5,2573.5,2524.5,2519.5,2510.5,2540,2504,2453.5,2535,2635.5,2765.5,2753,2790,2773,2680.5,2682.5,2636,2674,2646.5,2593.5,2672,2745.5,2758.5,2704,2674.5,2621.5,2649.5,2692,2670,2629.5,2682,2830,2890.5,2989.5,3016,2967.5,2949,2893,2761,2762,2790.5
6522,アスタリスク,1793,1569,1667,1618,1667,1604,1773,1874,1673,1508,1345,1409,1908,2060,2379,2110,2240,2580,2096,1979,2267,1960,1630,1330,1053,1106,1159,1212,1275,1279,1031,881,740,727,735,754,748,771,755,793,796,849,903,852,844,920,991,995,966,1010,1037,1016,1053,1074,1076,1190,1247,1266,1229,1260,1210,1230,1340,1360,1371,1599,1336,1138,1116,1086,1195,1070,1025,1034
6777,ＳＡＮＴＥＣＨＯＬＤＩＮＧＳ,19580,18160,18090,16080,16770,17940,19000,,19980,20420,18910,19950,22210,21200,21730,21890,20950,21230,23180,24800,23470,25170,27900,27400,26860,29460,28930,29580,30850,30300,29830,27990,27580,27700,25460,24100,23410,25350,23630,25820,26320,28460,26190,25930,25490,26800,31450,28060,28130,28700,31600,34550,32500,34700,33300,31950,29280,27830,30300,28470,29410,29200,29720,30550,34300,30300,30400,30150,26940,25310,26750,25390,23760,22250
6787,メイコー,22700,21620,22690,19950,21200,21740,23110,23690,24970,25170,23670,23960,26960,25970,27600,27340,26870,26790,27520,29550,30000,29150,31600,32500,31900,31750,34300,34900,37050,39900,40900,37550,36600,37250,32950,32050,31500,32850,34600,36200,37350,40550,40400,40700,38850,40550,45300,44250,41900,36300,40150,40700,40950,38650,31650,32950,33800,33600,32000,30750,32100,32400,31400,29610,30150,29590,28510,28680,29620,29870,29870,30050,27070,28450
4888,ステラファーマ,322,312,310,304,319,331,325,306,313,315,309,314,338,328,335,324,305,307,316,323,314,317,311,326,315,313,328,327,337,351,393,426,361,339,342,336,319,320,312,352,353,349,339,384,397,422,449,462,452,434,456,469,445,440,505,502,541,543,555,541,530,552,565,562,573,618,719,749,793,750,703,742,745,807
6387,サムコ,9350,8670,8850,7880,8490,9100,9960,,10720,10960,10270,10620,12450,12860,13750,13950,12100,11830,12980,13500,13500,13550,14560,14430,14000,14350,15240,15270,15780,16190,15950,16030,16300,16930,15200,12480,11580,12320,12290,12700,13150,13400,12090,10590,10470,11670,12320,11970,11340,11150,12120,12630,13450,14100,13290,13340,14000,13920,14470,11790,11780,11300,11540,11380,11040,10440,9880,9820,9920,10400,10470,10760,9820,9520
6838,多摩川ホールディングス,1478,1399,1318,1266,1284,1341,1395,1392,1425,1442,1375,1431,1499,1467,1551,1571,1580,1617,1726,1865,1749,1777,1800,1854,1942,2075,2166,2070,2074,2141,2262,2265,2490,2280,1895,1856,1813,1933,2285,2483,2463,2496,2348,2286,2244,2440,2199,2134,1971,2044,2183,2192,2098,2044,2091,2150,2326,1958,1783,1686,1736,1658,1728,1820,1927,1841,1899,1787,1560,1398,1348,1334,1321,1387
4307,野村総合研究所,4724,4750,4904,5620,5575,5423,5218,4955,4958,4995,5178,5180,5010,5199,5049,5070,5078,5236,5175,5117,5046,5007,4612,4642,4649,4344,4336,4443,4338,4332,4534,4687,4649,4517,4712,4610,4694,4685,4912,4930,4800,4971,5329,5117,4859,4755,4695,4704,4758,4849,4848,4595,4362,4275,4367,4248,4402,4469,4273,4216,4300,4592,4874,5224,5148,5171,5078,5008,5018,5014,4908,4706,4559,4469
6516,山洋電気,5680,5530,5840,5870,5440,5690,5760,,5860,5940,5700,5580,5960,5880,6150,6170,6030,6140,6420,6600,6570,6600,6750,6620,6930,7060,7250,7360,7390,7100,6910,6900,6810,6720,6580,6450,6300,6460,6480,6770,6830,6770,6690,6920,6820,7080,7260,7290,7270,6990,7330,7480,7870,7810,7640,7880,7800,7500,7380,6880,7200,7300,6640,5750,5310,5430,5280,5200,5220,5300,5430,5360,5100,5080
7381,ＣＣＩグループ,1137,1139,1109,1110,1144,1182,1189,1167,1177,1182,1146,1151,1126,1081,1060,1063,1077,1088,1080,1057,1048,1055,1044,1041,1005,996,981,977,985,976,987,998,1019,1006,1023,1004,992,1010,1029,1052,1039,1035,1018,1060,1052,1067,1063,1089,1094,1038,1054,1052,1071,1050,1034,1023,1032,1019,1038,973,949,984,922,927,926,971,1002,1022,1038,1053,1049,1029,1032,1050
4417,グローバルセキュ,4225,4390,4700,4590,4545,4540,4465,4260,4350,4495,4485,4500,4390,4390,4005,4015,3965,3980,4500,4415,4530,4180,3950,4000,3850,3320,3320,3235,3300,3305,3335,3350,3260,3140,3135,3100,3090,3220,3170,3205,3095,3420,3380,3575,3285,3385,3385,3270,3140,2995,2914,2809,2809,2945,3040,3095,2920,2936,2870,2890,2527,2511,2529,2513,2501,2528,2471,2528,2525,2525,2377,2340,2395,2524
6981,村田製作所,7332,7567,7416,6840,7182,7558,8401,8689,8817,8720,8046,8021,9188,9136,10060,10085,9609,9660,10380,11090,11080,11370,12280,11640,11085,11550,12020,11450,12145,12895,12410,12850,11095,10995,10060,9665,9018,9580,9285,10035,10380,10940,11040,10040,8899,8383,8413,7226,6788,6200,6323,6292,6541,6508,6118,6311,6018,5910,5716,5253,5265,4995,5013,5016,4867,4977,4852,4813,4796,4878,4525,4353,4196,4165
6754,アンリツ,3654,3563,3701,3625,3682,3769,3926,,4074,4093,3848,3808,4139,4050,4265,4327,4162,4153,4280,4558,4500,4606,4764,4440,4407,4561,4699,4581,4773,4396,4392,4186,4123,4156,4073,4030,3879,4151,4350,4730,4732,4855,4710,4658,4606,4728,4848,4630,4545,4425,4233,4272,4386,4313,4209,4242,4328,4263,4137,3968,4229,4235,3806,3634,3649,3646,3679,3514,3465,3453,3530,3454,3478,3422
4088,エア・ウォーター,2660,2610,2575,2602,2628,2697,2667,2607,2606,2592,2554,2580,2588,2588,2566,2628,2676,2740,2803,2836,2851,2796,2800,2900,2781,2861,2949,2763,2740,2510,2525,2520,2530,2580,2568,2480,2468,2487,2470,2481,2536,2508,2495,2627,2630,2674,2663,2648,2589,2678,2554,2331,2310,2192,2103,2078,2040,1948.5,1968.5,2045,2243.5,2261,2244.5,2236.5,2215.5,2259,2282,2289.5,2302,2314,2338,2271,2245,2265
4091,日本酸素ＨＬＤＧＳ,5790,5781,5941,5958,6052,6009,6120,5909,6018,6050,6086,6227,6189,6108,6101,6239,6158,6256,6300,6420,6286,6345,6020,6034,6030,5975,5715,5632,5744,5557,5649,5652,5615,5611,5757,5435,5299,5388,5607,5674,5684,5771,5824,6406,6377,6509,6429,6278,5959,5888,6101,6108,6231,6108,5925,6162,6225,5800,5782,5621,5675,5691,5711,5753,5694,5740,5942,5875,6076,6044,5891,6009,5907,5979
6857,アドバンテスト,32420,32780,32940,29425,27520,26485,29590,30270,31540,31580,29825,28150,31550,29780,30020,30580,29820,29375,30120,30230,29385,30650,34200,33010,32930,35350,35940,31780,33260,32600,32000,30670,31170,31280,29620,27800,25475,26035,25780,27590,28435,27970,26350,26605,27195,27780,28515,27120,27020,26145,26420,26580,29020,29940,28340,29405,30580,30070,30260,29160,29700,30710,32400,29460,29070,28360,27895,28055,29050,28800,28610,27130,25245,25800
3891,ニッポン高度紙工業,7200,7230,6730,5980,6180,6480,7110,7330,7580,7780,7220,7160,7950,7540,8180,8330,8380,8230,8790,9460,9310,9780,10510,10300,10010,10410,10560,10250,10810,10750,11100,11110,10110,9140,9040,9650,9140,9750,9490,9180,8640,8620,8250,7650,7110,7590,7810,7510,7140,6900,6680,6490,6540,6540,6590,6550,6740,6660,6660,6460,6600,6570,6150,5150,4555,4645,4670,4465,4490,4645,4560,4340,4165,4130
4373,シンプレクスＨＤ,1117,1137,1166,1212,1195,1173,1146,1067,1043,1057,1102,1096,1038,1068,1058,1066,1062,1084,1080,1032,1023,995,958,955,964,915,932,931,933,952,942,966,974,962,996,1004,1039,1066,1090,1113,1118,1128,1158,1104,1056,1042,1044,1046,1030,1027,1070,965,954,962,979,965,952,939,924,938,892,888,921,926,953,967,959,952,949,936,922,852,819,830
8892,エスコン,1079,1072,1095,1115,1116,1129,1117,,1120,1120,1120,1118,1130,1128,1139,1129,1118,1113,1113,1106,1103,1093,1082,1091,1082,1070,1070,1065,1067,1069,1077,1086,1105,1105,1123,1110,1109,1106,1097,1096,1075,1084,1083,1109,1107,1109,1122,1138,1142,1145,1159,1125,1154,1160,1176,1185,1168,1171,1178,1176,1183,1206,1223,1142,1131,1141,1163,1148,1139,1152,1149,1143,1136,1138
9687,ＫＳＫ,4420,4460,4480,4490,4620,4625,4680,,4480,4435,4420,4400,4410,4415,4395,4375,4380,4375,4350,4360,4370,4370,4370,4300,4380,4350,4425,4360,4355,4350,4350,4355,4350,4335,4350,4345,4340,4330,4345,4335,4350,4335,4350,4370,4380,4370,4380,4385,4390,4390,4365,4350,4350,4350,4395,4380,4400,4420,4400,4440,4610,4415,4385,4350,4375,4375,4385,4385,4445,4385,4375,4355,4390,4435
1930,北陸電気工事,1487,1478,1504,1488,1512,1733,1644,1635,1617,1604,1585,1608,1617,1601,1639,1670,1633,1633,1703,1692,1677,1692,1701,1700,1735,1734,1724,1709,1749,1725,1769,1749,1701,1715,1712,1621,1586,1610,1615,1624,1578,1594,1619,1721,1709,1740,1683,1608,1630,1645,1658,1651,1720,1750,1782,1777,1743,1684,1740,1744,1717,1510,1463,1464,1447,1472,1486,1477,1479,1473,1478,1456,1474,1504
8704,トレイダーズＨＬＤＧＳ,1318,1332,1260,1226,1250,1280,1292,1288,1302,1277,1270,1294,1314,1281,1272,1258,1228,1250,1298,1286,1269,1249,1228,1191,1172,1178,1193,1208,1239,1221,1172,1198,1175,1166,1191,1158,1111,1140,1137,1147,1162,1210,1200,1206,1151,1166,1152,1141,1147,1126,1180,1174,1205,1210,1222,1236,1243,1241,1200,1165,1078,1081,1035,1042,1042,1063,1071,1059,1062,1065,1057,1059,1047,1064
4733,オービックビジネスＣ,7934,8061,8203,8611,8586,8099,8105,7732,7063,7183,6746,6704,6554,6756,6616,6593,6556,6614,6669,6542,6579,6430,6089,6177,6145,5836,5780,5843,5698,5760,5914,5947,5939,5871,5973,5949,5976,5980,6113,6086,6115,6312,6509,6277,6180,6173,6091,6147,6163,6241,6249,6183,6057,6142,6153,6123,6332,6344,6159,6191,6263,6353,6337,6395,6636,6906,6775,6780,6731,6913,6750,6664,6309,6293
9733,ナガセ,2321,2346,2372,2348,2353,2327,2304,2286,2363,2400,2373,2365,2356,2380,2394,2380,2386,2403,2406,2400,2364,2345,2310,2342,2334,2267,2244,2249,2231,2221,2219,2214,2238,2235,2260,2238,2246,2251,2217,2223,2211,2220,2240,2303,2270,2266,2337,2313,2329,2320,2316,2295,2284,2295,2300,2307,2302,2290,2348,2334,2340,2335,2318,2354,2381,2381,2416,2469,2479,2465,2491,2512,2545,2535
9551,メタウォーター,3270,3150,3155,3070,3115,3180,3225,,3245,3250,3185,3160,3240,3210,3290,3315,3290,3260,3370,3370,3340,3370,3385,3420,3600,3595,3615,3555,3585,3535,3540,3485,3435,3380,3330,3185,3125,3235,3255,3320,3300,3325,3320,3675,3275,3345,3350,3310,3305,3270,3410,3490,3545,3455,3475,3420,3465,3470,3480,3440,3435,3420,3410,3695,3645,3690,3705,3735,3730,3715,3755,3730,3705,3775
2359,コア,2046,2040,2074,2085,2085,2022,2015,,2005,2005,2002,2007,2022,2017,2022,1996,1961,1966,1974,1958,1968,1958,1952,1988,2040,2015,2024,2039,2024,2065,2048,2039,2030,2011,2025,2009,2027,2039,2069,2104,2098,2053,2043,2085,2060,2120,2149,2125,2136,2100,2099,2062,2064,2069,2052,2023,2028,2037,2045,2075,2079,2230,2246,2167,2200,2253,2257,2260,2270,2249,2267,2260,2250,2282
8103,明和産業,904,906,932,931,929,924,922,912,918,913,911,906,919,907,925,919,914,917,924,924,909,899,887,883,879,873,872,870,880,884,874,884,886,880,888,871,867,880,888,892,888,893,881,896,893,903,917,910,901,908,913,903,914,915,905,896,904,904,910,867,846,773,770,773,772,780,782,787,787,784,789,792,801,810
4709,ＩＤホールディングス,1031,1040,1159,1161,1160,1136,1128,1109,1109,1107,1143,1129,1130,1121,1110,1113,1106,1108,1105,1078,1080,1085,1073,1080,1083,1063,1054,1066,1052,1071,1072,1101,1134,1110,1082,1063,1098,1089,1024,1012,1000,1024,1032,1053,1028,1015,1049,1046,1058,1055,1053,1038,1035,1067,1076,1076,1074,1035,1055,1069,1015,902,902,896,905,921,930,949,943,946,933,930,925,939
7981,タカラスタンダ－ド,3050,3025,3055,3330,3310,3300,3255,3135,3100,3115,3110,3110,3130,3100,3085,3100,3100,3125,3175,3130,3115,3095,3120,3110,3140,3160,3210,3095,3100,3075,3070,3055,3020,3020,3060,3015,2961,3000,2960,2981,2944,2975,2941,3030,2981,2989,3055,2925,2953,2945,2969,3000,3030,3035,3045,3130,3100,3200,3265,3135,3180,2829,2747,2668,2668,2682,2714,2749,2783,2782,2738,2775,2922,3000
8303,ＳＢＩ新生銀行,1475,1503,1527.5,1430,1450.5,1465,1460,1430,1456.5,1454,1446.5,1469.5,1478.5,1471.5,1464.5,1464,1465,1506.5,1532,1482,1454.5,1427,1387.5,1416,1425,1414,1441,1431.5,1434.5,1452.5,1495,1494,1496,1509,1526,1461.5,1463,1551,1413.5,1455.5,1442,1412,1378,1412,1406,1423,1485,1538.5,1588.5,1607.5,1651.5,1658.5,1648.5,1652.5,1673.5,1671.5,1670,1701.5,1727,1867.5,1835.5,1821.5,1727,1732.5,1764.5,1661.5,1679,1697,1718.5,1729,1699,1697.5,1703,1742.5
4382,ＨＥＲＯＺ,712,708,711,703,704,705,711,,708,712,714,730,731,712,710,707,720,720,729,724,728,725,732,750,766,730,731,718,733,762,770,795,800,805,850,815,778,815,715,720,699,704,710,727,747,755,771,774,766,774,774,768,784,782,790,796,805,812,822,820,811,823,872,850,854,860,873,881,916,900,896,873,864,868
2327,日鉄ソリューションズ,3741,3862,3934,4016,4056,3958,3927,3806,3735,3797,3913,3882,3844,3887,3823,3797,3818,3845,3795,3671,3635,3504,3419,3415,3379,3254,3261,3241,3230,3300,3247,3193,3167,3225,3291,3267,3279,3315,3397,3484,3448,3590,3620,3587,3593,3610,3658,3596,3605,3600,3590,3566,3531,3584,3646,3715,3663,3673,3655,3642,3679,3725,3723,3711,3867,3930,3894,3897,3935,3957,3877,3811,3790,3808
1942,関電工,5538,5344,5833,5688,5981,6050,6100,6013,6063,6093,5975,6068,6332,6188,6389,6423,6452,6840,7007,6949,6772,6785,6870,6871,6850,6785,6840,6790,6842,6848,6829,6670,6500,6320,6396,5944,5886,6087,5865,5914,5909,6032,6127,6648,6626,6710,6442,6129,6252,6355,6587,6823,7047,7250,7372,7460,7198,7054,7025,7029,6838,6797,6110,6109,6092,6140,6198,6217,6195,6202,6427,6379,6368,6453
1938,日本リーテック,2454,2404,2462,2428,2467,2511,2540,2521,2540,2558,2532,2550,2602,2589,2607,2600,2590,2655,2784,2751,2703,2703,2708,2730,2779,2773,2728,2761,2854,2804,2892,2865,2841,2791,2821,2738,2712,2754,2745,2822,2788,2772,2736,2870,2840,2850,2830,2668,2756,2773,2899,2883,3030,3015,3220,3125,3040,2926,2924,2833,2718,2749,2558,2606,2575,2570,2617,2554,2585,2632,2687,2735,2711,2708
6436,アマノ,3921,3960,3899,3950,3935,4077,4039,,3851,3845,3880,3838,3790,3770,3781,3763,3758,3772,3772,3764,3729,3712,3675,3681,3691,3645,3630,3595,3605,3597,3581,3581,3599,3578,3640,3637,3646,3642,3577,3555,3526,3543,3544,3618,3585,3574,3660,3635,3669,3696,3717,3687,3705,3689,3682,3702,3711,3687,3627,3623,3717,3762,3929,3845,3850,3876,3877,3969,3927,3912,3894,3910,3910,3954
5410,合同製鐵,2861,2906,2894,2926,2949,2847,2827,2779,2780,2736,2726,2702,2702,2713,2731,2715,2682,2706,2730,2699,2662,2607,2587,2626,2622,2602,2602,2620,2604,2625,2633,2624,2668,2623,2656,2609,2555,2553,2588,2593,2579,2617,2601,2776,2733,2722,2693,2725,2729,2762,2816,2838,2875,2871,2880,2875,2886,2892,2919,2896,2926,3035,3635,3460,3510,3545,3570,3575,3575,3580,3605,3580,3620,3660
5440,共英製鋼,1886,1897,2027,2021,1992,1946,1930,,1903,1890,1892,1850,1855,1832,1829,1816,1804,1813,1831,1802,1784,1761,1752,1756,1766,1740,1726,1728,1750,1767,1767,1756,1787,1772,1788,1771,1721,1727,1743,1766,1754,1757,1750,1839,1837,1836,1880,1862,1865,1831,1865,1875,1883,1890,1841,1847,1840,1828,1847,1915,2267,2185,2240,2254,2276,2280,2334,2313,2313,2347,2373,2373,2388,2415
9505,北陸電力,960,955,983.7,1018.5,993.7,972.6,969.3,947,951.5,942.2,941,921.8,919.8,904.7,909.5,911.5,920.7,922,921.5,922.7,899.5,892.8,876.1,880.4,879.5,876.9,870.5,861,852.5,849.7,854.6,863.8,859.5,873.2,888,866.5,869,857.8,833.3,827.2,813,827.1,811.7,843.6,861.2,867.7,870.4,882.5,881.5,886.7,879.7,901,921.8,922,927.7,921.2,905.1,914.7,900.5,871.7,916.6,1005,994,1006.5,998.3,1011.5,1032,1064,1080,1090,1097,1096.5,1114.5,1134
8091,ニチモウ,2385,2400,2406,2399,2388,2358,2352,2336,2344,2352,2351,2340,2323,2289,2319,2311,2288,2338,2349,2340,2310,2296,2297,2300,2301,2285,2308,2287,2294,2294,2300,2261,2240,2214,2228,2200,2211,2206,2210,2228,2181,2147,2135,2186,2175,2149,2146,2169,2177,2190,2197,2206,2311,2285,2281,2278,2285,2256,2262,2253,2270,2307,2397,2452,2478,2495,2507,2522,2530,2545,2553,2556,2550,2577
6507,シンフォニアテクノロジー,14190,13550,13660,12600,12790,13450,14380,14320,14380,14470,14000,14150,14990,14360,15200,15610,15090,15440,16700,16660,15690,16000,16630,16500,15400,15810,16500,16050,16900,16890,16770,16460,15880,14800,14160,13900,13310,13900,14610,15480,15340,14490,14420,14300,14450,15310,14610,14240,13800,13290,15720,15460,16900,16110,14820,15290,15200,14950,15640,14640,14430,14150,13900,13470,13600,13480,13720,13920,13890,14060,13550,13700,13590,13540
9022,東海旅客鉄道,3923,3999,4090,4268,4291,4095,4050,3904,3830,3806,3880,3803,3750,3736,3671,3677,3659,3720,3723,3559,3570,3517,3456,3507,3506,3420,3383,3397,3359,3259,3269,3352,3371,3351,3428,3410,3516,3509,3394,3390,3323,3348,3398,3532,3526,3540,3553,3573,3601,3609,3634,3627,3641,3659,3663,3613,3647,3715,3721,3707,3833,4161,4102,4122,4101,4200,4290,4275,4290,4341,4430,4261,4247,4283
9536,西部ガスＨＬＤＧＳ,2427,2440,2399,2382,2372,2371,2393,2361,2365,2369,2368,2341,2335,2329,2346,2340,2359,2360,2336,2319,2275,2244,2249,2270,2278,2246,2240,2232,2219,2231,2254,2253,2262,2278,2275,2248,2244,2245,2210,2230,2191,2193,2181,2227,2210,2225,2228,2233,2225,2233,2249,2250,2264,2254,2240,2266,2255,2256,2278,2246,2358,2457,2470,2478,2460,2519,2562,2588,2629,2616,2602,2582,2582,2595
9506,東北電力,1212.5,1194,1187,1199,1210,1171.5,1179,1148.5,1149.5,1144.5,1159.5,1143,1136.5,1107,1100.5,1100,1109.5,1097,1097.5,1097.5,1072.5,1073.5,1064,1073,1060,1057,1048,1039.5,1049.5,1049,1055.5,1063.5,1053,1066,1067,1033.5,1034.5,1020,1006.5,1014,1005.5,1016,990.6,1011.5,1001.5,1020.5,1019.5,1033.5,1034.5,1024,1024,1053,1066,1061.5,1077,1073.5,1068.5,1104.5,1111.5,1095,1140.5,1157,1131,1149,1128,1153,1168,1194.5,1193,1185,1191,1175.5,1175.5,1192
2127,日本Ｍ＆Ａセンターホールデ,647,641,637.79999999999995,714.9,696.5,689,681.1,664,665.7,671.5,679.9,683.2,683.9,685.1,682.8,681.2,684.4,699.4,691.5,679.5,657.6,654,639,642,634,623.29999999999995,634.1,636,636.4,643.70000000000005,658.2,668.5,653.4,640.79999999999995,647.5,653,644.70000000000005,642.9,641.79999999999995,645.79999999999995,628.4,648.20000000000005,659,661.8,660,672.6,666.3,664.5,662.8,653.70000000000005,660.2,643.6,643.9,644.5,644.79999999999995,654.79999999999995,659,656.3,652.6,636.4,682.3,696.9,679.7,688.5,688,702.5,698,691.5,695,690.8,677,670.5,659,665.6
6753,シャープ,626.29999999999995,630.5,624.29999999999995,646.29999999999995,644.70000000000005,617.1,608.70000000000005,605.4,624.70000000000005,629.70000000000005,642,644.29999999999995,656.5,651.79999999999995,653.9,654,652.79999999999995,659,659.7,647.1,654.79999999999995,652,655,663.5,634,609,659,671,588.4,591.9,596.9,600.6,601,610,625.9,631.9,628.5,652.79999999999995,673,681.6,675,673.8,652.70000000000005,626.1,624.79999999999995,631.29999999999995,647.9,641.6,615.29999999999995,636,642.9,624.9,610.79999999999995,585,615.1,592.79999999999995,576.5,568.1,591,587.4,566.1,566.1,551.70000000000005,583,607.70000000000005,612.79999999999995,617,622.1,622.6,607.70000000000005,603.9,597,598,610.79999999999995
9064,ヤマトホールディングス,2000,2073.5,2095,2194.5,2193,2121,2074,2054.5,2041,2021,2043.5,2022,1979.5,1995.5,1966.5,1981,1973,1983,1993,2003,1958.5,1910,1843.5,1855.5,1857.5,1833.5,1822,1777.5,1793,1771.5,1779,1775,1780,1780.5,1808,1836,1821.5,1808.5,1816.5,1828.5,1830,1833.5,1816,1839,1795,1794,1787.5,1780.5,1792,1767.5,1795.5,1749.5,1754,1786,1763,1749,1790,1833,1824,1764.5,1792,1805,1798,1782,1796,1827.5,1843.5,1855,1867,1875,1883,1866.5,1854,1875
7181,かんぽ生命保険,1735,1763,1786,1773,1791.5,1785.5,1797.5,1784,1758.5,1728,1686,1655.5,1674.5,1664,1638.5,1647.5,1649,1666.5,1685,1654.5,1626,1581.5,1542.5,1542.5,1520,1495,1504.5,1569,1539,1528,1553.5,1551,1596,1561,1588.5,1562.5,1587.5,1615,1455,1457.5,1414,1452.5,1409.5,1441.5,1465,1495.5,1518.5,1559.5,1564,1558,1525,1556,1650,1618,1628.5,1572,1553.5,1573,1585,1544,1533,1526,1493.5,1513,1513.5,1545,1579.5,1615,1669,1676.5,1669.5,1636.5,1608,1608
6485,前澤給装工業,1580,1571,1598,1597,1598,1592,1600,1550,1548,1550,1548,1556,1564,1550,1579,1572,1561,1561,1541,1541,1555,1544,1522,1504,1515,1503,1485,1475,1470,1490,1488,1479,1469,1450,1449,1433,1437,1439,1434,1443,1421,1402,1399,1439,1429,1425,1432,1421,1435,1452,1478,1482,1508,1496,1518,1530,1529,1518,1521,1505,1523,1555,1519,1528,1527,1554,1566,1565,1569,1586,1605,1604,1617,1634
4887,サワイグループＨＤ,1616,1656.5,1685,1712.5,1714,1693.5,1684.5,1670.5,1679,1689.5,1700.5,1691.5,1699.5,1683.5,1689.5,1682.5,1705.5,1754.5,1757,1758.5,1730,1715,1691.5,1696.5,1674,1629.5,1670,1666.5,1656.5,1645.5,1643.5,1676.5,1683,1674,1710,1714.5,1719,1734,1715,1736.5,1738.5,1731.5,1722.5,1766,1778,1773.5,1803,1768,1824,1823,1821.5,1797,2126,2099,2088,2110.5,2134,2137,2146.5,2105.5,2110.5,2112.5,2100,2123.5,2111.5,2162,2179.5,2225,2249.5,2257,2222,2251,2269,2262.5
5243,ＮＯＴＥ,2172,2188,2213,2114,2070,2199,2137,2103,2040,2066,2084,2140,2159,2120,2260,2268,2206,2499,2311,2250,2089,2110,1937,1920,1841,1781,1785,1801,1828,1819,1889,1895,1855,1750,1702,1719,1685,1737,1831,1886,1883,1995,2010,2120,2147,2220,2281,2262,2227,2236,2347,2274,2345,2413,2410,2284,2202,2302,2359,2434,2481,2505,2390,2489,2625,2727,2743,2658,2730,2842,3405,3030,2966,2736
2702,日本マクドナルドＨＬＤＧ,8240,8240,8290,8200,8210,7910,7760,,7570,7580,7780,7660,7710,7860,7760,7890,7920,7870,7780,7690,7840,7570,7470,7710,7590,7560,7450,7300,7150,7300,7360,7430,7490,7480,7590,7500,7480,7380,7490,7490,7530,7590,7710,7860,7900,8160,8180,8140,8230,8110,8010,8190,8300,8590,8780,7830,7880,8030,8160,8170,8220,8270,8250,8150,8210,8260,8310,8260,8280,8280,8250,8170,8280,8490
6890,フェローテック,8850,8390,8650,7720,7950,8180,9100,9280,8940,7890,7250,7370,8260,8330,9280,9150,8680,8470,9090,9290,9280,9400,9940,9740,9360,9930,10440,10910,11640,11700,10880,10490,9500,9600,9390,9440,7990,8220,8640,9150,9070,8330,8050,9020,8630,9340,9380,9150,9230,9140,9340,9610,10030,10430,9500,10110,9980,9690,9240,8190,7870,7750,7590,7590,7290,7010,6910,6830,6820,6820,6950,7220,7050,7170
4966,上村工業,24060,23340,22740,20940,21790,22320,23730,24540,24700,24910,24140,23800,25250,24200,25090,25550,24900,24430,25710,27130,26730,27520,28400,27910,26960,27710,28130,27580,28200,28430,27700,27590,26440,26620,26410,24720,23320,22900,22140,23020,23620,24190,23200,23710,23600,24360,24770,24460,23700,23150,24240,24500,26180,26500,26960,25350,24210,23790,23850,23440,23670,23650,23660,23710,23700,23640,23520,23130,24130,24420,24650,24360,23310,23130
6146,ディスコ,61560,61600,60990,53590,56010,57300,63100,63020,72080,72050,67130,66590,74240,71710,74930,73770,72340,71710,76900,78830,76910,80390,88580,83870,79590,84220,86880,83400,91680,89250,89100,85550,85390,85200,86140,80100,70760,73590,68700,74440,72630,69970,64200,66520,67630,70550,70260,66960,66660,62150,63690,65450,71520,73990,73010,73730,76010,76340,77800,74460,76060,78150,76250,74310,76350,75500,74350,75320,73530,73050,72950,72450,67390,67090
8035,東京エレクトロン,56740,55550,59250,53820,55630,57610,64100,65410,68700,69780,66570,67080,74810,72140,74470,74550,71540,69600,73090,75290,73830,75740,81260,80500,74700,74430,75850,73360,79800,77850,77600,76650,73220,73130,74800,71000,64070,65310,56450,62210,63660,61420,53750,53320,52730,54700,52530,50220,48800,47220,49980,50900,52530,52730,51920,53000,53870,52650,51960,48190,45290,46970,47710,46110,46560,45540,46460,44490,45280,46150,44570,43820,43480,44040
6920,レーザーテック,44100,41520,39000,35860,38410,40060,44380,45500,46790,45000,42810,43280,50940,45230,47680,45480,43850,44300,46050,48490,47650,49030,54080,50910,50480,52520,53440,52940,58490,57550,58580,57330,52980,48270,48640,44590,40470,42950,40670,42470,43600,42800,39250,40820,41290,44040,43590,38980,38840,36280,38180,39340,41190,43140,42860,45650,45950,44660,46720,44520,44460,46090,46450,45950,45990,45520,44590,42390,41700,42300,44940,43530,41570,41630
5801,古河電工,3585,3233,3278,2930.5,3048,3131,3391,3469,3675,3725,3429,3309,3793,3568,3933,3846,3687,3720,3900,3998,4015,4225,4870,4829,4545,4917,5050,4946,5824,5879,5336,4899,4766,4831,4570,4378,4146,4447,4590,5114,5344,5612,5245,5245,5535,6241,5933,5435,5205,5207,5385,5706,6004,6015,5899,5043,4655,4603,4630,4314,4285,4346,4355,4377,4505,4444,4523,4538,4649,4609,4723,4794,4721,4602
6506,安川電機,5147,4982,4977,4745,4890,5140,5307,5305,5421,5375,5150,5306,5569,5860,6275,7225,7044,6932,7398,7856,7479,7156,7465,7237,6954,7347,7324,7228,7682,7915,7359,7416,7060,6943,6732,6508,6055,6257,6513,6918,7115,7228,7069,7315,7210,7689,7700,7092,6709,6310,6739,7076,7395,7578,7028,7030,6625,6424,6018,5648,5637,5495,5532,5252,5406,5490,5657,5507,5265,5364,5376,5275,5260,4926
2768,双日,5252,5235,5457,5373,5412,5413,5467,5452,5507,5453,5291,5213,5220,5120,5204,5151,5178,5283,5425,5408,5305,5287,5210,5250,5357,5357,5292,5232,5362,5300,5406,5406,5372,5387,5374,5091,5067,5139,5147,5275,5190,5192,5134,5494,5475,5650,5634,5576,5617,5690,5767,5900,5989,5910,5964,5880,5756,5811,6215,6400,5930,5977,5871,5948,5905,5998,6120,6147,6250,6280,6290,6401,6482,6522
6305,日立建機,5377,5486,5451,5691,5768,5653,5680,5401,5442,5375,5227,5287,5341,5283,5339,5302,5300,5405,5486,5523,5360,5288,5331,5368,5364,5369,5404,5345,5498,5422,5486,5465,5436,5596,5600,5339,5177,5339,5324,5462,5413,5415,5152,5278,5280,5340,5067,5034,5032,5038,5178,5274,5337,5420,5326,5765,5701,5718,5723,5568,5653,5688,5658,5570,5567,5505,5539,5470,5502,5665,5692,5726,5749,5773
8015,豊田通商,6850,6745,6871,6645,6577,6512,6605,6535,6613,6555,6505,6228,6241,6065,6144,6248,6190,6323,6510,6304,6426,6202,6134,6062,6054,6063,6215,6199,6276,6226,6212,6434,6456,6531,6594,6254,5978,6156,6450,6493,6560,6600,6558,7000,6845,7039,7164,6993,7027,7006,7143,7285,7559,7443,7488,7256,7039,6894,7070,7048,6270,6469,6268,6235,6248,6280,6383,6368,6374,6381,6449,6522,6590,6700
9101,日本郵船,6048,6078,6159,6168,6155,6055,6141,5972,5847,5838,5762,5784,5614,5509,5348,5406,5495,5393,5295,5370,5289,5190,5203,5265,5310,5267,5410,5396,5303,5203,5234,5300,5410,5532,5672,5689,5690,5720,5646,5723,5515,5362,5343,5376,5358,5289,5412,5450,5630,5695,5620,5636,5498,5446,5389,5486,5740,5700,5675,5648,5702,5681,5807,5923,5852,5910,5930,6068,6178,6127,6138,6153,6282,6250
7011,三菱重工業,4155,3805,3864,3801,3783,3817,3981,4007,3930,3916,3889,3754,3855,3816,3818,3872,3867,3994,4146,4110,3899,3867,3825,3717,3774,3639,3784,3809,3913,3914,4030,4095,3905,3838,3720,3594,3502,3686,3783,3828,3772,3640,3516,3836,3999,4050,3944,4023,4032,4100,4255,4140,4148,4405,4456,4363,4543,4571,4620,4638,4640,4823,4733,4810,4770,4532,4570,4593,4511,4607,4735,4815,4834,4819
1812,鹿島建設,5347,5354,5508,5521,5599,5592,5682,5627,5672,5696,5638,5631,5726,5639,5794,5880,5849,6033,6291,6339,6213,6070,6170,5941,5932,5803,5801,5753,6075,6030,6069,6094,6044,6138,6163,5634,5502,5578,5551,5566,5551,5599,5550,5953,5903,6074,5740,5591,5695,5766,5952,5843,6264,6536,6751,6599,6279,6269,6314,6243,6429,6499,6011,5980,5998,5987,6120,6092,6134,6203,6320,6238,6266,6318
6861,キーエンス,83440,81820,83520,80320,81890,72600,74170,72100,73170,73830,72590,72450,76780,76700,77460,77480,76190,77320,80550,82030,80390,82080,82400,82320,78200,77640,78690,77000,78160,78890,77700,77820,76250,76090,76740,73460,71660,73890,75030,78800,80870,81100,79400,81380,77000,77330,79740,80220,77840,75410,76670,77190,78840,79680,79830,83000,83460,84170,81720,76790,73980,76100,73180,64190,64700,64340,64600,64360,64150,63660,62940,64100,63760,62500
6324,ハーモニック・ドライブ・シス,6950,6390,6300,5810,5930,6270,6820,6840,7130,7180,6630,6910,7680,7550,8070,8200,7930,8090,8730,9150,8840,8470,8080,7970,7130,7910,8050,8070,8750,8870,7980,8240,7890,7160,6920,6890,6300,6750,7440,7220,7450,7720,7560,7970,7870,8400,7850,7180,6590,6050,6720,7070,7380,7230,7060,6750,6560,6280,5750,5290,5310,4930,4895,4330,4465,4425,4710,4675,4585,4815,4405,4255,4225,4040
6273,ＳＭＣ,73890,71390,71550,66920,67620,69280,72360,72410,73400,73030,70680,72880,75200,72950,76500,76440,72500,72330,76360,77260,76280,73870,75690,72500,71780,73460,73490,71290,74550,74980,74660,73580,72760,70480,70430,67040,62270,61840,62820,65540,66000,66210,65960,70050,69390,68860,67120,66590,66140,65620,68310,68000,74660,86800,84880,85140,84580,82860,79790,77580,78670,78530,78160,70920,72240,71700,72180,71770,71940,72990,72520,73150,72200,70500
4502,武田薬品,5332,5435,5578,5820,5903,5784,5796,5648,5560,5589,5621,5496,5325,5395,5374,5397,5449,5527,5480,5517,5515,5275,5175,5205,5200,5120,5100,5128,5047,4975,4970,5038,5037,5045,5158,5100,5062,5086,5050,4977,4880,4809,4905,5146,5182,5130,5166,5206,5320,5362,5352,5309,5327,5288,5234,5196,5222,5339,5338,5260,5270,5295,5269,5378,5336,5494,5555,5626,5660,5716,5667,5685,5757,5774
4004,レゾナック・ホールディング,14790,14320,14540,12600,13005,13225,14490,15265,15965,16100,14670,14480,16165,15555,16620,16435,16160,16100,16980,17680,17615,18345,18850,18000,17865,18060,18735,18320,19825,19585,19840,19285,18535,18730,18665,17790,16430,16660,16415,17670,18735,19450,18620,18980,19150,19945,20195,18310,17485,16630,16890,17600,19000,20495,18150,17925,16935,16085,15700,14410,14335,14155,14160,14550,14520,14530,13545,12785,13075,13315,13710,13760,13310,13830
9519,レノバ,937,920,949,950,998,1035,1039,1011,996,1001,994,1027,1046,971,959,942,950,969,995,1024,1003,1006,985,1025,988,924,934,957,946,890,841,890,893,916,918,915,911,933,1030,1043,1009,1090,1181,1346,1288,1318,1395,1400,1338,1363,1388,1365,1365,1365,1234,1262,1245,1187,1144,1150,1146,1134,1085,1073,1006,985,1048,1060,1073,1120,1060,1023,1006,1023
6752,パナソニックホールディンク,4325,4422,4284,3626,3645,3791,3933,3955,4137,4257,4080,4122,4318,4305,4685,4602,4587,4458,4587,4659,4544,4666,4770,4630,4500,4693,4656,4581,4464,4510,4449,4420,4272,4144,4039,3929,3799,3851,3607,3805,3801,3994,3640,3774,3596,3702,3615,3589,3474,3302,3418,3370,3465,3460,3317,3467,3359,3335,3450,3339,3203,3116,3119,2905,2965,3010,3082,2983,2988,3008,2950,2951.5,2917,2960
6622,ダイヘン,15010,13980,14020,12550,13170,13940,14790,14900,15280,15420,14710,14770,15750,15190,15830,15890,15570,15500,17280,17420,17000,17710,18900,18320,18190,18920,19150,19180,19620,19450,19050,18470,16830,16500,16220,15320,14610,15320,15470,16270,15880,15870,15740,16650,16540,17720,17360,16690,16040,15530,16840,17320,18180,18220,18220,19790,18140,17280,17150,16100,15710,14990,14950,14040,14150,14080,14210,14090,14320,14440,14830,14620,14140,14060
1407,ウエストホールディングス,2805,2641,2653,2729,2691,2799,2894,2822,2704,2785,2938,2869,2802,2327,2273,2294,2318,2303,2373,2413,2389,2406,2423,2462,2465,2360,2382,2478,2469,2302,2325,2347,2350,2357,2336,2355,2348,2369,2506,2491,2630,2612,2600,2928,3045,3270,2992,2964,3150,3120,3085,3065,3200,3185,3025,3200,3230,3000,2947,3090,2915,2762,2710,2598,2424,2295,2357,2330,2374,2371,2163,1947,1863,1920
285A,QPS研究所,52580,51990,46500,45040,48820,47720,57410,62690,67190,68700,61920,56750,74940,70920,77160,84050,79950,77480,79470,84800,84390,80990,93060,94880,93140,102000,106150,98190,111500,112700,108600,99500,96400,97610,90990,83140,77360,75680,74500,78840,79830,83140,77540,65850,61840,67340,65790,58880,59420,51450,52590,51450,48470,53490,50670,47180,49430,45550,43410,36990,38270,37430,36440,35600,36680,35080,32880,31730,33480,33950,35150,36870,31380,30490
141A,トライアルホールディングス,3305,3215,3145,3110,3100,3090,3035,,3015,3010,3050,3115,3060,3165,3065,3100,3115,3120,3215,3120,3145,3065,3015,3200,3100,3085,3225,3060,2825,2775,2806,2805,2850,2865,2873,2937,2925,2841,2873,2849,2792,2734,2645,2965,3015,2913,3075,3060,3145,3270,3195,3505,3735,4465,4460,4410,4290,4315,4225,3995,4055,4050,4010,4215,4400,4790,4785,4655,4555,4495,4445,4285,4385,4725
464A,QPSホールディングス,1618,1545,1552,1453,1501,1548,1478,1594,1654,1747,1652,1664,1906,1849,1941,1875,1842,1890,2021,2137,2104,2112,1948,1997,1938,1980,2024,2055,2232,2333,2242,2336,2430,2424,2749,2839,2629,2630,2923,3165,2783,3160,3185,4485,4460,4475,4060,3850,3505,3510,3680,3350,3485,3440,3145,3070,3065,2840,2708,2596,2604,2564,2616,2630,2726,2793,2771,2740,2714,2644,2745,2780,2839,2854
1570,ＮＦ日経レバ,65750,65050,68100,63180,63700,63770,68020,68810,71870,73090,70080,69330,76120,73960,76830,77470,75500,75530,78980,79930,78680,78920,83580,80640,78520,82250,85200,79920,85870,86380,84370,82770,79880,79600,78840,73130,67630,69190,68570,73450,75470,77440,73930,72510,69710,72490,70160,66050,63230,60220,62230,62900,65900,67090,66140,65870,66320,64950,65900,59010,58630,60560,61420,59150,60050,59090,58930,58080,58580,59150,57000,55860,53580,54020
6135,牧野フライス,14940,15170,14400,14180,14260,14720,14820,14980,14900,14690,14600,14540,14930,14830,15050,15070,14810,14860,15110,15410,15390,15400,15480,15220,15310,15590,15940,14480,14650,14760,14680,14410,14480,14430,14400,14320,14410,14950,14250,14630,14180,14080,14100,13570,13280,13310,13750,13240,13370,13750,13850,13970,14100,14160,13780,13770,13820,14030,14170,12710,11940,11800,11840,11880,10870,11630,11630,11640,11630,11610,11650,11610,11590,11630
6055,ジャパンマテリアル,2340,2295,2305,2086,2116,2230,2313,2320,2388,2431,2330,2354,2618,2596,2690,2710,2621,2586,2739,2514,2508,2588,2770,2658,2657,2723,2736,2677,2712,2697,2496,2495,2416,2486,2470,2340,2174,2230,2174,2320,2425,2165,2127,2099,2093,2182,2156,2060,2076,1944,2123,2230,2052,2244,2200,2253,2099,1988,1996,1820,1819,1865,1885,1826,1876,1846,1888,1886,1906,1940,1946,1908,1816,1833
6862,ミナトホールディングス,2271,2116,2088,1967,1721,1797,1871,1901,1943,1940,1894,1930,2081,2021,2080,2080,1991,2047,2112,2168,2139,2139,2184,2160,2220,2292,2462,2287,2443,2635,2544,2320,2259,2210,2062,2018,1972,2054,2149,2275,2196,2306,2216,2317,2300,2549,2724,2670,2530,2521,2743,2930,2947,3330,2930,3820,4165,3930,3760,3155,2996,2709,2818,2580,2575,2560,2560,2585,2497,2499,2604,2625,2385,2240
2267,ヤクルト,2824.5,2801.5,2828,2919.5,2930.5,2843.5,2824,2749.5,2784.5,2787,2885,2853.5,2848.5,2873,2883,2851,2910,2933.5,2912.5,2910,2856,2814,2741,2764,2777.5,2777,2752,2742.5,2729,2719.5,2711,2697.5,2664,2661,2686,2712.5,2721,2717,2688,2718,2709,2742,2715,2709.5,2756.5,2733.5,2827.5,2807,2808,2847,2820,2778.5,2783,2826.5,2818.5,2938,2916.5,3025,3057,3092,2745.5,2763.5,2779.5,2916.5,2642.5,2615.5,2633.5,2680,2681,2700,2724,2645,2670,2719.5
1618,ＮＦエネ資源Ｔ１７,33100,33090,33960,34040,33780,34000,34140,34680,34110,33770,33320,32210,32910,32660,33770,32700,33060,32730,32880,32500,31900,31540,31440,31600,31670,31580,32460,32230,32700,32910,32950,32660,32690,32580,33760,33000,33190,33360,33540,34440,34510,34950,33760,34200,34190,34490,35770,34860,35900,36280,36500,36950,36390,36110,36600,36690,35570,35140,36060,36580,37000,36270,35740,36140,35790,35980,36360,36790,37830,38480,38430,39000,39780,39350
4222,児玉化学,598,574,586,563,576,588,598,,622,626,618,617,656,656,674,670,650,664,694,697,681,671,649,660,681,666,681,718,727,759,715,741,729,703,710,684,688,691,695,725,712,722,703,758,764,790,826,802,828,856,896,924,986,1227,1260,1344,1268,1165,1157,1115,1139,1165,1162,1155,1165,1184,1200,1200,1179,1189,1187,1158,1122,1147
7013,ＩＨＩ,2922.5,2804.5,2914,2798,2805.5,2855,2925,,2927,2831,2834.5,2860,2839.5,2838.5,2873,2852,2878,2978,3150,3075,2879,2824,2759.5,2731.5,2760,2717.5,2839,2848,2855,2864.5,2935,3025,2958.5,2907.5,2729,2455,2375,2514,2552.5,2635.5,2608.5,2571.5,2640,2822.5,2835,2978,2846,2859,2722,2592.5,2693.5,2761,2734.5,2750.5,2852,2899.5,2958,3323,3068,2920,2988,3020,2941,3075,3108,3069,3137,3183,3186,3227,3311,3356,3414,3375
8793,ＮＥＣキャピタルソリューション,4110,4115,4210,4205,4210,4115,4120,4105,4115,4125,4110,4105,4165,4165,4180,4175,4155,4140,4135,4085,4040,4040,4010,4015,4045,4015,4045,4050,4065,4090,4135,4145,4180,4165,4185,4185,4160,4230,4070,4045,3960,3930,3915,4020,3960,3975,3980,4025,4030,3980,3985,3975,4020,4010,4040,4055,4060,4065,4060,4090,4200,4280,4280,4270,4215,4270,4315,4285,4295,4320,4275,4215,4190,4245
9962,ミスミグループ本社,4178,4066,4001,3511,3566,3568,3677,3708,3770,3801,3772,3738,3869,3800,4025,4099,4040,3998,4143,4204,4187,4103,4038,4010,3932,3977,3873,3773,3870,3923,3969,3924,3915,3945,3862,3818,3645,3643,3643,3788,3805,3841,3680,3814,3663,3654,3509,3491,3300,3135,3212,3195,3403,3486,3385,3493,3487,3530,3545,3500,3723,3395,3393,3042,3078,3113,3166,3156,3060,3072,3034,3032,2998.5,3038
6762,ＴＤＫ,3189,3282,3100,2928.5,2964.5,2993,3060,3097,3196,3195,3085,3024,3273,3265,3402,3460,3422,3440,3513,3705,3736,3768,3762,3665,3615,3831,3933,3957,4189,4123,3995,4094,3888,3962,3928,3756,3575,3833,3824,4174,3995,4068,4095,4200,3911,3803,3795,3383,3236,2959,3026,3019,3185,3118,2949.5,2984,3015,2996.5,2955.5,2956,2985,2752.5,2768,2765.5,2772,2725,2576,2621,2632.5,2548.5,2308,2310,2314.5,2322
4392,ＦＩＧ,884,866,907,855,907,933,1024,1047,1098,1150,1082,1104,1138,1038,1115,1135,1110,1105,1155,1220,1185,1162,1170,1142,1152,1132,1230,1220,1209,1294,1305,1358,1295,1320,1456,1532,1771,1693,1650,1546,1597,1707,1915,2200,2458,3075,2185,2045,1981,1966,1360,1060,910,880,840,874,509,429,354,346,352,367,360,352,360,355,351,339,330,331,327,326,324,329
8005,スクロール,1864,1849,1718,1730,1744,1724,1717,1707,1719,1744,1742,1739,1747,1744,1732,1722,1720,1737,1720,1706,1687,1645,1631,1647,1655,1652,1652,1649,1645,1644,1656,1669,1657,1638,1631,1630,1639,1642,1627,1644,1649,1655,1676,1667,1639,1642,1645,1651,1670,1669,1685,1662,1664,1644,1678,1705,1805,1597,1330,1322,1326,1333,1327,1322,1324,1345,1365,1357,1360,1363,1345,1322,1333,1356
2326,デジタルアーツ,4475,4295,4090,4220,4185,4130,4050,4005,4040,4065,4175,4060,4035,4065,4000,3995,3935,3970,3960,3915,3915,3805,3720,3740,3720,3635,3610,3595,3610,3625,3620,3655,3650,3620,3660,3610,3675,3700,3845,3880,3735,3745,3865,4090,4085,4160,4185,4150,4165,4295,4420,4290,4240,4035,4150,4155,4315,4940,5990,5640,5620,5550,5570,5640,6010,6120,6020,6000,5880,5920,5630,5620,5460,5460
6809,ＴＯＡ,1625,1621,1641,1642,1645,1645,1642,,1630,1634,1623,1591,1617,1620,1619,1628,1632,1645,1654,1633,1603,1578,1569,1579,1604,1586,1584,1573,1567,1574,1579,1577,1583,1565,1580,1562,1563,1586,1553,1582,1555,1560,1558,1568,1549,1563,1582,1559,1550,1602,1599,1598,1614,1585,1584,1575,1600,1608,1805,1756,1730,1744,1734,1757,1761,1786,1790,1807,1792,1796,1817,1806,1820,1836
3984,ユーザーローカル,1830,1808,1831,1809,1810,1814,1805,,1776,1811,1812,1822,1835,1830,1822,1803,1788,1784,1812,1815,1793,1750,1717,1662,1645,1645,1700,1715,1750,1753,1810,1828,1828,1785,1794,1844,1800,1836,1890,1915,1826,1824,1834,1767,1708,1732,1797,1796,1783,1778,1746,1730,1732,1745,1753,1807,1845,1833,1605,1549,1566,1563,1589,1579,1605,1629,1600,1575,1600,1583,1517,1504,1454,1492
7609,ダイトロン,4280,3630,3365,3170,3275,3350,3520,,3600,3610,3440,3370,3505,3390,3590,3565,3500,3515,3640,3710,3670,3735,3795,3720,3710,3795,3835,3865,3960,3990,3930,3885,3650,3630,3640,3540,3435,3560,3650,3785,3795,3730,3615,3655,3580,3700,3690,3680,3625,3535,3875,3910,4075,4090,3895,3985,4015,3975,3420,3205,2941,2908,2917,2906,2864,2882,2912,2886,2957,2961,2987,2930,2855,2823
7972,イトーキ,2925,2940,2971,2918,2944,2954,2946,2870,2855,2887,2878,2810,2876,2850,2832,2875,2865,2955,2892,2863,2740,2656,2655,2687,2666,2638,2605,2581,2585,2599,2530,2494,2470,2477,2485,2454,2429,2430,2428,2460,2434,2477,2486,2620,2700,2757,2639,2649,2699,2719,2813,2725,2801,2827,2833,2837,2922,2964,3295,3160,3220,3300,3270,3225,3240,3325,3370,3355,3335,3380,3600,3620,3585,3535
6521,オキサイド,3100,3045,2966,2838,2970,3120,3260,3365,3450,3500,3475,3580,3985,4230,4475,4440,4330,4170,4465,4565,4585,4530,4885,4760,4845,4905,5280,5360,5290,5280,5210,4795,4900,4800,4610,4575,4455,4730,4935,5170,5000,5380,5290,5940,6180,5950,6450,6440,5940,6000,6710,6800,6520,6890,6390,7420,7050,6210,5350,4835,4840,4755,4835,4850,4935,5220,5090,4425,4485,4555,5290,5640,5070,4725
9165,クオルテック,1756,1750,1741,1742,1716,1715,1717,1710,1753,1756,1714,1713,1745,1772,1785,1808,1773,1756,1761,1804,1777,1770,1800,1780,1769,1766,1782,1795,1820,1849,1746,1741,1772,1723,1740,1725,1690,1714,1761,1876,1879,1839,1818,1910,1964,2171,2350,2005,1825,1917,1850,1847,1799,1786,1777,1850,1864,1959,1611,1490,1479,1470,1480,1469,1469,1470,1477,1472,1477,1472,1457,1446,1437,1448
6902,デンソー,1927.5,1972.5,2195,2218,2210,2083,2060,1980.5,1998.5,2002.5,2006.5,1983.5,1963,1951,1946,1958.5,1937,1986,2018,1999,1981.5,1939,1888,1897,1894,1881,1890,1896,1901.5,1905.5,1933,1939,1923,1902,1923,1863.5,1842,1925,1931,1914.5,1941,1942.5,1873,1927.5,1904.5,1894,1865.5,1851,1869,1872.5,1870,1908,1958.5,1910,1928,1896,1914,1948.5,1927,1903.5,1899.5,1945,1942,1900,1923.5,1941,1972,1962.5,1942.5,1950,1988,1941,1932.5,1965.5
6928,エノモト,2569,2466,2388,2271,2369,2514,2571,2615,2640,2652,2618,2735,2878,2887,2940,2949,2864,2806,2922,2944,2917,3000,3110,3135,3165,3325,3485,3470,3535,3620,3590,3500,3400,3385,3355,3390,3385,3530,3495,3690,3720,3820,3880,3905,3735,3745,3700,3670,3580,3520,3560,3560,3680,3620,3540,3620,3980,3620,3655,3470,3305,3235,3165,3210,3230,3230,3295,3270,3335,3370,3345,3245,3160,3200
5632,三菱製鋼,2196,2180,2196,2159,2140,2198,2215,,2193,2184,2155,2147,2200,2155,2144,2133,2138,2171,2230,2244,2208,2170,2170,2197,2224,2230,2262,2292,2430,2425,2347,2292,2185,2207,2215,2188,2111,2123,2111,2157,2117,2137,2115,2195,2142,2170,2169,2158,2122,2061,2094,2145,2210,2077,2020,1915,1908,1853,1857,1814,1808,1824,1796,1811,1816,1833,1851,1845,1841,1848,1847,1821,1809,1834
6098,リクルートホールディングス,12545,12490,12645,13320,13270,12790,12645,12120,12395,12575,12920,12880,12580,12885,12370,12610,12615,12425,12395,11940,12195,12040,11935,11670,11375,11240,11435,11270,11300,11230,11105,11385,10800,10815,10980,11140,11410,11755,10845,10915,10775,11015,11190,10855,10275,10100,9819,9817,9747,10010,9912,9320,7842,7837,7846,7722,7871,7987,7592,7387,7400,7481,7435,7451,7682,8011,7860,7627,7614,7345,7163,7140,7113,7161
6361,荏原製作所,5870,5595,5653,5111,5255,5350,5762,5820,5852,5854,5587,5705,6288,5885,6247,6225,5954,6045,6299,6270,6098,6195,6444,6316,6232,6523,6513,6480,6814,6825,6890,6774,6527,6300,6204,5609,5316,5388,5184,5553,5613,5782,5700,5683,5625,5875,5830,5465,5160,5055,5454,5650,5892,5895,5778,6073,5955,5863,5942,5356,5538,5563,5477,5461,5400,5471,5205,5185,5115,5244,5280,5278,5150,5197
155A,情報戦略テクノロジー,836,836,838,830,837,854,863,,873,876,873,887,917,920,917,909,907,910,924,927,895,890,883,885,861,875,877,876,923,932,911,897,878,847,854,873,889,889,850,882,864,889,838,908,881,880,880,854,869,877,923,913,889,782,788,809,825,834,823,806,813,822,825,836,864,862,865,849,850,851,845,820,824,847
278A,ＴＥＲＲＡＤＲＯＮＥ,14390,12000,11040,10540,10750,13170,13400,13740,15420,16560,16100,13830,13500,11550,12210,10870,9650,9150,10030,9890,8450,8200,7980,7890,7970,7990,8200,8300,8820,9420,8450,8570,10120,8750,7950,8820,8880,9710,9150,8800,8600,8800,9110,10750,10600,9780,11300,11480,11580,12560,14410,12900,12930,13200,12270,19610,16400,14530,13660,10770,9270,7920,8050,8480,8640,7220,6790,6900,6950,7000,6020,6190,5660,4965
300A,ＭＩＣ,3010,3000,3040,3020,3010,2979,2974,,3005,2951,2938,2909,2896,2895,2906,2925,2906,2916,2932,2944,2967,3015,2990,2945,2930,2846,2808,2806,2809,2833,2812,2847,2874,2835,2918,2867,2797,2821,2799,2845,2845,2842,2848,2899,2887,2871,2918,2940,2938,2934,2926,2930,3040,2800,2821,2815,2818,2792,2811,2795,2885,2849,2851,2953,3070,3110,3085,3045,3045,3055,2953,2955,2910,2980
4776,サイボウズ,2745,2722,2725,2922,2858,2690,2626,2500,2503,2569,2642,2645,2578,2646,2626,2654,2636,2645,2639,2580,2568,2490,2310,2348,2356,2145,2229,2262,2286,2350,2390,2386,2340,2353,2359,2317,2400,2372,2470,2477,2439,2570,2670,2642,2606,2586,2601,2525,2563,2502,2458,2434,2396,2163,2197,2166,2190,2199,2121,2120,2106,2130,2138,2133,2144,2175,2210,2268,2337,2274,2122,2072,1989,2018
4704,トレンドマイクロ,6549,6442,6507,6913,6860,6656,6518,6269,6245,6332,6550,6657,6450,6446,6269,6318,6275,6366,6411,6372,6565,6344,6030,6110,6064,5634,5722,5673,5636,5745,5881,5909,5852,5876,6003,6200,6261,6263,6571,6900,6451,6375,6575,6232,6085,6166,6371,6235,6007,6125,6138,5913,5681,5560,5775,5696,5746,5776,5538,5452,5558,5627,5673,5700,5880,6115,5986,6002,6092,6294,5591,5390,5166,5284
6370,栗田工業,9050,8746,8868,8419,8423,8759,8990,9030,9092,9232,8856,8854,9270,9065,9321,9211,9113,8992,9443,9656,9398,9414,9511,9304,9150,9373,9614,9389,9613,9642,9919,9650,9450,9213,8766,8559,8146,8351,8387,8870,8866,8981,8600,8892,8789,9227,8972,8792,8647,8705,8961,9024,9508,9318,9000,9257,9063,8648,8410,8333,8573,8514,8303,7954,7976,8064,8200,8224,8120,8002,8080,8214,8144,8163
7014,名村造船所,4230,4210,4475,4315,4440,4605,4520,4410,4270,4270,3925,3785,4050,3935,3925,3885,3905,4245,4395,4185,3710,3680,3615,3645,3755,3730,3775,3755,3905,3865,3890,4015,3965,3865,3850,3625,3510,3550,3655,3735,3545,3645,3490,3800,4110,4295,4080,3895,3825,3895,4110,4380,4375,4030,4140,4100,4055,4070,4140,4060,4060,4150,4180,4105,4320,4435,4110,4140,4105,4115,4195,4205,4170,4320
9880,イノテック,3610,3485,3445,3165,3135,3250,3315,3370,3455,3470,3350,3335,3570,3515,3645,3660,3690,3635,3820,3865,3865,3860,4120,4025,4060,4250,4460,4370,4600,4625,4370,4385,4195,4135,4210,4195,4095,4235,4260,4545,4600,4495,4365,4360,4340,4680,4670,4490,4465,4250,4760,4540,4045,3460,3315,3445,3445,3220,3325,2850,2879,2814,2805,2756,2728,2758,2803,2826,2899,2939,2910,2711,2631,2613
5253,カバー,1509,1471,1520,1602,1602,1700,1650,,1724,1714,1746,1688,1702,1698,1651,1645,1649,1677,1655,1629,1561,1469,1366,1377,1370,1220,1197,1218,1279,1314,1380,1470,1458,1443,1460,1522,1538,1620,1642,1685,1669,1657,1639,1647,1596,1621,1764,1832,1765,1700,1708,1585,1529,1447,1452,1417,1453,1450,1428,1436,1385,1394,1373,1408,1430,1452,1458,1475,1474,1504,1482,1449,1432,1473
9104,商船三井,6064,5833,5974,5955,5984,5895,6022,5881,5820,5784,5690,5688,5617,5505,5398,5460,5550,5491,5344,5395,5277,5123,5215,5290,5296,5301,5380,5447,5342,5333,5345,5420,5532,5750,5811,5785,5815,5878,5849,5856,5608,5485,5509,5532,5508,5581,5693,5705,5828,5810,5888,5942,5925,5901,5989,5971,5898,5810,5980,5992,6127,6039,5950,6187,6155,6156,6140,6284,6419,6433,6448,6475,6596,6604
6366,千代田化工建,679,655,665,648,703,734,726,707,708,716,695,664,702,677,691,695,701,734,760,755,699,695,678,690,686,683,733,740,737,747,795,818,821,770,837,730,669,699,718,743,731,733,726,770,776,835,868,750,740,757,785,817,842,856,859,833,994,1008,1059,1025,1071,1074,1060,1074,1083,1072,1116,1173,1226,1190,1193,1178,1163,1213
6140,旭ダイヤモンド,1140,1107,1122,1073,1085,1133,1146,,1158,1169,1174,1190,1242,1187,1197,1203,1199,1192,1245,1273,1249,1234,1245,1240,1238,1240,1244,1250,1345,1345,1359,1337,1348,1329,1319,1263,1221,1260,1315,1353,1329,1346,1358,1385,1368,1439,1399,1380,1320,1295,1316,1318,1387,1417,1397,1372,1348,1336,1327,1301,1305,1319,1324,1352,1331,1325,1363,1430,1339,1192,1202,1186,1181,1194
1514,住石ホールディングス,604,606,582,577,586,592,602,607,607,603,586,583,593,592,587,587,566,560,585,586,550,550,529,529,537,528,532,544,554,559,534,561,566,555,557,560,555,561,583,588,569,569,571,595,615,629,606,612,605,617,634,681,725,731,742,753,755,760,755,766,795,784,784,818,847,872,870,876,878,902,856,856,886,880
5631,日本製鋼所,7770,7602,7755,7410,7512,7711,7872,7850,7815,7633,7558,7759,7848,7749,7892,8061,8150,8647,8697,8550,8100,8078,7977,7840,7929,7968,8024,8157,8280,8190,8317,8618,8479,7883,7963,7628,7173,7320,7786,8143,7466,7438,7451,7922,8210,8450,8122,7965,8085,8179,8141,7901,8253,8870,8928,9169,9387,9375,9432,9530,9768,9880,9807,9973,9837,9525,9545,9292,9245,9376,9850,9916,9862,10005
6674,ジーエス・ユアサコーポ,5769,5564,5673,5386,5439,5678,5850,5973,6117,6149,5820,5855,6126,6008,6324,6362,6251,6392,6652,6825,6798,6794,6788,6711,6774,7125,7447,7267,7603,7899,7108,6786,6880,6750,6432,6536,6357,6819,6940,7466,7600,7542,7070,6790,6471,6524,6373,6244,6184,6336,6420,6432,6712,6515,6948,6841,6863,6635,6670,6392,6362,6200,6361,6323,6437,6536,6820,6801,6813,6846,6812,6688,6436,6331
6955,ＦＤＫ,394,387,399,394,397,410,410,,420,425,413,411,434,443,449,448,435,444,457,489,499,501,502,507,510,520,535,526,560,552,521,527,536,520,517,523,517,600,674,574,549,517,470,451,452,434,416,418,415,420,422,418,437,434,436,442,443,459,479,434,447,454,460,456,456,450,465,462,461,469,466,460,454,484
281A,インフォメティス,477,459,431,424,429,446,460,529,475,480,475,470,518,527,538,525,499,519,652,652,629,691,666,713,750,735,798,737,673,623,620,663,657,728,634,566,572,555,601,645,705,709,740,859,891,897,923,823,788,841,932,850,860,771,772,840,842,819,762,752,730,785,849,822,822,885,1060,958,857,840,780,764,718,743
6356,日本ギア工業,1347,1305,1396,1285,1312,1386,1400,1418,1421,1438,1411,1514,1579,1574,1545,1509,1549,1570,1715,1895,1668,1567,1515,1520,1579,1509,1530,1544,1593,1609,1570,1606,1678,1445,1460,1475,1391,1555,1534,1653,1507,1530,1515,1741,1728,1845,1594,1509,1395,1415,1473,1511,1439,1514,1680,1591,1550,1542,1507,1628,1743,1764,1693,1768,1526,1269,1326,1362,1365,1406,1368,1352,1315,1364
7711,助川電気工業,4495,4355,4340,4220,4270,4450,4530,,4830,4810,4640,4865,5220,5160,4860,4820,4900,5070,5250,5190,5050,4985,4915,4975,5070,5030,5180,5180,5460,5840,5690,5740,5650,4985,4940,4880,4655,4840,5240,5720,5140,5240,5340,5450,5510,5980,5560,5370,5180,5210,5440,5470,5610,5710,5730,5860,6070,6200,6830,6010,6110,6220,6380,6640,6720,6620,6390,6450,6370,6470,6350,6420,6400,6490
6376,日機装,3985,3805,3810,3640,3740,3995,4095,4020,4095,4165,4155,3880,3930,3810,3720,3790,3810,3915,4090,4200,4085,4030,4135,4230,4240,4295,4215,4060,4160,4090,4010,4080,3970,3780,3900,3695,3600,3665,3295,3345,3215,3200,3300,3340,3300,3530,3475,3250,3120,2941,3100,3050,2939,2687,2682,2739,2693,2664,2717,2673,2683,2634,2680,2694,2588,2581,2670,2680,2734,2778,2890,2899,2845,2840
9115,明海グループ,864,822,815,792,894,908,924,900,898,894,841,842,865,834,830,844,847,830,849,861,841,840,822,814,829,800,800,818,840,781,790,814,839,848,853,905,919,940,989,1017,1011,1066,1070,1145,1170,1197,1198,1156,1147,1146,1208,1247,1253,1272,1232,1278,1278,1303,1335,1313,1277,1281,1217,1209,1245,1253,1300,1313,1313,1315,1377,1340,1450,1330
3864,三菱製紙,1160,1150,1144,1122,1124,1140,1154,1197,1210,1186,1226,1100,1118,1087,1070,1017,1012,1022,1023,1027,1018,1020,1027,1029,1048,1054,1044,1036,1048,1041,1050,1077,1087,1091,1106,1078,1070,1081,1058,1061,1063,1072,1064,1137,1136,1117,1106,1119,1090,1038,1079,1038,1017,941,931,945,949,953,941,939,943,952,967,961,965,991,987,996,998,995,951,932,934,923
6997,日本ケミコン,3305,3250,3130,2775,2881,3010,3325,3375,3430,3510,3220,3375,3735,3710,4130,4140,4080,4480,4905,5550,5600,5620,5900,5650,5870,6100,6180,6090,6040,6190,5940,5690,5240,4800,4790,4545,4225,4420,4730,5160,5130,5020,5670,5080,4380,4210,4065,3425,3110,3110,3080,3120,3550,3540,3205,3300,3300,3255,3140,2670,2741,2462,2397,2350,2454,2457,2494,2484,2277,2290,2074,1958,1769,1718
4544,ＨＵグループＨＤ,3364,3400,3469,3592,3612,3496,3434,3349,3323,3372,3408,3409,3375,3383,3400,3397,3487,3523,3470,3450,3431,3415,3304,3300,3354,3245,3239,3205,3172,3185,3173,3189,3251,3257,3392,3439,3479,3485,3366,3419,3298,3339,3164,3210,3168,3173,3195,3195,3251,3264,3256,3224,3235,3274,3161,3147,3130,3188,3173,3111,3141,3281,3285,3202,3194,3180,3188,3174,3189,3200,3212,3169,3143,3216
6848,東亜ディーケーケー,859,862,859,854,855,854,857,,855,858,856,856,857,861,860,856,856,874,874,866,864,854,874,876,868,858,865,866,886,888,865,863,871,859,859,877,878,857,867,886,861,878,870,864,865,869,865,865,862,875,878,877,871,880,881,880,883,880,877,868,883,876,880,881,883,884,880,888,879,874,875,875,878,882
5702,大紀アルミニウム,1546,1545,1500,1469,1471,1486,1510,1506,1517,1504,1487,1494,1526,1515,1509,1487,1477,1489,1523,1536,1520,1510,1507,1506,1536,1541,1599,1639,1664,1682,1682,1745,1753,1798,1877,1880,1831,1861,1879,1938,1958,2039,1965,2017,1973,2074,1997,1922,1877,1821,1839,1840,1899,1941,1609,1627,1621,1613,1544,1508,1524,1491,1467,1468,1491,1497,1545,1520,1556,1578,1612,1619,1580,1598
7952,河合楽器,3625,3560,3520,3420,3405,3465,3320,3305,3300,3310,3300,3320,3205,3260,3220,3260,3220,3265,3295,3300,3265,3270,3320,3235,3380,3385,3360,3340,3335,3370,3385,3300,3340,3295,3220,3050,3090,3245,3230,3240,3235,3245,3250,3320,3240,3055,3035,2993,2984,3100,3155,3170,3225,3015,3000,2959,2828,2783,2840,2794,2801,2876,2834,2899,3020,3090,3100,3070,3130,3155,3070,3035,3045,3045
3002,グンゼ,4030,4040,4090,4075,4080,4075,4065,,3985,4000,4005,4000,4005,4005,3995,4075,4045,4055,4070,4040,4020,3965,3880,3895,3875,3875,3880,3835,3850,3850,3865,3865,3835,3820,3865,3880,3750,3780,3700,3745,3695,3710,3690,3745,3710,3725,3675,3695,3705,3725,3735,3740,3765,3825,3615,3635,3645,3630,3640,3630,3670,3710,3685,3730,3730,3830,3950,3950,3940,3935,3915,3930,3955,3995
8871,ゴールドクレスト,3290,3325,3335,3375,3420,3405,3400,,3365,3385,3385,3405,3395,3405,3365,3375,3380,3450,3385,3340,3325,3310,3305,3340,3340,3275,3250,3250,3255,3290,3290,3265,3345,3350,3420,3370,3375,3350,3300,3280,3300,3400,3480,3645,3605,3670,3515,3585,3620,3665,3770,3725,3850,3320,3360,3350,3335,3340,3365,3355,3340,3375,3370,3325,3335,3400,3440,3445,3485,3495,3505,3500,3510,3550
6918,アバールデータ,3230,3150,3160,3005,3110,3125,3225,,3360,3330,3215,3200,3330,3250,3330,3380,3190,3210,3350,3470,3395,3380,3465,3320,3330,3390,3485,3460,3525,3595,3500,3500,3345,3335,3240,3130,2978,3070,3090,3295,3350,3430,3530,3570,3565,3430,3515,3505,3485,3525,3750,3790,3615,3645,3665,3750,3700,3330,3320,3140,2944,3000,3050,3070,3030,3100,3075,2980,2875,2854,2896,2894,2814,2786
6488,ヨシタケ,994,997,1000,990,986,986,985,986,986,987,980,976,983,983,980,971,967,962,970,966,975,968,945,940,939,936,937,942,948,947,939,930,930,920,921,921,920,931,933,939,938,939,931,933,939,943,960,972,973,967,980,988,995,1014,938,940,947,946,935,943,944,944,940,940,934,935,953,959,960,956,946,948,945,945
8007,高島,802,813,818,817,815,814,805,798,799,796,793,788,790,782,790,784,775,776,777,774,765,763,765,768,765,752,753,750,749,756,751,753,761,765,763,746,740,744,740,744,735,734,729,767,765,755,750,748,746,745,758,770,802,785,777,779,782,789,796,794,799,798,774,777,776,787,797,805,812,816,821,818,820,830
4218,ニチバン,1941,1946,1967,1977,1980,1947,1935,1916,1920,1928,1950,1935,1916,1924,1915,1912,1922,1923,1914,1908,1907,1903,1897,1889,1895,1873,1861,1850,1842,1838,1858,1850,1855,1845,1848,1850,1841,1829,1822,1811,1816,1813,1818,1852,1866,1865,1875,1874,1875,1881,1897,1900,1914,1920,1854,1833,1830,1846,1857,1838,1825,1825,1825,1846,1857,1883,1889,1898,1893,1897,1895,1898,1898,1913
7735,ＳＣＲＥＥＮホールディングス,13175,12535,13800,12445,13270,14735,16215,16795,17355,17695,17070,17445,19020,18240,18690,18530,18055,17490,18020,19065,18945,18870,19770,18350,16875,17815,17640,16830,17495,17455,17160,16550,15375,15720,14985,14225,13080,13690,11940,13075,13465,13420,11370,11290,11215,11550,11180,11105,10990,10730,11035,11405,12525,13155,11460,11630,11675,11380,11325,10680,10450,10795,11070,10730,10765,10625,10920,10815,11120,11310,11370,11230,10815,10780
3905,データセクション,2407,2251,2193,1960,2109,2283,2331,2389,2520,2597,2618,2605,2998,2877,3090,3000,2936,2838,3080,3305,3225,3360,3545,3750,4275,4680,5010,4905,5110,5410,5950,5360,5030,5240,5100,4645,4715,4470,5040,5740,5690,5060,4865,6140,5140,4820,5000,4800,4100,3465,3345,2843,2465,2367,2318,2498,2550,2089,1689,1509,1515,1503,1478,1519,1545,1590,1673,1648,1619,1680,1509,1451,1369,1418
3397,トリドールホールディングス,4325,4367,4421,4660,4597,4310,4198,4098,4057,4160,4225,4224,4123,4167,4038,4012,4111,4054,3997,3907,3959,3910,3844,3900,3889,3781,3787,3693,3600,3614,3603,3653,3742,3754,3820,3913,3923,3869,3809,3755,3822,3869,3853,3841,3790,3739,3913,3858,3897,3925,3864,3806,3965,3980,4030,3950,3975,4052,4014,4039,4099,4108,4106,4100,4139,4169,4230,4215,4212,4320,4272,4277,4330,4365
7270,ＳＵＢＡＲＵ,2633.5,2670,2771.5,2881.5,2850,2709,2663.5,2594,2611.5,2624,2601.5,2544.5,2503,2507.5,2521,2510.5,2512,2570,2608.5,2616,2562,2518,2436,2426,2430,2407,2421,2416,2442.5,2465.5,2524,2595.5,2601.5,2564.5,2585,2533.5,2512,2582,2535,2501,2523.5,2492,2448.5,2488,2487.5,2470,2497.5,2489,2507.5,2471.5,2451,2461.5,2717.5,2402,2348.5,2326,2389.5,2398.5,2379.5,2381,2377.5,2490.5,2461,2498,2522,2537.5,2571.5,2576.5,2565.5,2578,2538,2548,2529.5,2558
6736,サン電子,10690,9870,9960,9220,9620,9710,10120,9260,9210,9280,9460,9100,9200,9690,9980,10850,10940,11410,12850,10880,9600,9680,8860,8820,9110,9150,8930,9150,9200,9240,9200,9290,9250,9250,9170,8890,9060,9270,8730,8760,9090,9250,9500,9320,9240,9320,9340,9420,9800,9030,9690,9720,9120,8760,8600,8920,9070,8830,8630,8660,8690,8340,8310,8180,8240,8360,8050,8210,8440,8010,7840,8000,8220,8850
2933,紀文食品,1105,1106,1109,1118,1119,1097,1094,,1087,1087,1093,1093,1088,1086,1085,1083,1083,1085,1079,1074,1076,1074,1069,1074,1080,1068,1063,1068,1062,1067,1065,1059,1057,1050,1053,1054,1051,1051,1048,1041,1029,1028,1027,1049,1047,1038,1043,1046,1048,1050,1048,1059,1042,1033,1037,1033,1029,1034,1039,1041,1032,1028,1033,1044,1041,1052,1065,1066,1064,1062,1058,1059,1064,1064
4047,関東電化,2868,2807,2755,2534,2596,2663,2830,2906,2965,3060,2829,2827,3095,3075,3105,3195,3140,3225,3370,3610,3480,3480,3655,3650,3715,3935,4120,3945,3950,4140,4080,4025,3965,3870,4170,4270,4025,4165,3985,4400,4405,3860,3565,3775,3485,3550,3490,3125,2970,2775,2940,2550,2148,2187,2120,2029,1914,1864,1860,1719,1694,1700,1679,1660,1661,1671,1681,1654,1665,1687,1764,1709,1653,1635
6482,ＹＵＳＨＩＮ,681,668,694,678,671,686,695,694,694,697,695,678,671,674,689,691,693,702,708,716,693,709,700,702,713,720,721,726,746,755,754,785,780,713,704,684,675,689,667,673,671,662,658,678,681,678,722,721,714,712,736,746,755,756,735,744,703,686,695,681,669,669,663,672,671,680,685,680,678,685,689,686,686,688
6706,電気興業,3110,3110,3130,3090,3030,3010,3045,,3025,3055,2939,2976,3045,3020,3085,3095,3090,2999,3055,3045,3045,3110,3065,3160,3125,3145,3155,3140,3225,3295,3225,3180,3240,3275,3300,3245,3290,3385,3435,3505,3500,3545,3515,3580,3520,3510,3535,3440,3485,3430,3490,3545,3500,3515,3515,3565,3455,3435,3500,3360,3335,3345,3325,3340,3330,3320,3335,3340,3330,3305,3335,3250,3175,3115
8141,新光商事,1580,1569,1565,1573,1580,1581,1587,,1590,1590,1598,1616,1625,1593,1589,1589,1591,1591,1590,1594,1592,1592,1591,1593,1585,1577,1578,1580,1605,1599,1583,1585,1584,1581,1582,1584,1582,1584,1585,1588,1590,1580,1580,1579,1584,1601,1606,1616,1617,1613,1620,1642,1565,1606,1638,1717,1772,1719,1772,1671,1662,1601,1554,1565,1599,1584,1583,1570,1497,1491,1434,1470,1483,1421
8344,山形銀行,4005,3805,3865,3790,4015,4150,4220,4030,4070,3890,3810,3900,3930,3780,3790,3865,3850,3935,4245,4050,4010,3875,3610,3550,3455,3385,3345,3355,3465,3395,3485,3545,3660,3580,3600,3540,3445,3430,3075,3105,3080,3065,3060,3175,3115,3105,3025,3165,3150,3010,2980,2891,2678,2637,2616,2586,2552,2570,2627,2545,2545,2563,2413,2482,2521,2630,2736,2799,2807,2797,2780,2706,2702,2729
7414,小野建,1423,1433,1464,1468,1468,1446,1447,,1435,1432,1421,1424,1430,1393,1395,1389,1381,1384,1378,1375,1357,1348,1337,1341,1348,1332,1331,1338,1331,1332,1339,1343,1344,1329,1332,1323,1315,1311,1325,1333,1315,1317,1312,1360,1346,1343,1329,1331,1339,1349,1351,1379,1463,1446,1448,1455,1437,1447,1448,1415,1396,1402,1388,1390,1385,1399,1413,1410,1407,1419,1425,1418,1423,1432
6407,ＣＫＤ,6380,5960,6240,5420,5600,6140,6350,,6880,6930,6630,6420,7280,6750,7350,7370,7010,6990,7370,7660,7580,7670,7920,7620,7530,7840,8120,7660,8330,8210,8130,8090,7540,7560,7450,6910,6200,6320,5990,6370,6540,6630,6420,6760,6800,7100,7240,7340,6420,6100,6200,6600,7470,7170,6960,7170,6820,6650,6950,6100,6110,5870,5900,5580,5810,5810,5690,5760,5700,5790,5860,5870,6010,5620
7048,ベルトラ,160,164,162,160,158,163,162,,160,166,180,180,184,182,179,177,167,166,168,175,173,173,166,168,168,169,180,196,219,174,161,158,133,129,163,119,121,124,129,133,128,130,132,136,136,137,143,145,145,147,150,151,154,163,165,164,166,165,163,163,162,166,165,167,171,178,186,190,190,182,179,176,174,178
1808,長谷工コーポレーシヨン,2736,2778.5,2823,2882,2902.5,2860,2856,2775,2797,2822.5,2854.5,2858,2835.5,2820,2824.5,2876.5,2829.5,2894.5,2898,2898,2870.5,2826,2843.5,2874,2894,2858.5,2782,2760,2772,2739,2730,2714,2743,2729.5,2762,2770,2763,2732,2659,2672.5,2648.5,2644,2638,2741,2730.5,2721,2724.5,2745,2769.5,2790,2871,2897.5,2728,2790,2822,2827,2790,2780,2799,2748.5,2801,2818,2743.5,2727,2749,2767.5,2816,2839,2782.5,2833.5,2765.5,2884.5,2915.5,2931.5
4208,ＵＢＥ,3179,3185,3202,3203,3230,3310,3329,,3279,3283,3248,3263,3290,3227,3188,3191,3182,3213,3270,3279,3244,3210,3203,3208,3180,3193,3188,3151,3223,3238,3321,3350,3200,3244,3214,3090,3015,3028,2955,2955,2992,3006,2951.5,3004,2984.5,3051,3044,3049,3067,2890.5,2425.5,2418,2450,2501,2361.5,2362,2394,2396.5,2412.5,2383.5,2374,2397.5,2376.5,2370,2363,2411.5,2427.5,2457,2454,2437.5,2437.5,2438,2448,2489
186A,アストロスケールホールディンク,1144,1045,1022,1020,1021,1021,1037,1092,1092,1074,1005,1004,1120,1094,1214,1128,1133,1127,1210,1262,1224,1166,1195,1225,1161,1197,1192,1223,1290,1358,1285,1409,1454,1478,1676,1975,1819,1837,2150,2220,1997,2245,2200,2958,2993,3015,2852,2352,2079,2148,2170,2100,2048,1899,1854,1866,1810,1570,1437,1347,1311,1320,1334,1405,1459,1484,1500,1493,1422,1409,1435,1420,1352,1373
6965,浜松ホトニクス,2419,2347,2347,2225,2228,2304.5,2372,,2488,2445,2352,2368,2522,2455.5,2551.5,2551,2476,2508,2568.5,2682,2669,2724,2757.5,2703.5,2661,2741,2765.5,2746,2837.5,2887,2864,2843.5,2794.5,2669.5,2676,2587,2428,2504,2696.5,2912.5,2964,2915,2855,2997,2824,2941.5,3100,2923,2759,2668.5,2829.5,2875,2657,2241,2162.5,2239.5,2245,2207.5,2163,2034.5,2062,2047,2068.5,1942,1967.5,1963,1972,1986.5,1994,1977,1956.5,1973,1961.5,1970.5
6331,三菱化工機,3180,3105,3345,3150,3235,3395,3405,3425,3420,3380,3275,3300,3490,3430,3610,3620,3630,3855,4010,4015,3825,3795,3785,3795,3865,3895,3975,3945,4180,4145,4090,4120,4100,3910,3840,3740,3645,3720,3590,3635,3720,3680,3450,3690,3705,3800,3525,3560,3560,3610,3880,3845,3675,3385,3345,3350,3320,3295,3345,3310,3225,3280,3320,3235,3185,3065,3065,3065,3060,3075,3150,3140,3175,3255
7741,ＨＯＹＡ,25925,25275,25330,24375,24035,24625,24880,24690,25155,25585,25630,25215,25925,25965,25515,25370,24820,25405,26055,26100,26190,25925,26265,26255,25805,26710,26850,26510,27230,27355,28880,28720,27685,27255,26975,26545,25920,25750,25800,26395,27495,27575,26385,27510,27400,27835,26455,26885,27130,26970,27700,28050,28465,28135,27825,27870,27585,27940,28345,29200,29700,29380,29260,28670,28700,29185,29555,29795,29840,30030,30400,29770,29390,30030
1321,ＮＦ日経２２５,66460,66110,67710,65120,65360,65690,67540,67900,69320,69920,68450,68010,71190,70160,71490,71770,70850,70880,72500,73660,73140,73180,75310,73960,72950,74610,75920,73460,76090,76330,75500,74690,73360,73210,72880,70150,67390,68120,67760,70100,71040,71950,70300,69580,68180,69540,68410,66360,64900,63270,64320,64640,66150,66740,66260,66130,66400,65630,66110,62470,62240,63230,63690,62480,62950,62440,62350,61900,62130,62430,61360,60640,59370,59640
1944,きんでん,7179,7089,7583,7390,7655,7862,7838,7520,7512,7434,7260,7347,7564,7450,7675,7880,7883,8130,8246,8107,7980,7930,8077,8094,8189,8263,8500,8412,8572,8382,8317,8060,7829,7375,7342,6982,6844,7214,6816,6672,6608,6804,6817,7261,7305,7342,7244,6930,6948,7050,7050,7440,7815,8005,8207,8422,8386,8422,8525,8324,8382,7932,7094,7241,7189,7042,7124,7196,7150,7148,7369,7498,7449,7500
7532,パンパシフィックＨＤ,899.9,906.9,928.9,973,984.5,927.8,894,871,862,869.4,895.9,903.9,874.5,890.6,873.5,867.6,877.8,882.6,869.8,852.7,847.6,829.5,818.1,854,846.4,828,831,832,824.4,822.3,828.7,845.4,852.4,836.3,858.6,869.7,893.5,851.8,856,843.7,844.4,829.4,833.5,907.4,861.9,819.4,865,878.4,873.2,895.5,889.8,888.5,871.3,875.2,895.3,903.5,915.5,897.8,892.2,899.9,890.3,910.5,920.6,921.6,945.7,956.5,962.3,959.3,963.1,972.2,971.9,964.5,969,952.6
